<?xml version="1.0" encoding="UTF-8"?>
<gpx creator="Garmin Connect" version="1.1"
  xsi:schemaLocation="http://www.topografix.com/GPX/1/1 http://www.topografix.com/GPX/11.xsd"
  xmlns:ns3="http://www.garmin.com/xmlschemas/TrackPointExtension/v1"
  xmlns="http://www.topografix.com/GPX/1/1"
  xmlns:xsi="http://www.w3.org/2001/XMLSchema-instance" xmlns:ns2="http://www.garmin.com/xmlschemas/GpxExtensions/v3">
  <metadata>
    <link href="connect.garmin.com">
      <text>Garmin Connect</text>
    </link>
    <time>2026-04-13T00:22:57.000Z</time>
  </metadata>
  <trk>
    <name>Dove Lake to Marians Lookout</name>
    <desc></desc>
    <type>hiking</type>
    <trkseg>
      <trkpt lat="-41.6501891613006591796875" lon="145.9610025398433208465576171875">
        <ele>945.4000244140625</ele>
        <time>2026-04-13T00:22:57.000Z</time>
        <extensions>
          <ns3:TrackPointExtension/>
        </extensions>
      </trkpt>
      <trkpt lat="-41.6501893289387226104736328125" lon="145.9610025398433208465576171875">
        <ele>945.4000244140625</ele>
        <time>2026-04-13T00:22:58.000Z</time>
        <extensions>
          <ns3:TrackPointExtension/>
        </extensions>
      </trkpt>
      <trkpt lat="-41.6501953639090061187744140625" lon="145.961029864847660064697265625">
        <ele>945.20001220703125</ele>
        <time>2026-04-13T00:23:03.000Z</time>
        <extensions>
          <ns3:TrackPointExtension/>
        </extensions>
      </trkpt>
      <trkpt lat="-41.65022662840783596038818359375" lon="145.9611064754426479339599609375">
        <ele>944.4000244140625</ele>
        <time>2026-04-13T00:23:08.000Z</time>
        <extensions>
          <ns3:TrackPointExtension/>
        </extensions>
      </trkpt>
      <trkpt lat="-41.65025822818279266357421875" lon="145.96112248487770557403564453125">
        <ele>944</ele>
        <time>2026-04-13T00:23:19.000Z</time>
        <extensions>
          <ns3:TrackPointExtension/>
        </extensions>
      </trkpt>
      <trkpt lat="-41.65025889873504638671875" lon="145.96112315542995929718017578125">
        <ele>944</ele>
        <time>2026-04-13T00:23:29.000Z</time>
        <extensions>
          <ns3:TrackPointExtension/>
        </extensions>
      </trkpt>
      <trkpt lat="-41.65025554597377777099609375" lon="145.96113136969506740570068359375">
        <ele>943.79998779296875</ele>
        <time>2026-04-13T00:23:36.000Z</time>
        <extensions>
          <ns3:TrackPointExtension/>
        </extensions>
      </trkpt>
      <trkpt lat="-41.6502629220485687255859375" lon="145.96113723702728748321533203125">
        <ele>943.79998779296875</ele>
        <time>2026-04-13T00:23:39.000Z</time>
        <extensions>
          <ns3:TrackPointExtension/>
        </extensions>
      </trkpt>
      <trkpt lat="-41.6502630896866321563720703125" lon="145.961145870387554168701171875">
        <ele>943.5999755859375</ele>
        <time>2026-04-13T00:23:56.000Z</time>
        <extensions>
          <ns3:TrackPointExtension/>
        </extensions>
      </trkpt>
      <trkpt lat="-41.65028127841651439666748046875" lon="145.961172692477703094482421875">
        <ele>943.20001220703125</ele>
        <time>2026-04-13T00:23:59.000Z</time>
        <extensions>
          <ns3:TrackPointExtension/>
        </extensions>
      </trkpt>
      <trkpt lat="-41.65036425925791263580322265625" lon="145.961094237864017486572265625">
        <ele>943</ele>
        <time>2026-04-13T00:24:07.000Z</time>
        <extensions>
          <ns3:TrackPointExtension/>
        </extensions>
      </trkpt>
      <trkpt lat="-41.6503827832639217376708984375" lon="145.96107286401093006134033203125">
        <ele>943.20001220703125</ele>
        <time>2026-04-13T00:24:09.000Z</time>
        <extensions>
          <ns3:TrackPointExtension/>
        </extensions>
      </trkpt>
      <trkpt lat="-41.65039326064288616180419921875" lon="145.961064398288726806640625">
        <ele>943</ele>
        <time>2026-04-13T00:24:10.000Z</time>
        <extensions>
          <ns3:TrackPointExtension/>
        </extensions>
      </trkpt>
      <trkpt lat="-41.6505443863570690155029296875" lon="145.96091645769774913787841796875">
        <ele>943.20001220703125</ele>
        <time>2026-04-13T00:24:26.000Z</time>
        <extensions>
          <ns3:TrackPointExtension/>
        </extensions>
      </trkpt>
      <trkpt lat="-41.65057028643786907196044921875" lon="145.96090857870876789093017578125">
        <ele>943</ele>
        <time>2026-04-13T00:24:37.000Z</time>
        <extensions>
          <ns3:TrackPointExtension/>
        </extensions>
      </trkpt>
      <trkpt lat="-41.6505753993988037109375" lon="145.96091025508940219879150390625">
        <ele>943</ele>
        <time>2026-04-13T00:24:41.000Z</time>
        <extensions>
          <ns3:TrackPointExtension/>
        </extensions>
      </trkpt>
      <trkpt lat="-41.65064203552901744842529296875" lon="145.9609133563935756683349609375">
        <ele>942</ele>
        <time>2026-04-13T00:24:47.000Z</time>
        <extensions>
          <ns3:TrackPointExtension/>
        </extensions>
      </trkpt>
      <trkpt lat="-41.65066868998110294342041015625" lon="145.96092098392546176910400390625">
        <ele>941.79998779296875</ele>
        <time>2026-04-13T00:24:50.000Z</time>
        <extensions>
          <ns3:TrackPointExtension/>
        </extensions>
      </trkpt>
      <trkpt lat="-41.65073842741549015045166015625" lon="145.96095987595617771148681640625">
        <ele>941</ele>
        <time>2026-04-13T00:24:57.000Z</time>
        <extensions>
          <ns3:TrackPointExtension/>
        </extensions>
      </trkpt>
      <trkpt lat="-41.6508947499096393585205078125" lon="145.96107085235416889190673828125">
        <ele>939</ele>
        <time>2026-04-13T00:25:11.000Z</time>
        <extensions>
          <ns3:TrackPointExtension/>
        </extensions>
      </trkpt>
      <trkpt lat="-41.6509135253727436065673828125" lon="145.96109465695917606353759765625">
        <ele>938.79998779296875</ele>
        <time>2026-04-13T00:25:14.000Z</time>
        <extensions>
          <ns3:TrackPointExtension/>
        </extensions>
      </trkpt>
      <trkpt lat="-41.650986783206462860107421875" lon="145.961283333599567413330078125">
        <ele>937.5999755859375</ele>
        <time>2026-04-13T00:25:27.000Z</time>
        <extensions>
          <ns3:TrackPointExtension/>
        </extensions>
      </trkpt>
      <trkpt lat="-41.6509993560612201690673828125" lon="145.96133035607635974884033203125">
        <ele>937.5999755859375</ele>
        <time>2026-04-13T00:25:30.000Z</time>
        <extensions>
          <ns3:TrackPointExtension/>
        </extensions>
      </trkpt>
      <trkpt lat="-41.65111628361046314239501953125" lon="145.96142339520156383514404296875">
        <ele>936.5999755859375</ele>
        <time>2026-04-13T00:25:41.000Z</time>
        <extensions>
          <ns3:TrackPointExtension/>
        </extensions>
      </trkpt>
      <trkpt lat="-41.65121988393366336822509765625" lon="145.961430855095386505126953125">
        <ele>936.4000244140625</ele>
        <time>2026-04-13T00:25:50.000Z</time>
        <extensions>
          <ns3:TrackPointExtension/>
        </extensions>
      </trkpt>
      <trkpt lat="-41.651226170361042022705078125" lon="145.9614219702780246734619140625">
        <ele>936.4000244140625</ele>
        <time>2026-04-13T00:25:51.000Z</time>
        <extensions>
          <ns3:TrackPointExtension/>
        </extensions>
      </trkpt>
      <trkpt lat="-41.651235558092594146728515625" lon="145.96140998415648937225341796875">
        <ele>936.4000244140625</ele>
        <time>2026-04-13T00:25:52.000Z</time>
        <extensions>
          <ns3:TrackPointExtension/>
        </extensions>
      </trkpt>
      <trkpt lat="-41.65124301798641681671142578125" lon="145.961397327482700347900390625">
        <ele>936.4000244140625</ele>
        <time>2026-04-13T00:25:53.000Z</time>
        <extensions>
          <ns3:TrackPointExtension/>
        </extensions>
      </trkpt>
      <trkpt lat="-41.65125005878508090972900390625" lon="145.96138416789472103118896484375">
        <ele>936.4000244140625</ele>
        <time>2026-04-13T00:25:54.000Z</time>
        <extensions>
          <ns3:TrackPointExtension/>
        </extensions>
      </trkpt>
      <trkpt lat="-41.65125735104084014892578125" lon="145.96137025393545627593994140625">
        <ele>936.5999755859375</ele>
        <time>2026-04-13T00:25:55.000Z</time>
        <extensions>
          <ns3:TrackPointExtension/>
        </extensions>
      </trkpt>
      <trkpt lat="-41.65126598440110683441162109375" lon="145.96135667525231838226318359375">
        <ele>936.5999755859375</ele>
        <time>2026-04-13T00:25:56.000Z</time>
        <extensions>
          <ns3:TrackPointExtension/>
        </extensions>
      </trkpt>
      <trkpt lat="-41.6512742824852466583251953125" lon="145.96134267747402191162109375">
        <ele>936.5999755859375</ele>
        <time>2026-04-13T00:25:57.000Z</time>
        <extensions>
          <ns3:TrackPointExtension/>
        </extensions>
      </trkpt>
      <trkpt lat="-41.6512833349406719207763671875" lon="145.961328931152820587158203125">
        <ele>936.5999755859375</ele>
        <time>2026-04-13T00:25:58.000Z</time>
        <extensions>
          <ns3:TrackPointExtension/>
        </extensions>
      </trkpt>
      <trkpt lat="-41.65129356086254119873046875" lon="145.9613166935741901397705078125">
        <ele>936.79998779296875</ele>
        <time>2026-04-13T00:25:59.000Z</time>
        <extensions>
          <ns3:TrackPointExtension/>
        </extensions>
      </trkpt>
      <trkpt lat="-41.65130085311830043792724609375" lon="145.961304791271686553955078125">
        <ele>936.79998779296875</ele>
        <time>2026-04-13T00:26:00.000Z</time>
        <extensions>
          <ns3:TrackPointExtension/>
        </extensions>
      </trkpt>
      <trkpt lat="-41.65130889974534511566162109375" lon="145.96129414625465869903564453125">
        <ele>936.79998779296875</ele>
        <time>2026-04-13T00:26:01.000Z</time>
        <extensions>
          <ns3:TrackPointExtension/>
        </extensions>
      </trkpt>
      <trkpt lat="-41.6513185389339923858642578125" lon="145.96128392033278942108154296875">
        <ele>936.79998779296875</ele>
        <time>2026-04-13T00:26:02.000Z</time>
        <extensions>
          <ns3:TrackPointExtension/>
        </extensions>
      </trkpt>
      <trkpt lat="-41.6513302735984325408935546875" lon="145.96127218566834926605224609375">
        <ele>936.79998779296875</ele>
        <time>2026-04-13T00:26:03.000Z</time>
        <extensions>
          <ns3:TrackPointExtension/>
        </extensions>
      </trkpt>
      <trkpt lat="-41.65133706294000148773193359375" lon="145.96125927753746509552001953125">
        <ele>937</ele>
        <time>2026-04-13T00:26:04.000Z</time>
        <extensions>
          <ns3:TrackPointExtension/>
        </extensions>
      </trkpt>
      <trkpt lat="-41.651344858109951019287109375" lon="145.961245782673358917236328125">
        <ele>937</ele>
        <time>2026-04-13T00:26:05.000Z</time>
        <extensions>
          <ns3:TrackPointExtension/>
        </extensions>
      </trkpt>
      <trkpt lat="-41.65135147981345653533935546875" lon="145.9612320363521575927734375">
        <ele>937</ele>
        <time>2026-04-13T00:26:06.000Z</time>
        <extensions>
          <ns3:TrackPointExtension/>
        </extensions>
      </trkpt>
      <trkpt lat="-41.651356928050518035888671875" lon="145.9612191282212734222412109375">
        <ele>937</ele>
        <time>2026-04-13T00:26:07.000Z</time>
        <extensions>
          <ns3:TrackPointExtension/>
        </extensions>
      </trkpt>
      <trkpt lat="-41.6513728536665439605712890625" lon="145.961188785731792449951171875">
        <ele>937</ele>
        <time>2026-04-13T00:26:19.000Z</time>
        <extensions>
          <ns3:TrackPointExtension/>
        </extensions>
      </trkpt>
      <trkpt lat="-41.651377379894256591796875" lon="145.961174033582210540771484375">
        <ele>937</ele>
        <time>2026-04-13T00:26:20.000Z</time>
        <extensions>
          <ns3:TrackPointExtension/>
        </extensions>
      </trkpt>
      <trkpt lat="-41.6513795591890811920166015625" lon="145.961157940328121185302734375">
        <ele>937</ele>
        <time>2026-04-13T00:26:21.000Z</time>
        <extensions>
          <ns3:TrackPointExtension/>
        </extensions>
      </trkpt>
      <trkpt lat="-41.65138266049325466156005859375" lon="145.9611446969211101531982421875">
        <ele>937</ele>
        <time>2026-04-13T00:26:22.000Z</time>
        <extensions>
          <ns3:TrackPointExtension/>
        </extensions>
      </trkpt>
      <trkpt lat="-41.651391796767711639404296875" lon="145.961114354431629180908203125">
        <ele>937</ele>
        <time>2026-04-13T00:26:31.000Z</time>
        <extensions>
          <ns3:TrackPointExtension/>
        </extensions>
      </trkpt>
      <trkpt lat="-41.65139556862413883209228515625" lon="145.9611007757484912872314453125">
        <ele>937</ele>
        <time>2026-04-13T00:26:32.000Z</time>
        <extensions>
          <ns3:TrackPointExtension/>
        </extensions>
      </trkpt>
      <trkpt lat="-41.65139682590961456298828125" lon="145.96108275465667247772216796875">
        <ele>937</ele>
        <time>2026-04-13T00:26:33.000Z</time>
        <extensions>
          <ns3:TrackPointExtension/>
        </extensions>
      </trkpt>
      <trkpt lat="-41.651409231126308441162109375" lon="145.96098862588405609130859375">
        <ele>937</ele>
        <time>2026-04-13T00:26:39.000Z</time>
        <extensions>
          <ns3:TrackPointExtension/>
        </extensions>
      </trkpt>
      <trkpt lat="-41.65141434408724308013916015625" lon="145.96097429282963275909423828125">
        <ele>937</ele>
        <time>2026-04-13T00:26:40.000Z</time>
        <extensions>
          <ns3:TrackPointExtension/>
        </extensions>
      </trkpt>
      <trkpt lat="-41.6514189541339874267578125" lon="145.960961468517780303955078125">
        <ele>937</ele>
        <time>2026-04-13T00:26:41.000Z</time>
        <extensions>
          <ns3:TrackPointExtension/>
        </extensions>
      </trkpt>
      <trkpt lat="-41.651425659656524658203125" lon="145.96094763837754726409912109375">
        <ele>937</ele>
        <time>2026-04-13T00:26:42.000Z</time>
        <extensions>
          <ns3:TrackPointExtension/>
        </extensions>
      </trkpt>
      <trkpt lat="-41.65143094025552272796630859375" lon="145.9609324671328067779541015625">
        <ele>937.20001220703125</ele>
        <time>2026-04-13T00:26:43.000Z</time>
        <extensions>
          <ns3:TrackPointExtension/>
        </extensions>
      </trkpt>
      <trkpt lat="-41.65146052837371826171875" lon="145.9608640708029270172119140625">
        <ele>937.4000244140625</ele>
        <time>2026-04-13T00:26:48.000Z</time>
        <extensions>
          <ns3:TrackPointExtension/>
        </extensions>
      </trkpt>
      <trkpt lat="-41.6514633782207965850830078125" lon="145.96084923483431339263916015625">
        <ele>937.5999755859375</ele>
        <time>2026-04-13T00:26:49.000Z</time>
        <extensions>
          <ns3:TrackPointExtension/>
        </extensions>
      </trkpt>
      <trkpt lat="-41.651517860591411590576171875" lon="145.96077807247638702392578125">
        <ele>938</ele>
        <time>2026-04-13T00:26:57.000Z</time>
        <extensions>
          <ns3:TrackPointExtension/>
        </extensions>
      </trkpt>
      <trkpt lat="-41.6515914537012577056884765625" lon="145.960719399154186248779296875">
        <ele>938.4000244140625</ele>
        <time>2026-04-13T00:27:05.000Z</time>
        <extensions>
          <ns3:TrackPointExtension/>
        </extensions>
      </trkpt>
      <trkpt lat="-41.65161215700209140777587890625" lon="145.9607074968516826629638671875">
        <ele>938.5999755859375</ele>
        <time>2026-04-13T00:27:07.000Z</time>
        <extensions>
          <ns3:TrackPointExtension/>
        </extensions>
      </trkpt>
      <trkpt lat="-41.651621796190738677978515625" lon="145.96070028841495513916015625">
        <ele>938.5999755859375</ele>
        <time>2026-04-13T00:27:08.000Z</time>
        <extensions>
          <ns3:TrackPointExtension/>
        </extensions>
      </trkpt>
      <trkpt lat="-41.65163327939808368682861328125" lon="145.9606954269111156463623046875">
        <ele>938.5999755859375</ele>
        <time>2026-04-13T00:27:09.000Z</time>
        <extensions>
          <ns3:TrackPointExtension/>
        </extensions>
      </trkpt>
      <trkpt lat="-41.6516447626054286956787109375" lon="145.960690565407276153564453125">
        <ele>938.79998779296875</ele>
        <time>2026-04-13T00:27:10.000Z</time>
        <extensions>
          <ns3:TrackPointExtension/>
        </extensions>
      </trkpt>
      <trkpt lat="-41.65174174122512340545654296875" lon="145.9605941735208034515380859375">
        <ele>939.79998779296875</ele>
        <time>2026-04-13T00:27:21.000Z</time>
        <extensions>
          <ns3:TrackPointExtension/>
        </extensions>
      </trkpt>
      <trkpt lat="-41.65176428854465484619140625" lon="145.9605220891535282135009765625">
        <ele>940.4000244140625</ele>
        <time>2026-04-13T00:27:26.000Z</time>
        <extensions>
          <ns3:TrackPointExtension/>
        </extensions>
      </trkpt>
      <trkpt lat="-41.65180996991693973541259765625" lon="145.96038638614118099212646484375">
        <ele>941.5999755859375</ele>
        <time>2026-04-13T00:27:36.000Z</time>
        <extensions>
          <ns3:TrackPointExtension/>
        </extensions>
      </trkpt>
      <trkpt lat="-41.651843748986721038818359375" lon="145.96022075973451137542724609375">
        <ele>943.5999755859375</ele>
        <time>2026-04-13T00:27:47.000Z</time>
        <extensions>
          <ns3:TrackPointExtension/>
        </extensions>
      </trkpt>
      <trkpt lat="-41.651843078434467315673828125" lon="145.960084386169910430908203125">
        <ele>945.4000244140625</ele>
        <time>2026-04-13T00:27:56.000Z</time>
        <extensions>
          <ns3:TrackPointExtension/>
        </extensions>
      </trkpt>
      <trkpt lat="-41.65183662436902523040771484375" lon="145.960068963468074798583984375">
        <ele>945.5999755859375</ele>
        <time>2026-04-13T00:27:57.000Z</time>
        <extensions>
          <ns3:TrackPointExtension/>
        </extensions>
      </trkpt>
      <trkpt lat="-41.65183209814131259918212890625" lon="145.960055887699127197265625">
        <ele>945.79998779296875</ele>
        <time>2026-04-13T00:27:58.000Z</time>
        <extensions>
          <ns3:TrackPointExtension/>
        </extensions>
      </trkpt>
      <trkpt lat="-41.65181457996368408203125" lon="145.96001858823001384735107421875">
        <ele>946.20001220703125</ele>
        <time>2026-04-13T00:28:01.000Z</time>
        <extensions>
          <ns3:TrackPointExtension/>
        </extensions>
      </trkpt>
      <trkpt lat="-41.6518110595643520355224609375" lon="145.96000492572784423828125">
        <ele>946.4000244140625</ele>
        <time>2026-04-13T00:28:02.000Z</time>
        <extensions>
          <ns3:TrackPointExtension/>
        </extensions>
      </trkpt>
      <trkpt lat="-41.651758588850498199462890625" lon="145.95989118330180644989013671875">
        <ele>948.79998779296875</ele>
        <time>2026-04-13T00:28:11.000Z</time>
        <extensions>
          <ns3:TrackPointExtension/>
        </extensions>
      </trkpt>
      <trkpt lat="-41.65176353417336940765380859375" lon="145.95979613251984119415283203125">
        <ele>950.20001220703125</ele>
        <time>2026-04-13T00:28:19.000Z</time>
        <extensions>
          <ns3:TrackPointExtension/>
        </extensions>
      </trkpt>
      <trkpt lat="-41.65178566239774227142333984375" lon="145.9597462601959705352783203125">
        <ele>950.5999755859375</ele>
        <time>2026-04-13T00:28:24.000Z</time>
        <extensions>
          <ns3:TrackPointExtension/>
        </extensions>
      </trkpt>
      <trkpt lat="-41.65183712728321552276611328125" lon="145.9596664644777774810791015625">
        <ele>951</ele>
        <time>2026-04-13T00:28:32.000Z</time>
        <extensions>
          <ns3:TrackPointExtension/>
        </extensions>
      </trkpt>
      <trkpt lat="-41.6518982313573360443115234375" lon="145.95959127880632877349853515625">
        <ele>951.4000244140625</ele>
        <time>2026-04-13T00:28:41.000Z</time>
        <extensions>
          <ns3:TrackPointExtension/>
        </extensions>
      </trkpt>
      <trkpt lat="-41.6519119776785373687744140625" lon="145.959556661546230316162109375">
        <ele>951.5999755859375</ele>
        <time>2026-04-13T00:28:44.000Z</time>
        <extensions>
          <ns3:TrackPointExtension/>
        </extensions>
      </trkpt>
      <trkpt lat="-41.651914156973361968994140625" lon="145.9595420770347118377685546875">
        <ele>951.5999755859375</ele>
        <time>2026-04-13T00:28:45.000Z</time>
        <extensions>
          <ns3:TrackPointExtension/>
        </extensions>
      </trkpt>
      <trkpt lat="-41.65191474370658397674560546875" lon="145.959527492523193359375">
        <ele>951.5999755859375</ele>
        <time>2026-04-13T00:28:46.000Z</time>
        <extensions>
          <ns3:TrackPointExtension/>
        </extensions>
      </trkpt>
      <trkpt lat="-41.65191574953496456146240234375" lon="145.9595135785639286041259765625">
        <ele>951.79998779296875</ele>
        <time>2026-04-13T00:28:47.000Z</time>
        <extensions>
          <ns3:TrackPointExtension/>
        </extensions>
      </trkpt>
      <trkpt lat="-41.65191725827753543853759765625" lon="145.959497652947902679443359375">
        <ele>951.79998779296875</ele>
        <time>2026-04-13T00:28:48.000Z</time>
        <extensions>
          <ns3:TrackPointExtension/>
        </extensions>
      </trkpt>
      <trkpt lat="-41.65191843174397945404052734375" lon="145.9594813920557498931884765625">
        <ele>951.79998779296875</ele>
        <time>2026-04-13T00:28:49.000Z</time>
        <extensions>
          <ns3:TrackPointExtension/>
        </extensions>
      </trkpt>
      <trkpt lat="-41.6519339382648468017578125" lon="145.95939212478697299957275390625">
        <ele>952</ele>
        <time>2026-04-13T00:28:55.000Z</time>
        <extensions>
          <ns3:TrackPointExtension/>
        </extensions>
      </trkpt>
      <trkpt lat="-41.6519471816718578338623046875" lon="145.95925617031753063201904296875">
        <ele>952.79998779296875</ele>
        <time>2026-04-13T00:29:04.000Z</time>
        <extensions>
          <ns3:TrackPointExtension/>
        </extensions>
      </trkpt>
      <trkpt lat="-41.65194659493863582611083984375" lon="145.959240160882472991943359375">
        <ele>952.79998779296875</ele>
        <time>2026-04-13T00:29:05.000Z</time>
        <extensions>
          <ns3:TrackPointExtension/>
        </extensions>
      </trkpt>
      <trkpt lat="-41.65194558911025524139404296875" lon="145.95922348089516162872314453125">
        <ele>952.79998779296875</ele>
        <time>2026-04-13T00:29:06.000Z</time>
        <extensions>
          <ns3:TrackPointExtension/>
        </extensions>
      </trkpt>
      <trkpt lat="-41.6519486904144287109375" lon="145.95920805819332599639892578125">
        <ele>952.79998779296875</ele>
        <time>2026-04-13T00:29:07.000Z</time>
        <extensions>
          <ns3:TrackPointExtension/>
        </extensions>
      </trkpt>
      <trkpt lat="-41.6519532166421413421630859375" lon="145.959193892776966094970703125">
        <ele>952.79998779296875</ele>
        <time>2026-04-13T00:29:08.000Z</time>
        <extensions>
          <ns3:TrackPointExtension/>
        </extensions>
      </trkpt>
      <trkpt lat="-41.6519659571349620819091796875" lon="145.9591705910861492156982421875">
        <ele>952.79998779296875</ele>
        <time>2026-04-13T00:29:10.000Z</time>
        <extensions>
          <ns3:TrackPointExtension/>
        </extensions>
      </trkpt>
      <trkpt lat="-41.65199269540607929229736328125" lon="145.95913379453122615814208984375">
        <ele>952.4000244140625</ele>
        <time>2026-04-13T00:29:14.000Z</time>
        <extensions>
          <ns3:TrackPointExtension/>
        </extensions>
      </trkpt>
      <trkpt lat="-41.65199554525315761566162109375" lon="145.95912038348615169525146484375">
        <ele>952.4000244140625</ele>
        <time>2026-04-13T00:29:15.000Z</time>
        <extensions>
          <ns3:TrackPointExtension/>
        </extensions>
      </trkpt>
      <trkpt lat="-41.65202823467552661895751953125" lon="145.95898074097931385040283203125">
        <ele>952.5999755859375</ele>
        <time>2026-04-13T00:29:25.000Z</time>
        <extensions>
          <ns3:TrackPointExtension/>
        </extensions>
      </trkpt>
      <trkpt lat="-41.65205136872828006744384765625" lon="145.958853252232074737548828125">
        <ele>953</ele>
        <time>2026-04-13T00:29:33.000Z</time>
        <extensions>
          <ns3:TrackPointExtension/>
        </extensions>
      </trkpt>
      <trkpt lat="-41.65209612809121608734130859375" lon="145.95866994000971317291259765625">
        <ele>953</ele>
        <time>2026-04-13T00:29:45.000Z</time>
        <extensions>
          <ns3:TrackPointExtension/>
        </extensions>
      </trkpt>
      <trkpt lat="-41.65209428407251834869384765625" lon="145.95845486037433147430419921875">
        <ele>952.4000244140625</ele>
        <time>2026-04-13T00:29:58.000Z</time>
        <extensions>
          <ns3:TrackPointExtension/>
        </extensions>
      </trkpt>
      <trkpt lat="-41.6520373709499835968017578125" lon="145.958341620862483978271484375">
        <ele>952.20001220703125</ele>
        <time>2026-04-13T00:30:07.000Z</time>
        <extensions>
          <ns3:TrackPointExtension/>
        </extensions>
      </trkpt>
      <trkpt lat="-41.65201784111559391021728515625" lon="145.9583089314401149749755859375">
        <ele>952.4000244140625</ele>
        <time>2026-04-13T00:30:10.000Z</time>
        <extensions>
          <ns3:TrackPointExtension/>
        </extensions>
      </trkpt>
      <trkpt lat="-41.65201029740273952484130859375" lon="145.9582938440144062042236328125">
        <ele>952.4000244140625</ele>
        <time>2026-04-13T00:30:11.000Z</time>
        <extensions>
          <ns3:TrackPointExtension/>
        </extensions>
      </trkpt>
      <trkpt lat="-41.6520031727850437164306640625" lon="145.95827984623610973358154296875">
        <ele>952.4000244140625</ele>
        <time>2026-04-13T00:30:12.000Z</time>
        <extensions>
          <ns3:TrackPointExtension/>
        </extensions>
      </trkpt>
      <trkpt lat="-41.6519934497773647308349609375" lon="145.9582663513720035552978515625">
        <ele>952.4000244140625</ele>
        <time>2026-04-13T00:30:13.000Z</time>
        <extensions>
          <ns3:TrackPointExtension/>
        </extensions>
      </trkpt>
      <trkpt lat="-41.65198716334998607635498046875" lon="145.9582512639462947845458984375">
        <ele>952.4000244140625</ele>
        <time>2026-04-13T00:30:14.000Z</time>
        <extensions>
          <ns3:TrackPointExtension/>
        </extensions>
      </trkpt>
      <trkpt lat="-41.65198196657001972198486328125" lon="145.95823726616799831390380859375">
        <ele>952.4000244140625</ele>
        <time>2026-04-13T00:30:15.000Z</time>
        <extensions>
          <ns3:TrackPointExtension/>
        </extensions>
      </trkpt>
      <trkpt lat="-41.65193787775933742523193359375" lon="145.958157218992710113525390625">
        <ele>952.79998779296875</ele>
        <time>2026-04-13T00:30:22.000Z</time>
        <extensions>
          <ns3:TrackPointExtension/>
        </extensions>
      </trkpt>
      <trkpt lat="-41.6519143246114253997802734375" lon="145.95808806829154491424560546875">
        <ele>952.5999755859375</ele>
        <time>2026-04-13T00:30:35.000Z</time>
        <extensions>
          <ns3:TrackPointExtension/>
        </extensions>
      </trkpt>
      <trkpt lat="-41.6519139893352985382080078125" lon="145.95808823592960834503173828125">
        <ele>952.5999755859375</ele>
        <time>2026-04-13T00:30:39.000Z</time>
        <extensions>
          <ns3:TrackPointExtension/>
        </extensions>
      </trkpt>
      <trkpt lat="-41.65188792161643505096435546875" lon="145.9580376930534839630126953125">
        <ele>952.5999755859375</ele>
        <time>2026-04-13T00:30:51.000Z</time>
        <extensions>
          <ns3:TrackPointExtension/>
        </extensions>
      </trkpt>
      <trkpt lat="-41.651866547763347625732421875" lon="145.95798983238637447357177734375">
        <ele>952.5999755859375</ele>
        <time>2026-04-13T00:31:08.000Z</time>
        <extensions>
          <ns3:TrackPointExtension/>
        </extensions>
      </trkpt>
      <trkpt lat="-41.6518630273640155792236328125" lon="145.95798052847385406494140625">
        <ele>952.5999755859375</ele>
        <time>2026-04-13T00:31:21.000Z</time>
        <extensions>
          <ns3:TrackPointExtension/>
        </extensions>
      </trkpt>
      <trkpt lat="-41.6518427431583404541015625" lon="145.9579448215663433074951171875">
        <ele>953</ele>
        <time>2026-04-13T00:31:39.000Z</time>
        <extensions>
          <ns3:TrackPointExtension/>
        </extensions>
      </trkpt>
      <trkpt lat="-41.6517711617052555084228515625" lon="145.95777793787419795989990234375">
        <ele>953</ele>
        <time>2026-04-13T00:31:55.000Z</time>
        <extensions>
          <ns3:TrackPointExtension/>
        </extensions>
      </trkpt>
      <trkpt lat="-41.65166999213397502899169921875" lon="145.95755598507821559906005859375">
        <ele>952.5999755859375</ele>
        <time>2026-04-13T00:32:13.000Z</time>
        <extensions>
          <ns3:TrackPointExtension/>
        </extensions>
      </trkpt>
      <trkpt lat="-41.65159438736736774444580078125" lon="145.95740192569792270660400390625">
        <ele>951.79998779296875</ele>
        <time>2026-04-13T00:32:26.000Z</time>
        <extensions>
          <ns3:TrackPointExtension/>
        </extensions>
      </trkpt>
      <trkpt lat="-41.65155834518373012542724609375" lon="145.9573131613433361053466796875">
        <ele>951.5999755859375</ele>
        <time>2026-04-13T00:32:34.000Z</time>
        <extensions>
          <ns3:TrackPointExtension/>
        </extensions>
      </trkpt>
      <trkpt lat="-41.65152783505618572235107421875" lon="145.95725524239242076873779296875">
        <ele>951.20001220703125</ele>
        <time>2026-04-13T00:32:39.000Z</time>
        <extensions>
          <ns3:TrackPointExtension/>
        </extensions>
      </trkpt>
      <trkpt lat="-41.6514687426388263702392578125" lon="145.95719723962247371673583984375">
        <ele>952</ele>
        <time>2026-04-13T00:32:49.000Z</time>
        <extensions>
          <ns3:TrackPointExtension/>
        </extensions>
      </trkpt>
      <trkpt lat="-41.651460193097591400146484375" lon="145.95718869008123874664306640625">
        <ele>952.20001220703125</ele>
        <time>2026-04-13T00:32:50.000Z</time>
        <extensions>
          <ns3:TrackPointExtension/>
        </extensions>
      </trkpt>
      <trkpt lat="-41.651331447064876556396484375" lon="145.95702658407390117645263671875">
        <ele>953</ele>
        <time>2026-04-13T00:33:08.000Z</time>
        <extensions>
          <ns3:TrackPointExtension/>
        </extensions>
      </trkpt>
      <trkpt lat="-41.65129682980477809906005859375" lon="145.9569297730922698974609375">
        <ele>952.4000244140625</ele>
        <time>2026-04-13T00:33:21.000Z</time>
        <extensions>
          <ns3:TrackPointExtension/>
        </extensions>
      </trkpt>
      <trkpt lat="-41.65124393999576568603515625" lon="145.95683522522449493408203125">
        <ele>951.5999755859375</ele>
        <time>2026-04-13T00:33:32.000Z</time>
        <extensions>
          <ns3:TrackPointExtension/>
        </extensions>
      </trkpt>
      <trkpt lat="-41.65115685202181339263916015625" lon="145.95671829767525196075439453125">
        <ele>950.79998779296875</ele>
        <time>2026-04-13T00:33:46.000Z</time>
        <extensions>
          <ns3:TrackPointExtension/>
        </extensions>
      </trkpt>
      <trkpt lat="-41.65109482593834400177001953125" lon="145.95660078339278697967529296875">
        <ele>948.20001220703125</ele>
        <time>2026-04-13T00:33:58.000Z</time>
        <extensions>
          <ns3:TrackPointExtension/>
        </extensions>
      </trkpt>
      <trkpt lat="-41.6510100848972797393798828125" lon="145.95644219778478145599365234375">
        <ele>945.79998779296875</ele>
        <time>2026-04-13T00:34:13.000Z</time>
        <extensions>
          <ns3:TrackPointExtension/>
        </extensions>
      </trkpt>
      <trkpt lat="-41.6509433649480342864990234375" lon="145.9563948400318622589111328125">
        <ele>945</ele>
        <time>2026-04-13T00:34:23.000Z</time>
        <extensions>
          <ns3:TrackPointExtension/>
        </extensions>
      </trkpt>
      <trkpt lat="-41.650872789323329925537109375" lon="145.956319235265254974365234375">
        <ele>942.5999755859375</ele>
        <time>2026-04-13T00:34:36.000Z</time>
        <extensions>
          <ns3:TrackPointExtension/>
        </extensions>
      </trkpt>
      <trkpt lat="-41.65080816484987735748291015625" lon="145.956263579428195953369140625">
        <ele>941</ele>
        <time>2026-04-13T00:34:46.000Z</time>
        <extensions>
          <ns3:TrackPointExtension/>
        </extensions>
      </trkpt>
      <trkpt lat="-41.650678999722003936767578125" lon="145.95611798577010631561279296875">
        <ele>938.20001220703125</ele>
        <time>2026-04-13T00:35:07.000Z</time>
        <extensions>
          <ns3:TrackPointExtension/>
        </extensions>
      </trkpt>
      <trkpt lat="-41.65054346434772014617919921875" lon="145.955947749316692352294921875">
        <ele>933.79998779296875</ele>
        <time>2026-04-13T00:35:28.000Z</time>
        <extensions>
          <ns3:TrackPointExtension/>
        </extensions>
      </trkpt>
      <trkpt lat="-41.65044019930064678192138671875" lon="145.955902822315692901611328125">
        <ele>933.4000244140625</ele>
        <time>2026-04-13T00:35:47.000Z</time>
        <extensions>
          <ns3:TrackPointExtension/>
        </extensions>
      </trkpt>
      <trkpt lat="-41.65029971860349178314208984375" lon="145.955912880599498748779296875">
        <ele>933.20001220703125</ele>
        <time>2026-04-13T00:36:07.000Z</time>
        <extensions>
          <ns3:TrackPointExtension/>
        </extensions>
      </trkpt>
      <trkpt lat="-41.650168038904666900634765625" lon="145.95587658695876598358154296875">
        <ele>931.79998779296875</ele>
        <time>2026-04-13T00:36:21.000Z</time>
        <extensions>
          <ns3:TrackPointExtension/>
        </extensions>
      </trkpt>
      <trkpt lat="-41.65009268559515476226806640625" lon="145.9557889960706233978271484375">
        <ele>930.79998779296875</ele>
        <time>2026-04-13T00:36:34.000Z</time>
        <extensions>
          <ns3:TrackPointExtension/>
        </extensions>
      </trkpt>
      <trkpt lat="-41.64999579079449176788330078125" lon="145.9557071886956691741943359375">
        <ele>930</ele>
        <time>2026-04-13T00:36:50.000Z</time>
        <extensions>
          <ns3:TrackPointExtension/>
        </extensions>
      </trkpt>
      <trkpt lat="-41.64995471946895122528076171875" lon="145.95564859919250011444091796875">
        <ele>929.5999755859375</ele>
        <time>2026-04-13T00:36:56.000Z</time>
        <extensions>
          <ns3:TrackPointExtension/>
        </extensions>
      </trkpt>
      <trkpt lat="-41.6499368660151958465576171875" lon="145.9556200169026851654052734375">
        <ele>929.4000244140625</ele>
        <time>2026-04-13T00:37:04.000Z</time>
        <extensions>
          <ns3:TrackPointExtension/>
        </extensions>
      </trkpt>
      <trkpt lat="-41.649930663406848907470703125" lon="145.95560769550502300262451171875">
        <ele>929.4000244140625</ele>
        <time>2026-04-13T00:37:05.000Z</time>
        <extensions>
          <ns3:TrackPointExtension/>
        </extensions>
      </trkpt>
      <trkpt lat="-41.649925969541072845458984375" lon="145.9555945359170436859130859375">
        <ele>929.20001220703125</ele>
        <time>2026-04-13T00:37:06.000Z</time>
        <extensions>
          <ns3:TrackPointExtension/>
        </extensions>
      </trkpt>
      <trkpt lat="-41.64990493096411228179931640625" lon="145.95552521757781505584716796875">
        <ele>929</ele>
        <time>2026-04-13T00:37:17.000Z</time>
        <extensions>
          <ns3:TrackPointExtension/>
        </extensions>
      </trkpt>
      <trkpt lat="-41.6498932801187038421630859375" lon="145.95550459809601306915283203125">
        <ele>929.20001220703125</ele>
        <time>2026-04-13T00:37:19.000Z</time>
        <extensions>
          <ns3:TrackPointExtension/>
        </extensions>
      </trkpt>
      <trkpt lat="-41.6498486883938312530517578125" lon="145.955470986664295196533203125">
        <ele>929.4000244140625</ele>
        <time>2026-04-13T00:37:25.000Z</time>
        <extensions>
          <ns3:TrackPointExtension/>
        </extensions>
      </trkpt>
      <trkpt lat="-41.649779789149761199951171875" lon="145.95543335191905498504638671875">
        <ele>929.79998779296875</ele>
        <time>2026-04-13T00:37:35.000Z</time>
        <extensions>
          <ns3:TrackPointExtension/>
        </extensions>
      </trkpt>
      <trkpt lat="-41.6497608460485935211181640625" lon="145.95541633665561676025390625">
        <ele>930</ele>
        <time>2026-04-13T00:37:47.000Z</time>
        <extensions>
          <ns3:TrackPointExtension/>
        </extensions>
      </trkpt>
      <trkpt lat="-41.64973729290068149566650390625" lon="145.95538473688066005706787109375">
        <ele>930.20001220703125</ele>
        <time>2026-04-13T00:38:05.000Z</time>
        <extensions>
          <ns3:TrackPointExtension/>
        </extensions>
      </trkpt>
      <trkpt lat="-41.64970812387764453887939453125" lon="145.95536403357982635498046875">
        <ele>930.20001220703125</ele>
        <time>2026-04-13T00:38:21.000Z</time>
        <extensions>
          <ns3:TrackPointExtension/>
        </extensions>
      </trkpt>
      <trkpt lat="-41.6496835649013519287109375" lon="145.95534986816346645355224609375">
        <ele>930.4000244140625</ele>
        <time>2026-04-13T00:38:29.000Z</time>
        <extensions>
          <ns3:TrackPointExtension/>
        </extensions>
      </trkpt>
      <trkpt lat="-41.6496106423437595367431640625" lon="145.95530544407665729522705078125">
        <ele>930.79998779296875</ele>
        <time>2026-04-13T00:38:43.000Z</time>
        <extensions>
          <ns3:TrackPointExtension/>
        </extensions>
      </trkpt>
      <trkpt lat="-41.649539731442928314208984375" lon="145.95527828671038150787353515625">
        <ele>931.4000244140625</ele>
        <time>2026-04-13T00:38:54.000Z</time>
        <extensions>
          <ns3:TrackPointExtension/>
        </extensions>
      </trkpt>
      <trkpt lat="-41.6494922898709774017333984375" lon="145.9552763588726520538330078125">
        <ele>931.79998779296875</ele>
        <time>2026-04-13T00:39:03.000Z</time>
        <extensions>
          <ns3:TrackPointExtension/>
        </extensions>
      </trkpt>
      <trkpt lat="-41.649386845529079437255859375" lon="145.95531248487532138824462890625">
        <ele>932</ele>
        <time>2026-04-13T00:39:16.000Z</time>
        <extensions>
          <ns3:TrackPointExtension/>
        </extensions>
      </trkpt>
      <trkpt lat="-41.6492716781795024871826171875" lon="145.95538842491805553436279296875">
        <ele>931.79998779296875</ele>
        <time>2026-04-13T00:39:29.000Z</time>
        <extensions>
          <ns3:TrackPointExtension/>
        </extensions>
      </trkpt>
      <trkpt lat="-41.649242676794528961181640625" lon="145.95547375269234180450439453125">
        <ele>930.79998779296875</ele>
        <time>2026-04-13T00:39:37.000Z</time>
        <extensions>
          <ns3:TrackPointExtension/>
        </extensions>
      </trkpt>
      <trkpt lat="-41.64921878837049007415771484375" lon="145.9555331803858280181884765625">
        <ele>930</ele>
        <time>2026-04-13T00:39:43.000Z</time>
        <extensions>
          <ns3:TrackPointExtension/>
        </extensions>
      </trkpt>
      <trkpt lat="-41.649217195808887481689453125" lon="145.9555593319237232208251953125">
        <ele>929.79998779296875</ele>
        <time>2026-04-13T00:39:52.000Z</time>
        <extensions>
          <ns3:TrackPointExtension/>
        </extensions>
      </trkpt>
      <trkpt lat="-41.64922557771205902099609375" lon="145.955514572560787200927734375">
        <ele>930.20001220703125</ele>
        <time>2026-04-13T00:40:07.000Z</time>
        <extensions>
          <ns3:TrackPointExtension/>
        </extensions>
      </trkpt>
      <trkpt lat="-41.64923253469169139862060546875" lon="145.95550325699150562286376953125">
        <ele>930.4000244140625</ele>
        <time>2026-04-13T00:40:08.000Z</time>
        <extensions>
          <ns3:TrackPointExtension/>
        </extensions>
      </trkpt>
      <trkpt lat="-41.64918308146297931671142578125" lon="145.95541642047464847564697265625">
        <ele>932.20001220703125</ele>
        <time>2026-04-13T00:40:21.000Z</time>
        <extensions>
          <ns3:TrackPointExtension/>
        </extensions>
      </trkpt>
      <trkpt lat="-41.64909758605062961578369140625" lon="145.95539714209735393524169921875">
        <ele>934.20001220703125</ele>
        <time>2026-04-13T00:40:31.000Z</time>
        <extensions>
          <ns3:TrackPointExtension/>
        </extensions>
      </trkpt>
      <trkpt lat="-41.64908635430037975311279296875" lon="145.95539479516446590423583984375">
        <ele>934.4000244140625</ele>
        <time>2026-04-13T00:40:32.000Z</time>
        <extensions>
          <ns3:TrackPointExtension/>
        </extensions>
      </trkpt>
      <trkpt lat="-41.6489692591130733489990234375" lon="145.95532606355845928192138671875">
        <ele>938.20001220703125</ele>
        <time>2026-04-13T00:40:48.000Z</time>
        <extensions>
          <ns3:TrackPointExtension/>
        </extensions>
      </trkpt>
      <trkpt lat="-41.64887479506433010101318359375" lon="145.95527979545295238494873046875">
        <ele>941.20001220703125</ele>
        <time>2026-04-13T00:40:58.000Z</time>
        <extensions>
          <ns3:TrackPointExtension/>
        </extensions>
      </trkpt>
      <trkpt lat="-41.64875216782093048095703125" lon="145.95523017458617687225341796875">
        <ele>944.20001220703125</ele>
        <time>2026-04-13T00:41:13.000Z</time>
        <extensions>
          <ns3:TrackPointExtension/>
        </extensions>
      </trkpt>
      <trkpt lat="-41.6487271897494792938232421875" lon="145.9551613591611385345458984375">
        <ele>946.79998779296875</ele>
        <time>2026-04-13T00:41:21.000Z</time>
        <extensions>
          <ns3:TrackPointExtension/>
        </extensions>
      </trkpt>
      <trkpt lat="-41.648738421499729156494140625" lon="145.95505951903760433197021484375">
        <ele>949.4000244140625</ele>
        <time>2026-04-13T00:41:30.000Z</time>
        <extensions>
          <ns3:TrackPointExtension/>
        </extensions>
      </trkpt>
      <trkpt lat="-41.64878577925264835357666015625" lon="145.95497234724462032318115234375">
        <ele>950.79998779296875</ele>
        <time>2026-04-13T00:41:40.000Z</time>
        <extensions>
          <ns3:TrackPointExtension/>
        </extensions>
      </trkpt>
      <trkpt lat="-41.64881008677184581756591796875" lon="145.95487126149237155914306640625">
        <ele>952.79998779296875</ele>
        <time>2026-04-13T00:41:51.000Z</time>
        <extensions>
          <ns3:TrackPointExtension/>
        </extensions>
      </trkpt>
      <trkpt lat="-41.648893319070339202880859375" lon="145.95474804751574993133544921875">
        <ele>954.20001220703125</ele>
        <time>2026-04-13T00:42:05.000Z</time>
        <extensions>
          <ns3:TrackPointExtension/>
        </extensions>
      </trkpt>
      <trkpt lat="-41.64894034154713153839111328125" lon="145.9546708501875400543212890625">
        <ele>955</ele>
        <time>2026-04-13T00:42:18.000Z</time>
        <extensions>
          <ns3:TrackPointExtension/>
        </extensions>
      </trkpt>
      <trkpt lat="-41.64895693771541118621826171875" lon="145.95463606528937816619873046875">
        <ele>955.20001220703125</ele>
        <time>2026-04-13T00:42:27.000Z</time>
        <extensions>
          <ns3:TrackPointExtension/>
        </extensions>
      </trkpt>
      <trkpt lat="-41.64896733127534389495849609375" lon="145.95456984825432300567626953125">
        <ele>956</ele>
        <time>2026-04-13T00:42:36.000Z</time>
        <extensions>
          <ns3:TrackPointExtension/>
        </extensions>
      </trkpt>
      <trkpt lat="-41.6490215621888637542724609375" lon="145.9545243345201015472412109375">
        <ele>955.79998779296875</ele>
        <time>2026-04-13T00:42:43.000Z</time>
        <extensions>
          <ns3:TrackPointExtension/>
        </extensions>
      </trkpt>
      <trkpt lat="-41.64907998405396938323974609375" lon="145.95445786602795124053955078125">
        <ele>955.5999755859375</ele>
        <time>2026-04-13T00:42:52.000Z</time>
        <extensions>
          <ns3:TrackPointExtension/>
        </extensions>
      </trkpt>
      <trkpt lat="-41.64913983084261417388916015625" lon="145.954372622072696685791015625">
        <ele>956</ele>
        <time>2026-04-13T00:43:03.000Z</time>
        <extensions>
          <ns3:TrackPointExtension/>
        </extensions>
      </trkpt>
      <trkpt lat="-41.64918132126331329345703125" lon="145.9543372504413127899169921875">
        <ele>955.79998779296875</ele>
        <time>2026-04-13T00:43:14.000Z</time>
        <extensions>
          <ns3:TrackPointExtension/>
        </extensions>
      </trkpt>
      <trkpt lat="-41.649276874959468841552734375" lon="145.9542098455131053924560546875">
        <ele>956.4000244140625</ele>
        <time>2026-04-13T00:43:31.000Z</time>
        <extensions>
          <ns3:TrackPointExtension/>
        </extensions>
      </trkpt>
      <trkpt lat="-41.64932213723659515380859375" lon="145.95412745140492916107177734375">
        <ele>957.4000244140625</ele>
        <time>2026-04-13T00:43:41.000Z</time>
        <extensions>
          <ns3:TrackPointExtension/>
        </extensions>
      </trkpt>
      <trkpt lat="-41.6494175232946872711181640625" lon="145.954009853303432464599609375">
        <ele>958.20001220703125</ele>
        <time>2026-04-13T00:43:53.000Z</time>
        <extensions>
          <ns3:TrackPointExtension/>
        </extensions>
      </trkpt>
      <trkpt lat="-41.6495199501514434814453125" lon="145.9538990445435047149658203125">
        <ele>958.5999755859375</ele>
        <time>2026-04-13T00:44:05.000Z</time>
        <extensions>
          <ns3:TrackPointExtension/>
        </extensions>
      </trkpt>
      <trkpt lat="-41.64959748275578022003173828125" lon="145.95379351638257503509521484375">
        <ele>960</ele>
        <time>2026-04-13T00:44:17.000Z</time>
        <extensions>
          <ns3:TrackPointExtension/>
        </extensions>
      </trkpt>
      <trkpt lat="-41.6496465168893337249755859375" lon="145.953641720116138458251953125">
        <ele>963</ele>
        <time>2026-04-13T00:44:32.000Z</time>
        <extensions>
          <ns3:TrackPointExtension/>
        </extensions>
      </trkpt>
      <trkpt lat="-41.6496619395911693572998046875" lon="145.95353703014552593231201171875">
        <ele>965.4000244140625</ele>
        <time>2026-04-13T00:44:42.000Z</time>
        <extensions>
          <ns3:TrackPointExtension/>
        </extensions>
      </trkpt>
      <trkpt lat="-41.64962925016880035400390625" lon="145.9534943662583827972412109375">
        <ele>967.4000244140625</ele>
        <time>2026-04-13T00:44:51.000Z</time>
        <extensions>
          <ns3:TrackPointExtension/>
        </extensions>
      </trkpt>
      <trkpt lat="-41.64959748275578022003173828125" lon="145.95346678979694843292236328125">
        <ele>969</ele>
        <time>2026-04-13T00:44:59.000Z</time>
        <extensions>
          <ns3:TrackPointExtension/>
        </extensions>
      </trkpt>
      <trkpt lat="-41.6495667211711406707763671875" lon="145.953443236649036407470703125">
        <ele>970.4000244140625</ele>
        <time>2026-04-13T00:45:06.000Z</time>
        <extensions>
          <ns3:TrackPointExtension/>
        </extensions>
      </trkpt>
      <trkpt lat="-41.64951852522790431976318359375" lon="145.9534135647118091583251953125">
        <ele>972.4000244140625</ele>
        <time>2026-04-13T00:45:15.000Z</time>
        <extensions>
          <ns3:TrackPointExtension/>
        </extensions>
      </trkpt>
      <trkpt lat="-41.64949187077581882476806640625" lon="145.9533595852553844451904296875">
        <ele>974.4000244140625</ele>
        <time>2026-04-13T00:45:24.000Z</time>
        <extensions>
          <ns3:TrackPointExtension/>
        </extensions>
      </trkpt>
      <trkpt lat="-41.64948114193975925445556640625" lon="145.95327786169946193695068359375">
        <ele>976.5999755859375</ele>
        <time>2026-04-13T00:45:32.000Z</time>
        <extensions>
          <ns3:TrackPointExtension/>
        </extensions>
      </trkpt>
      <trkpt lat="-41.64947234094142913818359375" lon="145.9531835652887821197509765625">
        <ele>979.20001220703125</ele>
        <time>2026-04-13T00:45:41.000Z</time>
        <extensions>
          <ns3:TrackPointExtension/>
        </extensions>
      </trkpt>
      <trkpt lat="-41.649451553821563720703125" lon="145.95306596718728542327880859375">
        <ele>982.20001220703125</ele>
        <time>2026-04-13T00:45:53.000Z</time>
        <extensions>
          <ns3:TrackPointExtension/>
        </extensions>
      </trkpt>
      <trkpt lat="-41.6494386456906795501708984375" lon="145.95301014371216297149658203125">
        <ele>983.79998779296875</ele>
        <time>2026-04-13T00:45:57.000Z</time>
        <extensions>
          <ns3:TrackPointExtension/>
        </extensions>
      </trkpt>
      <trkpt lat="-41.6494346223771572113037109375" lon="145.95299555920064449310302734375">
        <ele>984.20001220703125</ele>
        <time>2026-04-13T00:45:58.000Z</time>
        <extensions>
          <ns3:TrackPointExtension/>
        </extensions>
      </trkpt>
      <trkpt lat="-41.64949136786162853240966796875" lon="145.95286798663437366485595703125">
        <ele>985.79998779296875</ele>
        <time>2026-04-13T00:46:11.000Z</time>
        <extensions>
          <ns3:TrackPointExtension/>
        </extensions>
      </trkpt>
      <trkpt lat="-41.649559177458286285400390625" lon="145.95276757143437862396240234375">
        <ele>986.79998779296875</ele>
        <time>2026-04-13T00:46:25.000Z</time>
        <extensions>
          <ns3:TrackPointExtension/>
        </extensions>
      </trkpt>
      <trkpt lat="-41.64960787631571292877197265625" lon="145.95268442295491695404052734375">
        <ele>987.79998779296875</ele>
        <time>2026-04-13T00:46:34.000Z</time>
        <extensions>
          <ns3:TrackPointExtension/>
        </extensions>
      </trkpt>
      <trkpt lat="-41.6496245563030242919921875" lon="145.9526114165782928466796875">
        <ele>989.4000244140625</ele>
        <time>2026-04-13T00:46:44.000Z</time>
        <extensions>
          <ns3:TrackPointExtension/>
        </extensions>
      </trkpt>
      <trkpt lat="-41.64963536895811557769775390625" lon="145.95256037078797817230224609375">
        <ele>990.5999755859375</ele>
        <time>2026-04-13T00:46:51.000Z</time>
        <extensions>
          <ns3:TrackPointExtension/>
        </extensions>
      </trkpt>
      <trkpt lat="-41.64966411888599395751953125" lon="145.9524831734597682952880859375">
        <ele>992.20001220703125</ele>
        <time>2026-04-13T00:47:01.000Z</time>
        <extensions>
          <ns3:TrackPointExtension/>
        </extensions>
      </trkpt>
      <trkpt lat="-41.64969169534742832183837890625" lon="145.95242567360401153564453125">
        <ele>993.4000244140625</ele>
        <time>2026-04-13T00:47:09.000Z</time>
        <extensions>
          <ns3:TrackPointExtension/>
        </extensions>
      </trkpt>
      <trkpt lat="-41.649728156626224517822265625" lon="145.95233037136495113372802734375">
        <ele>995</ele>
        <time>2026-04-13T00:47:20.000Z</time>
        <extensions>
          <ns3:TrackPointExtension/>
        </extensions>
      </trkpt>
      <trkpt lat="-41.6497115604579448699951171875" lon="145.95225225202739238739013671875">
        <ele>996.79998779296875</ele>
        <time>2026-04-13T00:47:32.000Z</time>
        <extensions>
          <ns3:TrackPointExtension/>
        </extensions>
      </trkpt>
      <trkpt lat="-41.64970971643924713134765625" lon="145.95219232141971588134765625">
        <ele>998</ele>
        <time>2026-04-13T00:47:46.000Z</time>
        <extensions>
          <ns3:TrackPointExtension/>
        </extensions>
      </trkpt>
      <trkpt lat="-41.6496726684272289276123046875" lon="145.95209148712456226348876953125">
        <ele>1000.4000244140625</ele>
        <time>2026-04-13T00:48:01.000Z</time>
        <extensions>
          <ns3:TrackPointExtension/>
        </extensions>
      </trkpt>
      <trkpt lat="-41.64963419549167156219482421875" lon="145.9520147927105426788330078125">
        <ele>1001.79998779296875</ele>
        <time>2026-04-13T00:48:09.000Z</time>
        <extensions>
          <ns3:TrackPointExtension/>
        </extensions>
      </trkpt>
      <trkpt lat="-41.64962044917047023773193359375" lon="145.9519918262958526611328125">
        <ele>1002.20001220703125</ele>
        <time>2026-04-13T00:48:11.000Z</time>
        <extensions>
          <ns3:TrackPointExtension/>
        </extensions>
      </trkpt>
      <trkpt lat="-41.6496030986309051513671875" lon="145.95195905305445194244384765625">
        <ele>1002.5999755859375</ele>
        <time>2026-04-13T00:48:14.000Z</time>
        <extensions>
          <ns3:TrackPointExtension/>
        </extensions>
      </trkpt>
      <trkpt lat="-41.64960569702088832855224609375" lon="145.95192435197532176971435546875">
        <ele>1002.79998779296875</ele>
        <time>2026-04-13T00:48:17.000Z</time>
        <extensions>
          <ns3:TrackPointExtension/>
        </extensions>
      </trkpt>
      <trkpt lat="-41.64964542724192142486572265625" lon="145.95176995731890201568603515625">
        <ele>1002</ele>
        <time>2026-04-13T00:48:29.000Z</time>
        <extensions>
          <ns3:TrackPointExtension/>
        </extensions>
      </trkpt>
      <trkpt lat="-41.6496414877474308013916015625" lon="145.95175453461706638336181640625">
        <ele>1002</ele>
        <time>2026-04-13T00:48:30.000Z</time>
        <extensions>
          <ns3:TrackPointExtension/>
        </extensions>
      </trkpt>
      <trkpt lat="-41.6496384702622890472412109375" lon="145.95174045301973819732666015625">
        <ele>1001.79998779296875</ele>
        <time>2026-04-13T00:48:31.000Z</time>
        <extensions>
          <ns3:TrackPointExtension/>
        </extensions>
      </trkpt>
      <trkpt lat="-41.64962028153240680694580078125" lon="145.95166367478668689727783203125">
        <ele>1001.20001220703125</ele>
        <time>2026-04-13T00:48:36.000Z</time>
        <extensions>
          <ns3:TrackPointExtension/>
        </extensions>
      </trkpt>
      <trkpt lat="-41.64960435591638088226318359375" lon="145.9516231901943683624267578125">
        <ele>1000.79998779296875</ele>
        <time>2026-04-13T00:48:39.000Z</time>
        <extensions>
          <ns3:TrackPointExtension/>
        </extensions>
      </trkpt>
      <trkpt lat="-41.6496019251644611358642578125" lon="145.95160885713994503021240234375">
        <ele>1000.79998779296875</ele>
        <time>2026-04-13T00:48:40.000Z</time>
        <extensions>
          <ns3:TrackPointExtension/>
        </extensions>
      </trkpt>
      <trkpt lat="-41.64959932677447795867919921875" lon="145.95159477554261684417724609375">
        <ele>1000.5999755859375</ele>
        <time>2026-04-13T00:48:41.000Z</time>
        <extensions>
          <ns3:TrackPointExtension/>
        </extensions>
      </trkpt>
      <trkpt lat="-41.64959848858416080474853515625" lon="145.95157717354595661163330078125">
        <ele>1000.4000244140625</ele>
        <time>2026-04-13T00:48:42.000Z</time>
        <extensions>
          <ns3:TrackPointExtension/>
        </extensions>
      </trkpt>
      <trkpt lat="-41.64959463290870189666748046875" lon="145.95156074501574039459228515625">
        <ele>1000.4000244140625</ele>
        <time>2026-04-13T00:48:43.000Z</time>
        <extensions>
          <ns3:TrackPointExtension/>
        </extensions>
      </trkpt>
      <trkpt lat="-41.6495896875858306884765625" lon="145.9515487588942050933837890625">
        <ele>1000.20001220703125</ele>
        <time>2026-04-13T00:48:44.000Z</time>
        <extensions>
          <ns3:TrackPointExtension/>
        </extensions>
      </trkpt>
      <trkpt lat="-41.64958457462489604949951171875" lon="145.951491929590702056884765625">
        <ele>999.5999755859375</ele>
        <time>2026-04-13T00:48:48.000Z</time>
        <extensions>
          <ns3:TrackPointExtension/>
        </extensions>
      </trkpt>
      <trkpt lat="-41.6495891846716403961181640625" lon="145.9514773450791835784912109375">
        <ele>999.4000244140625</ele>
        <time>2026-04-13T00:48:49.000Z</time>
        <extensions>
          <ns3:TrackPointExtension/>
        </extensions>
      </trkpt>
      <trkpt lat="-41.649594046175479888916015625" lon="145.95146334730088710784912109375">
        <ele>999.20001220703125</ele>
        <time>2026-04-13T00:48:50.000Z</time>
        <extensions>
          <ns3:TrackPointExtension/>
        </extensions>
      </trkpt>
      <trkpt lat="-41.64959563873708248138427734375" lon="145.95144934952259063720703125">
        <ele>999.20001220703125</ele>
        <time>2026-04-13T00:48:51.000Z</time>
        <extensions>
          <ns3:TrackPointExtension/>
        </extensions>
      </trkpt>
      <trkpt lat="-41.64959429763257503509521484375" lon="145.95143468119204044342041015625">
        <ele>999</ele>
        <time>2026-04-13T00:48:52.000Z</time>
        <extensions>
          <ns3:TrackPointExtension/>
        </extensions>
      </trkpt>
      <trkpt lat="-41.6495911963284015655517578125" lon="145.951420180499553680419921875">
        <ele>998.79998779296875</ele>
        <time>2026-04-13T00:48:53.000Z</time>
        <extensions>
          <ns3:TrackPointExtension/>
        </extensions>
      </trkpt>
      <trkpt lat="-41.64958725683391094207763671875" lon="145.95140417106449604034423828125">
        <ele>998.5999755859375</ele>
        <time>2026-04-13T00:48:54.000Z</time>
        <extensions>
          <ns3:TrackPointExtension/>
        </extensions>
      </trkpt>
      <trkpt lat="-41.6495841555297374725341796875" lon="145.95138899981975555419921875">
        <ele>998.4000244140625</ele>
        <time>2026-04-13T00:48:55.000Z</time>
        <extensions>
          <ns3:TrackPointExtension/>
        </extensions>
      </trkpt>
      <trkpt lat="-41.64958239533007144927978515625" lon="145.95137097872793674468994140625">
        <ele>998.20001220703125</ele>
        <time>2026-04-13T00:48:56.000Z</time>
        <extensions>
          <ns3:TrackPointExtension/>
        </extensions>
      </trkpt>
      <trkpt lat="-41.6495781205594539642333984375" lon="145.95135144889354705810546875">
        <ele>998</ele>
        <time>2026-04-13T00:48:57.000Z</time>
        <extensions>
          <ns3:TrackPointExtension/>
        </extensions>
      </trkpt>
      <trkpt lat="-41.64957149885594844818115234375" lon="145.951335690915584564208984375">
        <ele>997.79998779296875</ele>
        <time>2026-04-13T00:48:58.000Z</time>
        <extensions>
          <ns3:TrackPointExtension/>
        </extensions>
      </trkpt>
      <trkpt lat="-41.64950612001121044158935546875" lon="145.95124592073261737823486328125">
        <ele>997</ele>
        <time>2026-04-13T00:49:09.000Z</time>
        <extensions>
          <ns3:TrackPointExtension/>
        </extensions>
      </trkpt>
      <trkpt lat="-41.649498827755451202392578125" lon="145.95123653300106525421142578125">
        <ele>997</ele>
        <time>2026-04-13T00:49:10.000Z</time>
        <extensions>
          <ns3:TrackPointExtension/>
        </extensions>
      </trkpt>
      <trkpt lat="-41.649490781128406524658203125" lon="145.95122848637402057647705078125">
        <ele>996.79998779296875</ele>
        <time>2026-04-13T00:49:11.000Z</time>
        <extensions>
          <ns3:TrackPointExtension/>
        </extensions>
      </trkpt>
      <trkpt lat="-41.6494805552065372467041015625" lon="145.9512225352227687835693359375">
        <ele>996.79998779296875</ele>
        <time>2026-04-13T00:49:12.000Z</time>
        <extensions>
          <ns3:TrackPointExtension/>
        </extensions>
      </trkpt>
      <trkpt lat="-41.6494718380272388458251953125" lon="145.95121624879539012908935546875">
        <ele>996.79998779296875</ele>
        <time>2026-04-13T00:49:13.000Z</time>
        <extensions>
          <ns3:TrackPointExtension/>
        </extensions>
      </trkpt>
      <trkpt lat="-41.6494175232946872711181640625" lon="145.9511812962591648101806640625">
        <ele>996.5999755859375</ele>
        <time>2026-04-13T00:49:19.000Z</time>
        <extensions>
          <ns3:TrackPointExtension/>
        </extensions>
      </trkpt>
      <trkpt lat="-41.6494027711451053619384765625" lon="145.9511648677289485931396484375">
        <ele>996.5999755859375</ele>
        <time>2026-04-13T00:49:21.000Z</time>
        <extensions>
          <ns3:TrackPointExtension/>
        </extensions>
      </trkpt>
      <trkpt lat="-41.64932942949235439300537109375" lon="145.95105783082544803619384765625">
        <ele>995.20001220703125</ele>
        <time>2026-04-13T00:49:31.000Z</time>
        <extensions>
          <ns3:TrackPointExtension/>
        </extensions>
      </trkpt>
      <trkpt lat="-41.64930059574544429779052734375" lon="145.95099261961877346038818359375">
        <ele>993.79998779296875</ele>
        <time>2026-04-13T00:49:36.000Z</time>
        <extensions>
          <ns3:TrackPointExtension/>
        </extensions>
      </trkpt>
      <trkpt lat="-41.6492844186723232269287109375" lon="145.95089488662779331207275390625">
        <ele>992.4000244140625</ele>
        <time>2026-04-13T00:49:44.000Z</time>
        <extensions>
          <ns3:TrackPointExtension/>
        </extensions>
      </trkpt>
      <trkpt lat="-41.6492267511785030364990234375" lon="145.95081207342445850372314453125">
        <ele>991.4000244140625</ele>
        <time>2026-04-13T00:49:52.000Z</time>
        <extensions>
          <ns3:TrackPointExtension/>
        </extensions>
      </trkpt>
      <trkpt lat="-41.64922163821756839752197265625" lon="145.95079849474132061004638671875">
        <ele>991.20001220703125</ele>
        <time>2026-04-13T00:49:53.000Z</time>
        <extensions>
          <ns3:TrackPointExtension/>
        </extensions>
      </trkpt>
      <trkpt lat="-41.6492180339992046356201171875" lon="145.9507849998772144317626953125">
        <ele>991.20001220703125</ele>
        <time>2026-04-13T00:49:54.000Z</time>
        <extensions>
          <ns3:TrackPointExtension/>
        </extensions>
      </trkpt>
      <trkpt lat="-41.64919716306030750274658203125" lon="145.9507001750171184539794921875">
        <ele>990.20001220703125</ele>
        <time>2026-04-13T00:50:04.000Z</time>
        <extensions>
          <ns3:TrackPointExtension/>
        </extensions>
      </trkpt>
      <trkpt lat="-41.6491898708045482635498046875" lon="145.95068181864917278289794921875">
        <ele>989.79998779296875</ele>
        <time>2026-04-13T00:50:06.000Z</time>
        <extensions>
          <ns3:TrackPointExtension/>
        </extensions>
      </trkpt>
      <trkpt lat="-41.6491841711103916168212890625" lon="145.95066823996603488922119140625">
        <ele>989.79998779296875</ele>
        <time>2026-04-13T00:50:07.000Z</time>
        <extensions>
          <ns3:TrackPointExtension/>
        </extensions>
      </trkpt>
      <trkpt lat="-41.64917863905429840087890625" lon="145.95065332017838954925537109375">
        <ele>989.79998779296875</ele>
        <time>2026-04-13T00:50:08.000Z</time>
        <extensions>
          <ns3:TrackPointExtension/>
        </extensions>
      </trkpt>
      <trkpt lat="-41.64917285554111003875732421875" lon="145.95063932240009307861328125">
        <ele>989.79998779296875</ele>
        <time>2026-04-13T00:50:09.000Z</time>
        <extensions>
          <ns3:TrackPointExtension/>
        </extensions>
      </trkpt>
      <trkpt lat="-41.64916715584695339202880859375" lon="145.950626246631145477294921875">
        <ele>989.79998779296875</ele>
        <time>2026-04-13T00:50:10.000Z</time>
        <extensions>
          <ns3:TrackPointExtension/>
        </extensions>
      </trkpt>
      <trkpt lat="-41.64912859909236431121826171875" lon="145.95049506984651088714599609375">
        <ele>989.4000244140625</ele>
        <time>2026-04-13T00:50:19.000Z</time>
        <extensions>
          <ns3:TrackPointExtension/>
        </extensions>
      </trkpt>
      <trkpt lat="-41.64913178421556949615478515625" lon="145.95043857581913471221923828125">
        <ele>989.4000244140625</ele>
        <time>2026-04-13T00:50:23.000Z</time>
        <extensions>
          <ns3:TrackPointExtension/>
        </extensions>
      </trkpt>
      <trkpt lat="-41.64916925132274627685546875" lon="145.95036179758608341217041015625">
        <ele>990.20001220703125</ele>
        <time>2026-04-13T00:50:31.000Z</time>
        <extensions>
          <ns3:TrackPointExtension/>
        </extensions>
      </trkpt>
      <trkpt lat="-41.6491670720279216766357421875" lon="145.95037554390728473663330078125">
        <ele>990</ele>
        <time>2026-04-13T00:50:41.000Z</time>
        <extensions>
          <ns3:TrackPointExtension/>
        </extensions>
      </trkpt>
      <trkpt lat="-41.64919498376548290252685546875" lon="145.95036397688090801239013671875">
        <ele>990.4000244140625</ele>
        <time>2026-04-13T00:50:55.000Z</time>
        <extensions>
          <ns3:TrackPointExtension/>
        </extensions>
      </trkpt>
      <trkpt lat="-41.64919339120388031005859375" lon="145.950357355177402496337890625">
        <ele>990.4000244140625</ele>
        <time>2026-04-13T00:51:23.000Z</time>
        <extensions>
          <ns3:TrackPointExtension/>
        </extensions>
      </trkpt>
      <trkpt lat="-41.6491932235658168792724609375" lon="145.95035274513065814971923828125">
        <ele>990.4000244140625</ele>
        <time>2026-04-13T00:51:41.000Z</time>
        <extensions>
          <ns3:TrackPointExtension/>
        </extensions>
      </trkpt>
      <trkpt lat="-41.64919833652675151824951171875" lon="145.95034888945519924163818359375">
        <ele>990.5999755859375</ele>
        <time>2026-04-13T00:52:03.000Z</time>
        <extensions>
          <ns3:TrackPointExtension/>
        </extensions>
      </trkpt>
      <trkpt lat="-41.649245359003543853759765625" lon="145.95030765049159526824951171875">
        <ele>991.20001220703125</ele>
        <time>2026-04-13T00:52:14.000Z</time>
        <extensions>
          <ns3:TrackPointExtension/>
        </extensions>
      </trkpt>
      <trkpt lat="-41.6492535732686519622802734375" lon="145.95029876567423343658447265625">
        <ele>991.20001220703125</ele>
        <time>2026-04-13T00:52:15.000Z</time>
        <extensions>
          <ns3:TrackPointExtension/>
        </extensions>
      </trkpt>
      <trkpt lat="-41.649260781705379486083984375" lon="145.9502877853810787200927734375">
        <ele>991.4000244140625</ele>
        <time>2026-04-13T00:52:16.000Z</time>
        <extensions>
          <ns3:TrackPointExtension/>
        </extensions>
      </trkpt>
      <trkpt lat="-41.64933881722390651702880859375" lon="145.95019399188458919525146484375">
        <ele>992.79998779296875</ele>
        <time>2026-04-13T00:52:26.000Z</time>
        <extensions>
          <ns3:TrackPointExtension/>
        </extensions>
      </trkpt>
      <trkpt lat="-41.64934686385095119476318359375" lon="145.950185023248195648193359375">
        <ele>992.79998779296875</ele>
        <time>2026-04-13T00:52:27.000Z</time>
        <extensions>
          <ns3:TrackPointExtension/>
        </extensions>
      </trkpt>
      <trkpt lat="-41.64938022382557392120361328125" lon="145.95011168159544467926025390625">
        <ele>993.79998779296875</ele>
        <time>2026-04-13T00:52:33.000Z</time>
        <extensions>
          <ns3:TrackPointExtension/>
        </extensions>
      </trkpt>
      <trkpt lat="-41.649392545223236083984375" lon="145.95010061748325824737548828125">
        <ele>994</ele>
        <time>2026-04-13T00:52:34.000Z</time>
        <extensions>
          <ns3:TrackPointExtension/>
        </extensions>
      </trkpt>
      <trkpt lat="-41.64940268732607364654541015625" lon="145.9500926546752452850341796875">
        <ele>994.20001220703125</ele>
        <time>2026-04-13T00:52:35.000Z</time>
        <extensions>
          <ns3:TrackPointExtension/>
        </extensions>
      </trkpt>
      <trkpt lat="-41.64943152107298374176025390625" lon="145.95007228665053844451904296875">
        <ele>994.5999755859375</ele>
        <time>2026-04-13T00:52:38.000Z</time>
        <extensions>
          <ns3:TrackPointExtension/>
        </extensions>
      </trkpt>
      <trkpt lat="-41.64947007782757282257080078125" lon="145.95005334354937076568603515625">
        <ele>995</ele>
        <time>2026-04-13T00:52:42.000Z</time>
        <extensions>
          <ns3:TrackPointExtension/>
        </extensions>
      </trkpt>
      <trkpt lat="-41.64951852522790431976318359375" lon="145.94995644874870777130126953125">
        <ele>996.4000244140625</ele>
        <time>2026-04-13T00:52:50.000Z</time>
        <extensions>
          <ns3:TrackPointExtension/>
        </extensions>
      </trkpt>
      <trkpt lat="-41.64958122186362743377685546875" lon="145.94991034828126430511474609375">
        <ele>997</ele>
        <time>2026-04-13T00:52:57.000Z</time>
        <extensions>
          <ns3:TrackPointExtension/>
        </extensions>
      </trkpt>
      <trkpt lat="-41.6496679745614528656005859375" lon="145.949851758778095245361328125">
        <ele>998</ele>
        <time>2026-04-13T00:53:07.000Z</time>
        <extensions>
          <ns3:TrackPointExtension/>
        </extensions>
      </trkpt>
      <trkpt lat="-41.6497672162950038909912109375" lon="145.9497774951159954071044921875">
        <ele>999.20001220703125</ele>
        <time>2026-04-13T00:53:21.000Z</time>
        <extensions>
          <ns3:TrackPointExtension/>
        </extensions>
      </trkpt>
      <trkpt lat="-41.64985933341085910797119140625" lon="145.94967112876474857330322265625">
        <ele>1000.79998779296875</ele>
        <time>2026-04-13T00:53:35.000Z</time>
        <extensions>
          <ns3:TrackPointExtension/>
        </extensions>
      </trkpt>
      <trkpt lat="-41.6499177552759647369384765625" lon="145.9496403671801090240478515625">
        <ele>1001.20001220703125</ele>
        <time>2026-04-13T00:53:45.000Z</time>
        <extensions>
          <ns3:TrackPointExtension/>
        </extensions>
      </trkpt>
      <trkpt lat="-41.649998389184474945068359375" lon="145.9495840407907962799072265625">
        <ele>1001.79998779296875</ele>
        <time>2026-04-13T00:53:57.000Z</time>
        <extensions>
          <ns3:TrackPointExtension/>
        </extensions>
      </trkpt>
      <trkpt lat="-41.6500483453273773193359375" lon="145.94948463141918182373046875">
        <ele>1003</ele>
        <time>2026-04-13T00:54:08.000Z</time>
        <extensions>
          <ns3:TrackPointExtension/>
        </extensions>
      </trkpt>
      <trkpt lat="-41.65008162148296833038330078125" lon="145.9494093619287014007568359375">
        <ele>1003.79998779296875</ele>
        <time>2026-04-13T00:54:20.000Z</time>
        <extensions>
          <ns3:TrackPointExtension/>
        </extensions>
      </trkpt>
      <trkpt lat="-41.6501192562282085418701171875" lon="145.94939368776977062225341796875">
        <ele>1003.79998779296875</ele>
        <time>2026-04-13T00:54:32.000Z</time>
        <extensions>
          <ns3:TrackPointExtension/>
        </extensions>
      </trkpt>
      <trkpt lat="-41.65017373859882354736328125" lon="145.94942034222185611724853515625">
        <ele>1003.5999755859375</ele>
        <time>2026-04-13T00:54:44.000Z</time>
        <extensions>
          <ns3:TrackPointExtension/>
        </extensions>
      </trkpt>
      <trkpt lat="-41.65021673776209354400634765625" lon="145.94951472245156764984130859375">
        <ele>1003.4000244140625</ele>
        <time>2026-04-13T00:54:56.000Z</time>
        <extensions>
          <ns3:TrackPointExtension/>
        </extensions>
      </trkpt>
      <trkpt lat="-41.65023987181484699249267578125" lon="145.94953416846692562103271484375">
        <ele>1003.5999755859375</ele>
        <time>2026-04-13T00:55:07.000Z</time>
        <extensions>
          <ns3:TrackPointExtension/>
        </extensions>
      </trkpt>
      <trkpt lat="-41.65024221874773502349853515625" lon="145.94952897168695926666259765625">
        <ele>1003.5999755859375</ele>
        <time>2026-04-13T00:55:11.000Z</time>
        <extensions>
          <ns3:TrackPointExtension/>
        </extensions>
      </trkpt>
      <trkpt lat="-41.65029418654739856719970703125" lon="145.9494898281991481781005859375">
        <ele>1004.20001220703125</ele>
        <time>2026-04-13T00:55:21.000Z</time>
        <extensions>
          <ns3:TrackPointExtension/>
        </extensions>
      </trkpt>
      <trkpt lat="-41.650326289236545562744140625" lon="145.94951145350933074951171875">
        <ele>1004.20001220703125</ele>
        <time>2026-04-13T00:55:31.000Z</time>
        <extensions>
          <ns3:TrackPointExtension/>
        </extensions>
      </trkpt>
      <trkpt lat="-41.650353781878948211669921875" lon="145.9495213441550731658935546875">
        <ele>1004.4000244140625</ele>
        <time>2026-04-13T00:55:42.000Z</time>
        <extensions>
          <ns3:TrackPointExtension/>
        </extensions>
      </trkpt>
      <trkpt lat="-41.65040214546024799346923828125" lon="145.9495686180889606475830078125">
        <ele>1005.79998779296875</ele>
        <time>2026-04-13T00:55:53.000Z</time>
        <extensions>
          <ns3:TrackPointExtension/>
        </extensions>
      </trkpt>
      <trkpt lat="-41.6504126228392124176025390625" lon="145.94960658811032772064208984375">
        <ele>1005.5999755859375</ele>
        <time>2026-04-13T00:55:57.000Z</time>
        <extensions>
          <ns3:TrackPointExtension/>
        </extensions>
      </trkpt>
      <trkpt lat="-41.650465093553066253662109375" lon="145.94961731694638729095458984375">
        <ele>1006.5999755859375</ele>
        <time>2026-04-13T00:56:10.000Z</time>
        <extensions>
          <ns3:TrackPointExtension/>
        </extensions>
      </trkpt>
      <trkpt lat="-41.6505162231624126434326171875" lon="145.949611365795135498046875">
        <ele>1007.79998779296875</ele>
        <time>2026-04-13T00:56:21.000Z</time>
        <extensions>
          <ns3:TrackPointExtension/>
        </extensions>
      </trkpt>
      <trkpt lat="-41.65053022094070911407470703125" lon="145.94964279793202877044677734375">
        <ele>1007.79998779296875</ele>
        <time>2026-04-13T00:56:30.000Z</time>
        <extensions>
          <ns3:TrackPointExtension/>
        </extensions>
      </trkpt>
      <trkpt lat="-41.65055863559246063232421875" lon="145.9496641717851161956787109375">
        <ele>1008.79998779296875</ele>
        <time>2026-04-13T00:56:42.000Z</time>
        <extensions>
          <ns3:TrackPointExtension/>
        </extensions>
      </trkpt>
      <trkpt lat="-41.65058017708361148834228515625" lon="145.94969023950397968292236328125">
        <ele>1009.4000244140625</ele>
        <time>2026-04-13T00:56:49.000Z</time>
        <extensions>
          <ns3:TrackPointExtension/>
        </extensions>
      </trkpt>
      <trkpt lat="-41.6505966894328594207763671875" lon="145.94969107769429683685302734375">
        <ele>1010</ele>
        <time>2026-04-13T00:56:52.000Z</time>
        <extensions>
          <ns3:TrackPointExtension/>
        </extensions>
      </trkpt>
      <trkpt lat="-41.6506523452699184417724609375" lon="145.949739776551723480224609375">
        <ele>1011</ele>
        <time>2026-04-13T00:57:05.000Z</time>
        <extensions>
          <ns3:TrackPointExtension/>
        </extensions>
      </trkpt>
      <trkpt lat="-41.65074932388961315155029296875" lon="145.94979853369295597076416015625">
        <ele>1014.20001220703125</ele>
        <time>2026-04-13T00:57:18.000Z</time>
        <extensions>
          <ns3:TrackPointExtension/>
        </extensions>
      </trkpt>
      <trkpt lat="-41.6507606394588947296142578125" lon="145.94980322755873203277587890625">
        <ele>1014.5999755859375</ele>
        <time>2026-04-13T00:57:19.000Z</time>
        <extensions>
          <ns3:TrackPointExtension/>
        </extensions>
      </trkpt>
      <trkpt lat="-41.65078167803585529327392578125" lon="145.9498043172061443328857421875">
        <ele>1015.4000244140625</ele>
        <time>2026-04-13T00:57:21.000Z</time>
        <extensions>
          <ns3:TrackPointExtension/>
        </extensions>
      </trkpt>
      <trkpt lat="-41.65079374797642230987548828125" lon="145.94980272464454174041748046875">
        <ele>1015.79998779296875</ele>
        <time>2026-04-13T00:57:22.000Z</time>
        <extensions>
          <ns3:TrackPointExtension/>
        </extensions>
      </trkpt>
      <trkpt lat="-41.65086843073368072509765625" lon="145.9498002938926219940185546875">
        <ele>1018.20001220703125</ele>
        <time>2026-04-13T00:57:34.000Z</time>
        <extensions>
          <ns3:TrackPointExtension/>
        </extensions>
      </trkpt>
      <trkpt lat="-41.6508679278194904327392578125" lon="145.9497989527881145477294921875">
        <ele>1018</ele>
        <time>2026-04-13T00:57:35.000Z</time>
        <extensions>
          <ns3:TrackPointExtension/>
        </extensions>
      </trkpt>
      <trkpt lat="-41.65087756700813770294189453125" lon="145.9498083405196666717529296875">
        <ele>1018.4000244140625</ele>
        <time>2026-04-13T00:57:47.000Z</time>
        <extensions>
          <ns3:TrackPointExtension/>
        </extensions>
      </trkpt>
      <trkpt lat="-41.6509121842682361602783203125" lon="145.94984362833201885223388671875">
        <ele>1019.5999755859375</ele>
        <time>2026-04-13T00:58:01.000Z</time>
        <extensions>
          <ns3:TrackPointExtension/>
        </extensions>
      </trkpt>
      <trkpt lat="-41.65094864554703235626220703125" lon="145.94985653646290302276611328125">
        <ele>1020.20001220703125</ele>
        <time>2026-04-13T00:58:12.000Z</time>
        <extensions>
          <ns3:TrackPointExtension/>
        </extensions>
      </trkpt>
      <trkpt lat="-41.6510171256959438323974609375" lon="145.9498458914458751678466796875">
        <ele>1021.5999755859375</ele>
        <time>2026-04-13T00:58:24.000Z</time>
        <extensions>
          <ns3:TrackPointExtension/>
        </extensions>
      </trkpt>
      <trkpt lat="-41.6511213965713977813720703125" lon="145.949869193136692047119140625">
        <ele>1023.20001220703125</ele>
        <time>2026-04-13T00:58:38.000Z</time>
        <extensions>
          <ns3:TrackPointExtension/>
        </extensions>
      </trkpt>
      <trkpt lat="-41.65114226751029491424560546875" lon="145.94992987811565399169921875">
        <ele>1023.79998779296875</ele>
        <time>2026-04-13T00:58:44.000Z</time>
        <extensions>
          <ns3:TrackPointExtension/>
        </extensions>
      </trkpt>
      <trkpt lat="-41.65118627250194549560546875" lon="145.9500069916248321533203125">
        <ele>1024.4000244140625</ele>
        <time>2026-04-13T00:58:55.000Z</time>
        <extensions>
          <ns3:TrackPointExtension/>
        </extensions>
      </trkpt>
      <trkpt lat="-41.65125207044184207916259765625" lon="145.9500311315059661865234375">
        <ele>1025.4000244140625</ele>
        <time>2026-04-13T00:59:07.000Z</time>
        <extensions>
          <ns3:TrackPointExtension/>
        </extensions>
      </trkpt>
      <trkpt lat="-41.65128978900611400604248046875" lon="145.9500852786004543304443359375">
        <ele>1026.5999755859375</ele>
        <time>2026-04-13T00:59:15.000Z</time>
        <extensions>
          <ns3:TrackPointExtension/>
        </extensions>
      </trkpt>
      <trkpt lat="-41.65132549591362476348876953125" lon="145.95010346733033657073974609375">
        <ele>1027.5999755859375</ele>
        <time>2026-04-13T00:59:20.000Z</time>
        <extensions>
          <ns3:TrackPointExtension/>
        </extensions>
      </trkpt>
      <trkpt lat="-41.65135198272764682769775390625" lon="145.95019583590328693389892578125">
        <ele>1027.800048828125</ele>
        <time>2026-04-13T00:59:29.000Z</time>
        <extensions>
          <ns3:TrackPointExtension/>
        </extensions>
      </trkpt>
      <trkpt lat="-41.65134997107088565826416015625" lon="145.95022332854568958282470703125">
        <ele>1027.4000244140625</ele>
        <time>2026-04-13T00:59:31.000Z</time>
        <extensions>
          <ns3:TrackPointExtension/>
        </extensions>
      </trkpt>
      <trkpt lat="-41.65134812705218791961669921875" lon="145.95030329190194606781005859375">
        <ele>1026.199951171875</ele>
        <time>2026-04-13T00:59:37.000Z</time>
        <extensions>
          <ns3:TrackPointExtension/>
        </extensions>
      </trkpt>
      <trkpt lat="-41.65133857168257236480712890625" lon="145.95041058026254177093505859375">
        <ele>1024.4000244140625</ele>
        <time>2026-04-13T00:59:48.000Z</time>
        <extensions>
          <ns3:TrackPointExtension/>
        </extensions>
      </trkpt>
      <trkpt lat="-41.65134209208190441131591796875" lon="145.95040261745452880859375">
        <ele>1024.800048828125</ele>
        <time>2026-04-13T01:00:14.000Z</time>
        <extensions>
          <ns3:TrackPointExtension/>
        </extensions>
      </trkpt>
      <trkpt lat="-41.6513426788151264190673828125" lon="145.950398258864879608154296875">
        <ele>1024.800048828125</ele>
        <time>2026-04-13T01:00:45.000Z</time>
        <extensions>
          <ns3:TrackPointExtension/>
        </extensions>
      </trkpt>
      <trkpt lat="-41.651342846453189849853515625" lon="145.95039926469326019287109375">
        <ele>1024.800048828125</ele>
        <time>2026-04-13T01:00:47.000Z</time>
        <extensions>
          <ns3:TrackPointExtension/>
        </extensions>
      </trkpt>
      <trkpt lat="-41.65135265327990055084228515625" lon="145.95036297105252742767333984375">
        <ele>1025.4000244140625</ele>
        <time>2026-04-13T01:00:57.000Z</time>
        <extensions>
          <ns3:TrackPointExtension/>
        </extensions>
      </trkpt>
      <trkpt lat="-41.651354916393756866455078125" lon="145.9503476321697235107421875">
        <ele>1025.800048828125</ele>
        <time>2026-04-13T01:00:58.000Z</time>
        <extensions>
          <ns3:TrackPointExtension/>
        </extensions>
      </trkpt>
      <trkpt lat="-41.65135634131729602813720703125" lon="145.95033128745853900909423828125">
        <ele>1026</ele>
        <time>2026-04-13T01:00:59.000Z</time>
        <extensions>
          <ns3:TrackPointExtension/>
        </extensions>
      </trkpt>
      <trkpt lat="-41.651360280811786651611328125" lon="145.9502297826111316680908203125">
        <ele>1027.4000244140625</ele>
        <time>2026-04-13T01:01:06.000Z</time>
        <extensions>
          <ns3:TrackPointExtension/>
        </extensions>
      </trkpt>
      <trkpt lat="-41.65137268602848052978515625" lon="145.95013414509594440460205078125">
        <ele>1028.5999755859375</ele>
        <time>2026-04-13T01:01:13.000Z</time>
        <extensions>
          <ns3:TrackPointExtension/>
        </extensions>
      </trkpt>
      <trkpt lat="-41.65140244178473949432373046875" lon="145.95008988864719867706298828125">
        <ele>1029.199951171875</ele>
        <time>2026-04-13T01:01:17.000Z</time>
        <extensions>
          <ns3:TrackPointExtension/>
        </extensions>
      </trkpt>
      <trkpt lat="-41.65149095468223094940185546875" lon="145.94999886117875576019287109375">
        <ele>1029</ele>
        <time>2026-04-13T01:01:28.000Z</time>
        <extensions>
          <ns3:TrackPointExtension/>
        </extensions>
      </trkpt>
      <trkpt lat="-41.65149665437638759613037109375" lon="145.94998561777174472808837890625">
        <ele>1029</ele>
        <time>2026-04-13T01:01:29.000Z</time>
        <extensions>
          <ns3:TrackPointExtension/>
        </extensions>
      </trkpt>
      <trkpt lat="-41.65150419808924198150634765625" lon="145.94997413456439971923828125">
        <ele>1029</ele>
        <time>2026-04-13T01:01:30.000Z</time>
        <extensions>
          <ns3:TrackPointExtension/>
        </extensions>
      </trkpt>
      <trkpt lat="-41.6515193693339824676513671875" lon="145.949920825660228729248046875">
        <ele>1028.5999755859375</ele>
        <time>2026-04-13T01:01:34.000Z</time>
        <extensions>
          <ns3:TrackPointExtension/>
        </extensions>
      </trkpt>
      <trkpt lat="-41.6515240631997585296630859375" lon="145.94990573823451995849609375">
        <ele>1028.4000244140625</ele>
        <time>2026-04-13T01:01:35.000Z</time>
        <extensions>
          <ns3:TrackPointExtension/>
        </extensions>
      </trkpt>
      <trkpt lat="-41.65153085254132747650146484375" lon="145.9498943388462066650390625">
        <ele>1028.4000244140625</ele>
        <time>2026-04-13T01:01:36.000Z</time>
        <extensions>
          <ns3:TrackPointExtension/>
        </extensions>
      </trkpt>
      <trkpt lat="-41.65157678537070751190185546875" lon="145.9498157165944576263427734375">
        <ele>1027.5999755859375</ele>
        <time>2026-04-13T01:01:44.000Z</time>
        <extensions>
          <ns3:TrackPointExtension/>
        </extensions>
      </trkpt>
      <trkpt lat="-41.6515944711863994598388671875" lon="145.94978411681950092315673828125">
        <ele>1027.4000244140625</ele>
        <time>2026-04-13T01:01:48.000Z</time>
        <extensions>
          <ns3:TrackPointExtension/>
        </extensions>
      </trkpt>
      <trkpt lat="-41.65160159580409526824951171875" lon="145.949774645268917083740234375">
        <ele>1027.199951171875</ele>
        <time>2026-04-13T01:01:49.000Z</time>
        <extensions>
          <ns3:TrackPointExtension/>
        </extensions>
      </trkpt>
      <trkpt lat="-41.65166772902011871337890625" lon="145.94969593919813632965087890625">
        <ele>1026.4000244140625</ele>
        <time>2026-04-13T01:01:58.000Z</time>
        <extensions>
          <ns3:TrackPointExtension/>
        </extensions>
      </trkpt>
      <trkpt lat="-41.6516712494194507598876953125" lon="145.949681438505649566650390625">
        <ele>1026.199951171875</ele>
        <time>2026-04-13T01:01:59.000Z</time>
        <extensions>
          <ns3:TrackPointExtension/>
        </extensions>
      </trkpt>
      <trkpt lat="-41.65169731713831424713134765625" lon="145.949589572846889495849609375">
        <ele>1025.199951171875</ele>
        <time>2026-04-13T01:02:08.000Z</time>
        <extensions>
          <ns3:TrackPointExtension/>
        </extensions>
      </trkpt>
      <trkpt lat="-41.65173989720642566680908203125" lon="145.94953249208629131317138671875">
        <ele>1024.800048828125</ele>
        <time>2026-04-13T01:02:18.000Z</time>
        <extensions>
          <ns3:TrackPointExtension/>
        </extensions>
      </trkpt>
      <trkpt lat="-41.6517540626227855682373046875" lon="145.9495174884796142578125">
        <ele>1024.5999755859375</ele>
        <time>2026-04-13T01:02:24.000Z</time>
        <extensions>
          <ns3:TrackPointExtension/>
        </extensions>
      </trkpt>
      <trkpt lat="-41.65177728049457073211669921875" lon="145.94946987926959991455078125">
        <ele>1024.199951171875</ele>
        <time>2026-04-13T01:02:35.000Z</time>
        <extensions>
          <ns3:TrackPointExtension/>
        </extensions>
      </trkpt>
      <trkpt lat="-41.65181533433496952056884765625" lon="145.94944247044622898101806640625">
        <ele>1024</ele>
        <time>2026-04-13T01:02:45.000Z</time>
        <extensions>
          <ns3:TrackPointExtension/>
        </extensions>
      </trkpt>
      <trkpt lat="-41.6518459282815456390380859375" lon="145.94943928532302379608154296875">
        <ele>1024</ele>
        <time>2026-04-13T01:02:48.000Z</time>
        <extensions>
          <ns3:TrackPointExtension/>
        </extensions>
      </trkpt>
      <trkpt lat="-41.651856489479541778564453125" lon="145.94943962059915065765380859375">
        <ele>1024</ele>
        <time>2026-04-13T01:02:49.000Z</time>
        <extensions>
          <ns3:TrackPointExtension/>
        </extensions>
      </trkpt>
      <trkpt lat="-41.6518670506775379180908203125" lon="145.94944062642753124237060546875">
        <ele>1024</ele>
        <time>2026-04-13T01:02:50.000Z</time>
        <extensions>
          <ns3:TrackPointExtension/>
        </extensions>
      </trkpt>
      <trkpt lat="-41.6518784500658512115478515625" lon="145.94943903386592864990234375">
        <ele>1024</ele>
        <time>2026-04-13T01:02:51.000Z</time>
        <extensions>
          <ns3:TrackPointExtension/>
        </extensions>
      </trkpt>
      <trkpt lat="-41.6519545577466487884521484375" lon="145.94940944574773311614990234375">
        <ele>1023.5999755859375</ele>
        <time>2026-04-13T01:02:59.000Z</time>
        <extensions>
          <ns3:TrackPointExtension/>
        </extensions>
      </trkpt>
      <trkpt lat="-41.6519770212471485137939453125" lon="145.9493845514953136444091796875">
        <ele>1023.4000244140625</ele>
        <time>2026-04-13T01:03:02.000Z</time>
        <extensions>
          <ns3:TrackPointExtension/>
        </extensions>
      </trkpt>
      <trkpt lat="-41.6519867442548274993896484375" lon="145.9493805281817913055419921875">
        <ele>1023.4000244140625</ele>
        <time>2026-04-13T01:03:03.000Z</time>
        <extensions>
          <ns3:TrackPointExtension/>
        </extensions>
      </trkpt>
      <trkpt lat="-41.65199722163379192352294921875" lon="145.9493788518011569976806640625">
        <ele>1023.4000244140625</ele>
        <time>2026-04-13T01:03:04.000Z</time>
        <extensions>
          <ns3:TrackPointExtension/>
        </extensions>
      </trkpt>
      <trkpt lat="-41.65205539204180240631103515625" lon="145.9493590705096721649169921875">
        <ele>1023.20001220703125</ele>
        <time>2026-04-13T01:03:10.000Z</time>
        <extensions>
          <ns3:TrackPointExtension/>
        </extensions>
      </trkpt>
      <trkpt lat="-41.65206528268754482269287109375" lon="145.9493506886065006256103515625">
        <ele>1023.20001220703125</ele>
        <time>2026-04-13T01:03:11.000Z</time>
        <extensions>
          <ns3:TrackPointExtension/>
        </extensions>
      </trkpt>
      <trkpt lat="-41.6520735807716846466064453125" lon="145.94934037886559963226318359375">
        <ele>1023.20001220703125</ele>
        <time>2026-04-13T01:03:12.000Z</time>
        <extensions>
          <ns3:TrackPointExtension/>
        </extensions>
      </trkpt>
      <trkpt lat="-41.65208338759839534759521484375" lon="145.9493315778672695159912109375">
        <ele>1023.20001220703125</ele>
        <time>2026-04-13T01:03:13.000Z</time>
        <extensions>
          <ns3:TrackPointExtension/>
        </extensions>
      </trkpt>
      <trkpt lat="-41.65209445171058177947998046875" lon="145.9493235312402248382568359375">
        <ele>1023.20001220703125</ele>
        <time>2026-04-13T01:03:14.000Z</time>
        <extensions>
          <ns3:TrackPointExtension/>
        </extensions>
      </trkpt>
      <trkpt lat="-41.65210383944213390350341796875" lon="145.949316658079624176025390625">
        <ele>1023</ele>
        <time>2026-04-13T01:03:15.000Z</time>
        <extensions>
          <ns3:TrackPointExtension/>
        </extensions>
      </trkpt>
      <trkpt lat="-41.65211498737335205078125" lon="145.94930919818580150604248046875">
        <ele>1023</ele>
        <time>2026-04-13T01:03:16.000Z</time>
        <extensions>
          <ns3:TrackPointExtension/>
        </extensions>
      </trkpt>
      <trkpt lat="-41.65212546475231647491455078125" lon="145.949299894273281097412109375">
        <ele>1023</ele>
        <time>2026-04-13T01:03:17.000Z</time>
        <extensions>
          <ns3:TrackPointExtension/>
        </extensions>
      </trkpt>
      <trkpt lat="-41.65223392657935619354248046875" lon="145.94919503666460514068603515625">
        <ele>1023</ele>
        <time>2026-04-13T01:03:29.000Z</time>
        <extensions>
          <ns3:TrackPointExtension/>
        </extensions>
      </trkpt>
      <trkpt lat="-41.6522770933806896209716796875" lon="145.9490680508315563201904296875">
        <ele>1023</ele>
        <time>2026-04-13T01:03:40.000Z</time>
        <extensions>
          <ns3:TrackPointExtension/>
        </extensions>
      </trkpt>
      <trkpt lat="-41.652282290160655975341796875" lon="145.94905438832938671112060546875">
        <ele>1023</ele>
        <time>2026-04-13T01:03:41.000Z</time>
        <extensions>
          <ns3:TrackPointExtension/>
        </extensions>
      </trkpt>
      <trkpt lat="-41.6522955335676670074462890625" lon="145.94903309829533100128173828125">
        <ele>1023.20001220703125</ele>
        <time>2026-04-13T01:03:43.000Z</time>
        <extensions>
          <ns3:TrackPointExtension/>
        </extensions>
      </trkpt>
      <trkpt lat="-41.65230349637567996978759765625" lon="145.94902086071670055389404296875">
        <ele>1023.20001220703125</ele>
        <time>2026-04-13T01:03:44.000Z</time>
        <extensions>
          <ns3:TrackPointExtension/>
        </extensions>
      </trkpt>
      <trkpt lat="-41.652310788631439208984375" lon="145.94900786876678466796875">
        <ele>1023.20001220703125</ele>
        <time>2026-04-13T01:03:45.000Z</time>
        <extensions>
          <ns3:TrackPointExtension/>
        </extensions>
      </trkpt>
      <trkpt lat="-41.652315147221088409423828125" lon="145.9489917755126953125">
        <ele>1023.20001220703125</ele>
        <time>2026-04-13T01:03:46.000Z</time>
        <extensions>
          <ns3:TrackPointExtension/>
        </extensions>
      </trkpt>
      <trkpt lat="-41.652317158877849578857421875" lon="145.9489768557250499725341796875">
        <ele>1023</ele>
        <time>2026-04-13T01:03:47.000Z</time>
        <extensions>
          <ns3:TrackPointExtension/>
        </extensions>
      </trkpt>
      <trkpt lat="-41.65232076309621334075927734375" lon="145.9489634446799755096435546875">
        <ele>1023</ele>
        <time>2026-04-13T01:03:48.000Z</time>
        <extensions>
          <ns3:TrackPointExtension/>
        </extensions>
      </trkpt>
      <trkpt lat="-41.652326881885528564453125" lon="145.9488916955888271331787109375">
        <ele>1022.79998779296875</ele>
        <time>2026-04-13T01:03:53.000Z</time>
        <extensions>
          <ns3:TrackPointExtension/>
        </extensions>
      </trkpt>
      <trkpt lat="-41.652331240475177764892578125" lon="145.94887753017246723175048828125">
        <ele>1022.79998779296875</ele>
        <time>2026-04-13T01:03:54.000Z</time>
        <extensions>
          <ns3:TrackPointExtension/>
        </extensions>
      </trkpt>
      <trkpt lat="-41.65233383886516094207763671875" lon="145.94886143691837787628173828125">
        <ele>1022.79998779296875</ele>
        <time>2026-04-13T01:03:55.000Z</time>
        <extensions>
          <ns3:TrackPointExtension/>
        </extensions>
      </trkpt>
      <trkpt lat="-41.65233534760773181915283203125" lon="145.94884467311203479766845703125">
        <ele>1022.5999755859375</ele>
        <time>2026-04-13T01:03:56.000Z</time>
        <extensions>
          <ns3:TrackPointExtension/>
        </extensions>
      </trkpt>
      <trkpt lat="-41.65233769454061985015869140625" lon="145.94883159734308719635009765625">
        <ele>1022.5999755859375</ele>
        <time>2026-04-13T01:03:57.000Z</time>
        <extensions>
          <ns3:TrackPointExtension/>
        </extensions>
      </trkpt>
      <trkpt lat="-41.6523404605686664581298828125" lon="145.9488169290125370025634765625">
        <ele>1022.5999755859375</ele>
        <time>2026-04-13T01:03:58.000Z</time>
        <extensions>
          <ns3:TrackPointExtension/>
        </extensions>
      </trkpt>
      <trkpt lat="-41.65235764347016811370849609375" lon="145.94866923987865447998046875">
        <ele>1022</ele>
        <time>2026-04-13T01:04:08.000Z</time>
        <extensions>
          <ns3:TrackPointExtension/>
        </extensions>
      </trkpt>
      <trkpt lat="-41.652362085878849029541015625" lon="145.94858885742723941802978515625">
        <ele>1021.4000244140625</ele>
        <time>2026-04-13T01:04:13.000Z</time>
        <extensions>
          <ns3:TrackPointExtension/>
        </extensions>
      </trkpt>
      <trkpt lat="-41.652364768087863922119140625" lon="145.94857444055378437042236328125">
        <ele>1021.4000244140625</ele>
        <time>2026-04-13T01:04:14.000Z</time>
        <extensions>
          <ns3:TrackPointExtension/>
        </extensions>
      </trkpt>
      <trkpt lat="-41.65236803703010082244873046875" lon="145.94855658710002899169921875">
        <ele>1021.20001220703125</ele>
        <time>2026-04-13T01:04:15.000Z</time>
        <extensions>
          <ns3:TrackPointExtension/>
        </extensions>
      </trkpt>
      <trkpt lat="-41.652369461953639984130859375" lon="145.94853839837014675140380859375">
        <ele>1021</ele>
        <time>2026-04-13T01:04:16.000Z</time>
        <extensions>
          <ns3:TrackPointExtension/>
        </extensions>
      </trkpt>
      <trkpt lat="-41.65237247943878173828125" lon="145.94852414913475513458251953125">
        <ele>1020.79998779296875</ele>
        <time>2026-04-13T01:04:17.000Z</time>
        <extensions>
          <ns3:TrackPointExtension/>
        </extensions>
      </trkpt>
      <trkpt lat="-41.652379520237445831298828125" lon="145.948509983718395233154296875">
        <ele>1020.79998779296875</ele>
        <time>2026-04-13T01:04:18.000Z</time>
        <extensions>
          <ns3:TrackPointExtension/>
        </extensions>
      </trkpt>
      <trkpt lat="-41.65238647721707820892333984375" lon="145.94849648885428905487060546875">
        <ele>1020.79998779296875</ele>
        <time>2026-04-13T01:04:19.000Z</time>
        <extensions>
          <ns3:TrackPointExtension/>
        </extensions>
      </trkpt>
      <trkpt lat="-41.6523904167115688323974609375" lon="145.948483161628246307373046875">
        <ele>1020.5999755859375</ele>
        <time>2026-04-13T01:04:20.000Z</time>
        <extensions>
          <ns3:TrackPointExtension/>
        </extensions>
      </trkpt>
      <trkpt lat="-41.6523925960063934326171875" lon="145.9484665654599666595458984375">
        <ele>1020.4000244140625</ele>
        <time>2026-04-13T01:04:21.000Z</time>
        <extensions>
          <ns3:TrackPointExtension/>
        </extensions>
      </trkpt>
      <trkpt lat="-41.6523914225399494171142578125" lon="145.9484491311013698577880859375">
        <ele>1020.4000244140625</ele>
        <time>2026-04-13T01:04:22.000Z</time>
        <extensions>
          <ns3:TrackPointExtension/>
        </extensions>
      </trkpt>
      <trkpt lat="-41.65238949470221996307373046875" lon="145.94843446277081966400146484375">
        <ele>1020.4000244140625</ele>
        <time>2026-04-13T01:04:23.000Z</time>
        <extensions>
          <ns3:TrackPointExtension/>
        </extensions>
      </trkpt>
      <trkpt lat="-41.65238932706415653228759765625" lon="145.948417447507381439208984375">
        <ele>1020.4000244140625</ele>
        <time>2026-04-13T01:04:24.000Z</time>
        <extensions>
          <ns3:TrackPointExtension/>
        </extensions>
      </trkpt>
      <trkpt lat="-41.6523887403309345245361328125" lon="145.94839967787265777587890625">
        <ele>1020.5999755859375</ele>
        <time>2026-04-13T01:04:25.000Z</time>
        <extensions>
          <ns3:TrackPointExtension/>
        </extensions>
      </trkpt>
      <trkpt lat="-41.65238832123577594757080078125" lon="145.9483837522566318511962890625">
        <ele>1020.5999755859375</ele>
        <time>2026-04-13T01:04:26.000Z</time>
        <extensions>
          <ns3:TrackPointExtension/>
        </extensions>
      </trkpt>
      <trkpt lat="-41.65238857269287109375" lon="145.94836589880287647247314453125">
        <ele>1020.5999755859375</ele>
        <time>2026-04-13T01:04:27.000Z</time>
        <extensions>
          <ns3:TrackPointExtension/>
        </extensions>
      </trkpt>
      <trkpt lat="-41.65240139700472354888916015625" lon="145.94824017025530338287353515625">
        <ele>1020.4000244140625</ele>
        <time>2026-04-13T01:04:36.000Z</time>
        <extensions>
          <ns3:TrackPointExtension/>
        </extensions>
      </trkpt>
      <trkpt lat="-41.652407348155975341796875" lon="145.948188118636608123779296875">
        <ele>1020.20001220703125</ele>
        <time>2026-04-13T01:04:40.000Z</time>
        <extensions>
          <ns3:TrackPointExtension/>
        </extensions>
      </trkpt>
      <trkpt lat="-41.65240533649921417236328125" lon="145.9481584466993808746337890625">
        <ele>1020.20001220703125</ele>
        <time>2026-04-13T01:04:42.000Z</time>
        <extensions>
          <ns3:TrackPointExtension/>
        </extensions>
      </trkpt>
      <trkpt lat="-41.65242453105747699737548828125" lon="145.94806842505931854248046875">
        <ele>1021.5999755859375</ele>
        <time>2026-04-13T01:04:48.000Z</time>
        <extensions>
          <ns3:TrackPointExtension/>
        </extensions>
      </trkpt>
      <trkpt lat="-41.65249896235764026641845703125" lon="145.948074124753475189208984375">
        <ele>1023.20001220703125</ele>
        <time>2026-04-13T01:04:57.000Z</time>
        <extensions>
          <ns3:TrackPointExtension/>
        </extensions>
      </trkpt>
      <trkpt lat="-41.65258026681840419769287109375" lon="145.9481574408710002899169921875">
        <ele>1023.79998779296875</ele>
        <time>2026-04-13T01:05:07.000Z</time>
        <extensions>
          <ns3:TrackPointExtension/>
        </extensions>
      </trkpt>
      <trkpt lat="-41.65260306559503078460693359375" lon="145.94820999540388584136962890625">
        <ele>1023.5999755859375</ele>
        <time>2026-04-13T01:05:11.000Z</time>
        <extensions>
          <ns3:TrackPointExtension/>
        </extensions>
      </trkpt>
      <trkpt lat="-41.6526442207396030426025390625" lon="145.9482885338366031646728515625">
        <ele>1023.79998779296875</ele>
        <time>2026-04-13T01:05:17.000Z</time>
        <extensions>
          <ns3:TrackPointExtension/>
        </extensions>
      </trkpt>
      <trkpt lat="-41.6526626609265804290771484375" lon="145.9483052976429462432861328125">
        <ele>1023.79998779296875</ele>
        <time>2026-04-13T01:05:19.000Z</time>
        <extensions>
          <ns3:TrackPointExtension/>
        </extensions>
      </trkpt>
      <trkpt lat="-41.652670539915561676025390625" lon="145.94831652939319610595703125">
        <ele>1023.79998779296875</ele>
        <time>2026-04-13T01:05:20.000Z</time>
        <extensions>
          <ns3:TrackPointExtension/>
        </extensions>
      </trkpt>
      <trkpt lat="-41.65267816744744777679443359375" lon="145.94832591712474822998046875">
        <ele>1024</ele>
        <time>2026-04-13T01:05:21.000Z</time>
        <extensions>
          <ns3:TrackPointExtension/>
        </extensions>
      </trkpt>
      <trkpt lat="-41.6527129523456096649169921875" lon="145.94835273921489715576171875">
        <ele>1024.199951171875</ele>
        <time>2026-04-13T01:05:25.000Z</time>
        <extensions>
          <ns3:TrackPointExtension/>
        </extensions>
      </trkpt>
      <trkpt lat="-41.65274304337799549102783203125" lon="145.94836891628801822662353515625">
        <ele>1024.4000244140625</ele>
        <time>2026-04-13T01:05:28.000Z</time>
        <extensions>
          <ns3:TrackPointExtension/>
        </extensions>
      </trkpt>
      <trkpt lat="-41.65275159291923046112060546875" lon="145.94837847165763378143310546875">
        <ele>1024.5999755859375</ele>
        <time>2026-04-13T01:05:29.000Z</time>
        <extensions>
          <ns3:TrackPointExtension/>
        </extensions>
      </trkpt>
      <trkpt lat="-41.6528002917766571044921875" lon="145.94840495847165584564208984375">
        <ele>1025</ele>
        <time>2026-04-13T01:05:35.000Z</time>
        <extensions>
          <ns3:TrackPointExtension/>
        </extensions>
      </trkpt>
      <trkpt lat="-41.65281194262206554412841796875" lon="145.94840898178517818450927734375">
        <ele>1025</ele>
        <time>2026-04-13T01:05:36.000Z</time>
        <extensions>
          <ns3:TrackPointExtension/>
        </extensions>
      </trkpt>
      <trkpt lat="-41.65282166562974452972412109375" lon="145.94841602258384227752685546875">
        <ele>1025.199951171875</ele>
        <time>2026-04-13T01:05:37.000Z</time>
        <extensions>
          <ns3:TrackPointExtension/>
        </extensions>
      </trkpt>
      <trkpt lat="-41.6528856195509433746337890625" lon="145.948467068374156951904296875">
        <ele>1025.800048828125</ele>
        <time>2026-04-13T01:05:44.000Z</time>
        <extensions>
          <ns3:TrackPointExtension/>
        </extensions>
      </trkpt>
      <trkpt lat="-41.65296591818332672119140625" lon="145.948535464704036712646484375">
        <ele>1026.5999755859375</ele>
        <time>2026-04-13T01:05:52.000Z</time>
        <extensions>
          <ns3:TrackPointExtension/>
        </extensions>
      </trkpt>
      <trkpt lat="-41.652971617877483367919921875" lon="145.9485480375587940216064453125">
        <ele>1026.5999755859375</ele>
        <time>2026-04-13T01:05:53.000Z</time>
        <extensions>
          <ns3:TrackPointExtension/>
        </extensions>
      </trkpt>
      <trkpt lat="-41.6530282795429229736328125" lon="145.94861266203224658966064453125">
        <ele>1027.199951171875</ele>
        <time>2026-04-13T01:06:04.000Z</time>
        <extensions>
          <ns3:TrackPointExtension/>
        </extensions>
      </trkpt>
      <trkpt lat="-41.6530341468751430511474609375" lon="145.9486271627247333526611328125">
        <ele>1027.4000244140625</ele>
        <time>2026-04-13T01:06:05.000Z</time>
        <extensions>
          <ns3:TrackPointExtension/>
        </extensions>
      </trkpt>
      <trkpt lat="-41.6530428640544414520263671875" lon="145.9486375562846660614013671875">
        <ele>1027.4000244140625</ele>
        <time>2026-04-13T01:06:06.000Z</time>
        <extensions>
          <ns3:TrackPointExtension/>
        </extensions>
      </trkpt>
      <trkpt lat="-41.6530532576143741607666015625" lon="145.94864602200686931610107421875">
        <ele>1027.5999755859375</ele>
        <time>2026-04-13T01:06:07.000Z</time>
        <extensions>
          <ns3:TrackPointExtension/>
        </extensions>
      </trkpt>
      <trkpt lat="-41.653062142431735992431640625" lon="145.94865373335778713226318359375">
        <ele>1027.5999755859375</ele>
        <time>2026-04-13T01:06:08.000Z</time>
        <extensions>
          <ns3:TrackPointExtension/>
        </extensions>
      </trkpt>
      <trkpt lat="-41.65307245217263698577880859375" lon="145.94866043888032436370849609375">
        <ele>1027.800048828125</ele>
        <time>2026-04-13T01:06:09.000Z</time>
        <extensions>
          <ns3:TrackPointExtension/>
        </extensions>
      </trkpt>
      <trkpt lat="-41.653139591217041015625" lon="145.9487096406519412994384765625">
        <ele>1029</ele>
        <time>2026-04-13T01:06:18.000Z</time>
        <extensions>
          <ns3:TrackPointExtension/>
        </extensions>
      </trkpt>
      <trkpt lat="-41.6531699337065219879150390625" lon="145.94873587600886821746826171875">
        <ele>1029.199951171875</ele>
        <time>2026-04-13T01:06:24.000Z</time>
        <extensions>
          <ns3:TrackPointExtension/>
        </extensions>
      </trkpt>
      <trkpt lat="-41.65318854153156280517578125" lon="145.948750041425228118896484375">
        <ele>1029.4000244140625</ele>
        <time>2026-04-13T01:06:26.000Z</time>
        <extensions>
          <ns3:TrackPointExtension/>
        </extensions>
      </trkpt>
      <trkpt lat="-41.65321008302271366119384765625" lon="145.94876169227063655853271484375">
        <ele>1029.5999755859375</ele>
        <time>2026-04-13T01:06:28.000Z</time>
        <extensions>
          <ns3:TrackPointExtension/>
        </extensions>
      </trkpt>
      <trkpt lat="-41.65322282351553440093994140625" lon="145.9487699903547763824462890625">
        <ele>1029.800048828125</ele>
        <time>2026-04-13T01:06:29.000Z</time>
        <extensions>
          <ns3:TrackPointExtension/>
        </extensions>
      </trkpt>
      <trkpt lat="-41.6532329656183719635009765625" lon="145.9487763606011867523193359375">
        <ele>1029.800048828125</ele>
        <time>2026-04-13T01:06:30.000Z</time>
        <extensions>
          <ns3:TrackPointExtension/>
        </extensions>
      </trkpt>
      <trkpt lat="-41.65324461646378040313720703125" lon="145.94877828843891620635986328125">
        <ele>1030</ele>
        <time>2026-04-13T01:06:31.000Z</time>
        <extensions>
          <ns3:TrackPointExtension/>
        </extensions>
      </trkpt>
      <trkpt lat="-41.6532631404697895050048828125" lon="145.9487892687320709228515625">
        <ele>1030.199951171875</ele>
        <time>2026-04-13T01:06:33.000Z</time>
        <extensions>
          <ns3:TrackPointExtension/>
        </extensions>
      </trkpt>
      <trkpt lat="-41.6533608734607696533203125" lon="145.94885674305260181427001953125">
        <ele>1031.4000244140625</ele>
        <time>2026-04-13T01:06:43.000Z</time>
        <extensions>
          <ns3:TrackPointExtension/>
        </extensions>
      </trkpt>
      <trkpt lat="-41.65337805636227130889892578125" lon="145.94886696897447109222412109375">
        <ele>1031.5999755859375</ele>
        <time>2026-04-13T01:06:45.000Z</time>
        <extensions>
          <ns3:TrackPointExtension/>
        </extensions>
      </trkpt>
      <trkpt lat="-41.65342189371585845947265625" lon="145.9489057771861553192138671875">
        <ele>1032.4000244140625</ele>
        <time>2026-04-13T01:06:50.000Z</time>
        <extensions>
          <ns3:TrackPointExtension/>
        </extensions>
      </trkpt>
      <trkpt lat="-41.65350931696593761444091796875" lon="145.94895363785326480865478515625">
        <ele>1034</ele>
        <time>2026-04-13T01:07:00.000Z</time>
        <extensions>
          <ns3:TrackPointExtension/>
        </extensions>
      </trkpt>
      <trkpt lat="-41.653585843741893768310546875" lon="145.9489795379340648651123046875">
        <ele>1035.199951171875</ele>
        <time>2026-04-13T01:07:11.000Z</time>
        <extensions>
          <ns3:TrackPointExtension/>
        </extensions>
      </trkpt>
      <trkpt lat="-41.65369288064539432525634765625" lon="145.9489781968295574188232421875">
        <ele>1037.5999755859375</ele>
        <time>2026-04-13T01:07:25.000Z</time>
        <extensions>
          <ns3:TrackPointExtension/>
        </extensions>
      </trkpt>
      <trkpt lat="-41.65376127697527408599853515625" lon="145.9489728324115276336669921875">
        <ele>1038.800048828125</ele>
        <time>2026-04-13T01:07:33.000Z</time>
        <extensions>
          <ns3:TrackPointExtension/>
        </extensions>
      </trkpt>
      <trkpt lat="-41.653773598372936248779296875" lon="145.94897392205893993377685546875">
        <ele>1038.800048828125</ele>
        <time>2026-04-13T01:07:48.000Z</time>
        <extensions>
          <ns3:TrackPointExtension/>
        </extensions>
      </trkpt>
      <trkpt lat="-41.65383503772318363189697265625" lon="145.94893838278949260711669921875">
        <ele>1040.800048828125</ele>
        <time>2026-04-13T01:08:07.000Z</time>
        <extensions>
          <ns3:TrackPointExtension/>
        </extensions>
      </trkpt>
      <trkpt lat="-41.65392816066741943359375" lon="145.9488643705844879150390625">
        <ele>1044.199951171875</ele>
        <time>2026-04-13T01:08:22.000Z</time>
        <extensions>
          <ns3:TrackPointExtension/>
        </extensions>
      </trkpt>
      <trkpt lat="-41.654006950557231903076171875" lon="145.94882053323090076446533203125">
        <ele>1046.5999755859375</ele>
        <time>2026-04-13T01:08:32.000Z</time>
        <extensions>
          <ns3:TrackPointExtension/>
        </extensions>
      </trkpt>
      <trkpt lat="-41.6540724970400333404541015625" lon="145.948780886828899383544921875">
        <ele>1048.800048828125</ele>
        <time>2026-04-13T01:08:41.000Z</time>
        <extensions>
          <ns3:TrackPointExtension/>
        </extensions>
      </trkpt>
      <trkpt lat="-41.6541697271168231964111328125" lon="145.948723219335079193115234375">
        <ele>1051.800048828125</ele>
        <time>2026-04-13T01:08:53.000Z</time>
        <extensions>
          <ns3:TrackPointExtension/>
        </extensions>
      </trkpt>
      <trkpt lat="-41.654241979122161865234375" lon="145.94864602200686931610107421875">
        <ele>1055.199951171875</ele>
        <time>2026-04-13T01:09:04.000Z</time>
        <extensions>
          <ns3:TrackPointExtension/>
        </extensions>
      </trkpt>
      <trkpt lat="-41.65426184423267841339111328125" lon="145.94862364232540130615234375">
        <ele>1056.199951171875</ele>
        <time>2026-04-13T01:09:18.000Z</time>
        <extensions>
          <ns3:TrackPointExtension/>
        </extensions>
      </trkpt>
      <trkpt lat="-41.654261760413646697998046875" lon="145.9486204572021961212158203125">
        <ele>1056.199951171875</ele>
        <time>2026-04-13T01:09:36.000Z</time>
        <extensions>
          <ns3:TrackPointExtension/>
        </extensions>
      </trkpt>
      <trkpt lat="-41.65427106432616710662841796875" lon="145.94862766563892364501953125">
        <ele>1056.199951171875</ele>
        <time>2026-04-13T01:09:55.000Z</time>
        <extensions>
          <ns3:TrackPointExtension/>
        </extensions>
      </trkpt>
      <trkpt lat="-41.6542786918580532073974609375" lon="145.9486140869557857513427734375">
        <ele>1056.5999755859375</ele>
        <time>2026-04-13T01:10:12.000Z</time>
        <extensions>
          <ns3:TrackPointExtension/>
        </extensions>
      </trkpt>
      <trkpt lat="-41.65433241985738277435302734375" lon="145.94856102950870990753173828125">
        <ele>1059</ele>
        <time>2026-04-13T01:10:29.000Z</time>
        <extensions>
          <ns3:TrackPointExtension/>
        </extensions>
      </trkpt>
      <trkpt lat="-41.65446284227073192596435546875" lon="145.94848123379051685333251953125">
        <ele>1063</ele>
        <time>2026-04-13T01:10:45.000Z</time>
        <extensions>
          <ns3:TrackPointExtension/>
        </extensions>
      </trkpt>
      <trkpt lat="-41.6545276343822479248046875" lon="145.9484447725117206573486328125">
        <ele>1064.199951171875</ele>
        <time>2026-04-13T01:10:52.000Z</time>
        <extensions>
          <ns3:TrackPointExtension/>
        </extensions>
      </trkpt>
      <trkpt lat="-41.65462075732648372650146484375" lon="145.9484048746526241302490234375">
        <ele>1065.199951171875</ele>
        <time>2026-04-13T01:11:01.000Z</time>
        <extensions>
          <ns3:TrackPointExtension/>
        </extensions>
      </trkpt>
      <trkpt lat="-41.65464992634952068328857421875" lon="145.94839205034077167510986328125">
        <ele>1065.4000244140625</ele>
        <time>2026-04-13T01:11:04.000Z</time>
        <extensions>
          <ns3:TrackPointExtension/>
        </extensions>
      </trkpt>
      <trkpt lat="-41.6547152213752269744873046875" lon="145.94834527932107448577880859375">
        <ele>1066.800048828125</ele>
        <time>2026-04-13T01:11:14.000Z</time>
        <extensions>
          <ns3:TrackPointExtension/>
        </extensions>
      </trkpt>
      <trkpt lat="-41.65479526855051517486572265625" lon="145.9482992626726627349853515625">
        <ele>1068.199951171875</ele>
        <time>2026-04-13T01:11:25.000Z</time>
        <extensions>
          <ns3:TrackPointExtension/>
        </extensions>
      </trkpt>
      <trkpt lat="-41.6549004614353179931640625" lon="145.94825425185263156890869140625">
        <ele>1070</ele>
        <time>2026-04-13T01:11:38.000Z</time>
        <extensions>
          <ns3:TrackPointExtension/>
        </extensions>
      </trkpt>
      <trkpt lat="-41.6550079174339771270751953125" lon="145.94820966012775897979736328125">
        <ele>1071.800048828125</ele>
        <time>2026-04-13T01:11:51.000Z</time>
        <extensions>
          <ns3:TrackPointExtension/>
        </extensions>
      </trkpt>
      <trkpt lat="-41.65506198070943355560302734375" lon="145.94819289632141590118408203125">
        <ele>1072.800048828125</ele>
        <time>2026-04-13T01:12:01.000Z</time>
        <extensions>
          <ns3:TrackPointExtension/>
        </extensions>
      </trkpt>
      <trkpt lat="-41.655153930187225341796875" lon="145.94816288910806179046630859375">
        <ele>1074.5999755859375</ele>
        <time>2026-04-13T01:12:18.000Z</time>
        <extensions>
          <ns3:TrackPointExtension/>
        </extensions>
      </trkpt>
      <trkpt lat="-41.6552281938493251800537109375" lon="145.9481604583561420440673828125">
        <ele>1075.4000244140625</ele>
        <time>2026-04-13T01:12:26.000Z</time>
        <extensions>
          <ns3:TrackPointExtension/>
        </extensions>
      </trkpt>
      <trkpt lat="-41.6552456282079219818115234375" lon="145.9481564350426197052001953125">
        <ele>1075.5999755859375</ele>
        <time>2026-04-13T01:12:28.000Z</time>
        <extensions>
          <ns3:TrackPointExtension/>
        </extensions>
      </trkpt>
      <trkpt lat="-41.6553106717765331268310546875" lon="145.9481455385684967041015625">
        <ele>1076.5999755859375</ele>
        <time>2026-04-13T01:12:35.000Z</time>
        <extensions>
          <ns3:TrackPointExtension/>
        </extensions>
      </trkpt>
      <trkpt lat="-41.6553341411054134368896484375" lon="145.94816339202225208282470703125">
        <ele>1076.199951171875</ele>
        <time>2026-04-13T01:12:38.000Z</time>
        <extensions>
          <ns3:TrackPointExtension/>
        </extensions>
      </trkpt>
      <trkpt lat="-41.6554082371294498443603515625" lon="145.9481604583561420440673828125">
        <ele>1076.800048828125</ele>
        <time>2026-04-13T01:12:49.000Z</time>
        <extensions>
          <ns3:TrackPointExtension/>
        </extensions>
      </trkpt>
      <trkpt lat="-41.655497588217258453369140625" lon="145.94814084470272064208984375">
        <ele>1077.5999755859375</ele>
        <time>2026-04-13T01:13:00.000Z</time>
        <extensions>
          <ns3:TrackPointExtension/>
        </extensions>
      </trkpt>
      <trkpt lat="-41.65557897649705410003662109375" lon="145.9480870328843593597412109375">
        <ele>1078.5999755859375</ele>
        <time>2026-04-13T01:13:15.000Z</time>
        <extensions>
          <ns3:TrackPointExtension/>
        </extensions>
      </trkpt>
      <trkpt lat="-41.6556496359407901763916015625" lon="145.9480471350252628326416015625">
        <ele>1079</ele>
        <time>2026-04-13T01:13:25.000Z</time>
        <extensions>
          <ns3:TrackPointExtension/>
        </extensions>
      </trkpt>
      <trkpt lat="-41.65573555044829845428466796875" lon="145.94801754690706729888916015625">
        <ele>1079.199951171875</ele>
        <time>2026-04-13T01:13:38.000Z</time>
        <extensions>
          <ns3:TrackPointExtension/>
        </extensions>
      </trkpt>
      <trkpt lat="-41.6558098979294300079345703125" lon="145.94800681807100772857666015625">
        <ele>1079.5999755859375</ele>
        <time>2026-04-13T01:13:49.000Z</time>
        <extensions>
          <ns3:TrackPointExtension/>
        </extensions>
      </trkpt>
      <trkpt lat="-41.6558256559073925018310546875" lon="145.94801788218319416046142578125">
        <ele>1079.800048828125</ele>
        <time>2026-04-13T01:13:51.000Z</time>
        <extensions>
          <ns3:TrackPointExtension/>
        </extensions>
      </trkpt>
      <trkpt lat="-41.65584518574178218841552734375" lon="145.94802425242960453033447265625">
        <ele>1080</ele>
        <time>2026-04-13T01:13:53.000Z</time>
        <extensions>
          <ns3:TrackPointExtension/>
        </extensions>
      </trkpt>
      <trkpt lat="-41.6558725945651531219482421875" lon="145.94803229905664920806884765625">
        <ele>1080.4000244140625</ele>
        <time>2026-04-13T01:13:56.000Z</time>
        <extensions>
          <ns3:TrackPointExtension/>
        </extensions>
      </trkpt>
      <trkpt lat="-41.655887179076671600341796875" lon="145.9480414353311061859130859375">
        <ele>1080.4000244140625</ele>
        <time>2026-04-13T01:13:58.000Z</time>
        <extensions>
          <ns3:TrackPointExtension/>
        </extensions>
      </trkpt>
      <trkpt lat="-41.6559661366045475006103515625" lon="145.94811595045030117034912109375">
        <ele>1080.5999755859375</ele>
        <time>2026-04-13T01:14:09.000Z</time>
        <extensions>
          <ns3:TrackPointExtension/>
        </extensions>
      </trkpt>
      <trkpt lat="-41.6560382209718227386474609375" lon="145.94811134040355682373046875">
        <ele>1080.800048828125</ele>
        <time>2026-04-13T01:14:17.000Z</time>
        <extensions>
          <ns3:TrackPointExtension/>
        </extensions>
      </trkpt>
      <trkpt lat="-41.6561039350926876068115234375" lon="145.948089547455310821533203125">
        <ele>1080.800048828125</ele>
        <time>2026-04-13T01:14:25.000Z</time>
        <extensions>
          <ns3:TrackPointExtension/>
        </extensions>
      </trkpt>
      <trkpt lat="-41.65614592842757701873779296875" lon="145.948064066469669342041015625">
        <ele>1080.800048828125</ele>
        <time>2026-04-13T01:14:32.000Z</time>
        <extensions>
          <ns3:TrackPointExtension/>
        </extensions>
      </trkpt>
      <trkpt lat="-41.65615984238684177398681640625" lon="145.9480612166225910186767578125">
        <ele>1080.5999755859375</ele>
        <time>2026-04-13T01:14:51.000Z</time>
        <extensions>
          <ns3:TrackPointExtension/>
        </extensions>
      </trkpt>
      <trkpt lat="-41.65615146048367023468017578125" lon="145.94807085581123828887939453125">
        <ele>1080.800048828125</ele>
        <time>2026-04-13T01:15:16.000Z</time>
        <extensions>
          <ns3:TrackPointExtension/>
        </extensions>
      </trkpt>
      <trkpt lat="-41.6561505384743213653564453125" lon="145.94806884415447711944580078125">
        <ele>1080.800048828125</ele>
        <time>2026-04-13T01:15:30.000Z</time>
        <extensions>
          <ns3:TrackPointExtension/>
        </extensions>
      </trkpt>
      <trkpt lat="-41.6561505384743213653564453125" lon="145.94806917943060398101806640625">
        <ele>1080.800048828125</ele>
        <time>2026-04-13T01:15:31.000Z</time>
        <extensions>
          <ns3:TrackPointExtension/>
        </extensions>
      </trkpt>
      <trkpt lat="-41.65614039637148380279541015625" lon="145.948141179978847503662109375">
        <ele>1081.5999755859375</ele>
        <time>2026-04-13T01:16:21.000Z</time>
        <extensions>
          <ns3:TrackPointExtension/>
        </extensions>
      </trkpt>
      <trkpt lat="-41.65612916462123394012451171875" lon="145.9481906332075595855712890625">
        <ele>1081.800048828125</ele>
        <time>2026-04-13T01:16:25.000Z</time>
        <extensions>
          <ns3:TrackPointExtension/>
        </extensions>
      </trkpt>
      <trkpt lat="-41.65612497366964817047119140625" lon="145.94820396043360233306884765625">
        <ele>1081.800048828125</ele>
        <time>2026-04-13T01:16:26.000Z</time>
        <extensions>
          <ns3:TrackPointExtension/>
        </extensions>
      </trkpt>
      <trkpt lat="-41.65612019598484039306640625" lon="145.94826799817383289337158203125">
        <ele>1082</ele>
        <time>2026-04-13T01:16:34.000Z</time>
        <extensions>
          <ns3:TrackPointExtension/>
        </extensions>
      </trkpt>
      <trkpt lat="-41.65613905526697635650634765625" lon="145.948314853012561798095703125">
        <ele>1082.4000244140625</ele>
        <time>2026-04-13T01:16:38.000Z</time>
        <extensions>
          <ns3:TrackPointExtension/>
        </extensions>
      </trkpt>
      <trkpt lat="-41.656148023903369903564453125" lon="145.94834326766431331634521484375">
        <ele>1082.5999755859375</ele>
        <time>2026-04-13T01:16:40.000Z</time>
        <extensions>
          <ns3:TrackPointExtension/>
        </extensions>
      </trkpt>
      <trkpt lat="-41.65615732781589031219482421875" lon="145.9483520686626434326171875">
        <ele>1082.5999755859375</ele>
        <time>2026-04-13T01:16:41.000Z</time>
        <extensions>
          <ns3:TrackPointExtension/>
        </extensions>
      </trkpt>
      <trkpt lat="-41.65616638027131557464599609375" lon="145.94836036674678325653076171875">
        <ele>1082.5999755859375</ele>
        <time>2026-04-13T01:16:42.000Z</time>
        <extensions>
          <ns3:TrackPointExtension/>
        </extensions>
      </trkpt>
      <trkpt lat="-41.65619152598083019256591796875" lon="145.94838249497115612030029296875">
        <ele>1082.4000244140625</ele>
        <time>2026-04-13T01:16:45.000Z</time>
        <extensions>
          <ns3:TrackPointExtension/>
        </extensions>
      </trkpt>
      <trkpt lat="-41.65625086985528469085693359375" lon="145.94844234175980091094970703125">
        <ele>1083.199951171875</ele>
        <time>2026-04-13T01:16:55.000Z</time>
        <extensions>
          <ns3:TrackPointExtension/>
        </extensions>
      </trkpt>
      <trkpt lat="-41.656284146010875701904296875" lon="145.94846128486096858978271484375">
        <ele>1083.4000244140625</ele>
        <time>2026-04-13T01:16:59.000Z</time>
        <extensions>
          <ns3:TrackPointExtension/>
        </extensions>
      </trkpt>
      <trkpt lat="-41.65631406940519809722900390625" lon="145.9484883584082126617431640625">
        <ele>1083.4000244140625</ele>
        <time>2026-04-13T01:17:03.000Z</time>
        <extensions>
          <ns3:TrackPointExtension/>
        </extensions>
      </trkpt>
      <trkpt lat="-41.65635899640619754791259765625" lon="145.94853487797081470489501953125">
        <ele>1083.4000244140625</ele>
        <time>2026-04-13T01:17:09.000Z</time>
        <extensions>
          <ns3:TrackPointExtension/>
        </extensions>
      </trkpt>
      <trkpt lat="-41.6564239561557769775390625" lon="145.9486030228435993194580078125">
        <ele>1084.4000244140625</ele>
        <time>2026-04-13T01:17:18.000Z</time>
        <extensions>
          <ns3:TrackPointExtension/>
        </extensions>
      </trkpt>
      <trkpt lat="-41.65652143768966197967529296875" lon="145.94869329594075679779052734375">
        <ele>1084.199951171875</ele>
        <time>2026-04-13T01:17:29.000Z</time>
        <extensions>
          <ns3:TrackPointExtension/>
        </extensions>
      </trkpt>
      <trkpt lat="-41.65660592727363109588623046875" lon="145.94878683798015117645263671875">
        <ele>1084.199951171875</ele>
        <time>2026-04-13T01:17:40.000Z</time>
        <extensions>
          <ns3:TrackPointExtension/>
        </extensions>
      </trkpt>
      <trkpt lat="-41.6566376946866512298583984375" lon="145.9488454274833202362060546875">
        <ele>1084.199951171875</ele>
        <time>2026-04-13T01:17:45.000Z</time>
        <extensions>
          <ns3:TrackPointExtension/>
        </extensions>
      </trkpt>
      <trkpt lat="-41.65672495029866695404052734375" lon="145.94890636391937732696533203125">
        <ele>1084.4000244140625</ele>
        <time>2026-04-13T01:17:54.000Z</time>
        <extensions>
          <ns3:TrackPointExtension/>
        </extensions>
      </trkpt>
      <trkpt lat="-41.65677465498447418212890625" lon="145.94893838278949260711669921875">
        <ele>1083.800048828125</ele>
        <time>2026-04-13T01:17:59.000Z</time>
        <extensions>
          <ns3:TrackPointExtension/>
        </extensions>
      </trkpt>
      <trkpt lat="-41.656859479844570159912109375" lon="145.9490358643233776092529296875">
        <ele>1084.4000244140625</ele>
        <time>2026-04-13T01:18:09.000Z</time>
        <extensions>
          <ns3:TrackPointExtension/>
        </extensions>
      </trkpt>
      <trkpt lat="-41.65694623254239559173583984375" lon="145.9491035901010036468505859375">
        <ele>1084.4000244140625</ele>
        <time>2026-04-13T01:18:19.000Z</time>
        <extensions>
          <ns3:TrackPointExtension/>
        </extensions>
      </trkpt>
      <trkpt lat="-41.65695528499782085418701171875" lon="145.949112474918365478515625">
        <ele>1084.4000244140625</ele>
        <time>2026-04-13T01:18:20.000Z</time>
        <extensions>
          <ns3:TrackPointExtension/>
        </extensions>
      </trkpt>
      <trkpt lat="-41.656971462070941925048828125" lon="145.94912345521152019500732421875">
        <ele>1084.5999755859375</ele>
        <time>2026-04-13T01:18:22.000Z</time>
        <extensions>
          <ns3:TrackPointExtension/>
        </extensions>
      </trkpt>
      <trkpt lat="-41.65704815648496150970458984375" lon="145.9491513669490814208984375">
        <ele>1084.5999755859375</ele>
        <time>2026-04-13T01:18:30.000Z</time>
        <extensions>
          <ns3:TrackPointExtension/>
        </extensions>
      </trkpt>
      <trkpt lat="-41.65715527720749378204345703125" lon="145.94916938804090023040771484375">
        <ele>1084.4000244140625</ele>
        <time>2026-04-13T01:18:41.000Z</time>
        <extensions>
          <ns3:TrackPointExtension/>
        </extensions>
      </trkpt>
      <trkpt lat="-41.65722283534705638885498046875" lon="145.94919763505458831787109375">
        <ele>1085.199951171875</ele>
        <time>2026-04-13T01:18:49.000Z</time>
        <extensions>
          <ns3:TrackPointExtension/>
        </extensions>
      </trkpt>
      <trkpt lat="-41.6572988592088222503662109375" lon="145.9492759220302104949951171875">
        <ele>1086.4000244140625</ele>
        <time>2026-04-13T01:18:58.000Z</time>
        <extensions>
          <ns3:TrackPointExtension/>
        </extensions>
      </trkpt>
      <trkpt lat="-41.6573037207126617431640625" lon="145.94928748905658721923828125">
        <ele>1086.5999755859375</ele>
        <time>2026-04-13T01:18:59.000Z</time>
        <extensions>
          <ns3:TrackPointExtension/>
        </extensions>
      </trkpt>
      <trkpt lat="-41.657324172556400299072265625" lon="145.949305258691310882568359375">
        <ele>1086.5999755859375</ele>
        <time>2026-04-13T01:19:02.000Z</time>
        <extensions>
          <ns3:TrackPointExtension/>
        </extensions>
      </trkpt>
      <trkpt lat="-41.65739248506724834442138671875" lon="145.9494153968989849090576171875">
        <ele>1087</ele>
        <time>2026-04-13T01:19:13.000Z</time>
        <extensions>
          <ns3:TrackPointExtension/>
        </extensions>
      </trkpt>
      <trkpt lat="-41.65742869488894939422607421875" lon="145.94947256147861480712890625">
        <ele>1088</ele>
        <time>2026-04-13T01:19:22.000Z</time>
        <extensions>
          <ns3:TrackPointExtension/>
        </extensions>
      </trkpt>
      <trkpt lat="-41.65744042955338954925537109375" lon="145.949483625590801239013671875">
        <ele>1088.4000244140625</ele>
        <time>2026-04-13T01:19:40.000Z</time>
        <extensions>
          <ns3:TrackPointExtension/>
        </extensions>
      </trkpt>
      <trkpt lat="-41.65750849060714244842529296875" lon="145.9495240263640880584716796875">
        <ele>1089.800048828125</ele>
        <time>2026-04-13T01:19:58.000Z</time>
        <extensions>
          <ns3:TrackPointExtension/>
        </extensions>
      </trkpt>
      <trkpt lat="-41.657520644366741180419921875" lon="145.9496019780635833740234375">
        <ele>1091</ele>
        <time>2026-04-13T01:20:06.000Z</time>
        <extensions>
          <ns3:TrackPointExtension/>
        </extensions>
      </trkpt>
      <trkpt lat="-41.65756934322416782379150390625" lon="145.949702225625514984130859375">
        <ele>1093.199951171875</ele>
        <time>2026-04-13T01:20:19.000Z</time>
        <extensions>
          <ns3:TrackPointExtension/>
        </extensions>
      </trkpt>
      <trkpt lat="-41.65760555304586887359619140625" lon="145.94978461973369121551513671875">
        <ele>1094.4000244140625</ele>
        <time>2026-04-13T01:20:31.000Z</time>
        <extensions>
          <ns3:TrackPointExtension/>
        </extensions>
      </trkpt>
      <trkpt lat="-41.65761762298643589019775390625" lon="145.949891991913318634033203125">
        <ele>1097</ele>
        <time>2026-04-13T01:20:47.000Z</time>
        <extensions>
          <ns3:TrackPointExtension/>
        </extensions>
      </trkpt>
      <trkpt lat="-41.657627932727336883544921875" lon="145.94993432052433490753173828125">
        <ele>1097.5999755859375</ele>
        <time>2026-04-13T01:20:56.000Z</time>
        <extensions>
          <ns3:TrackPointExtension/>
        </extensions>
      </trkpt>
      <trkpt lat="-41.65763698518276214599609375" lon="145.94995795749127864837646484375">
        <ele>1098</ele>
        <time>2026-04-13T01:21:03.000Z</time>
        <extensions>
          <ns3:TrackPointExtension/>
        </extensions>
      </trkpt>
      <trkpt lat="-41.65765584446489810943603515625" lon="145.9499930776655673980712890625">
        <ele>1098.5999755859375</ele>
        <time>2026-04-13T01:21:12.000Z</time>
        <extensions>
          <ns3:TrackPointExtension/>
        </extensions>
      </trkpt>
      <trkpt lat="-41.6576954908668994903564453125" lon="145.95003238879144191741943359375">
        <ele>1099.800048828125</ele>
        <time>2026-04-13T01:21:26.000Z</time>
        <extensions>
          <ns3:TrackPointExtension/>
        </extensions>
      </trkpt>
      <trkpt lat="-41.65772021748125553131103515625" lon="145.950127355754375457763671875">
        <ele>1102.5999755859375</ele>
        <time>2026-04-13T01:21:42.000Z</time>
        <extensions>
          <ns3:TrackPointExtension/>
        </extensions>
      </trkpt>
      <trkpt lat="-41.6577960737049579620361328125" lon="145.95016096718609333038330078125">
        <ele>1104.5999755859375</ele>
        <time>2026-04-13T01:21:55.000Z</time>
        <extensions>
          <ns3:TrackPointExtension/>
        </extensions>
      </trkpt>
      <trkpt lat="-41.657846532762050628662109375" lon="145.9502529166638851165771484375">
        <ele>1108.199951171875</ele>
        <time>2026-04-13T01:22:10.000Z</time>
        <extensions>
          <ns3:TrackPointExtension/>
        </extensions>
      </trkpt>
      <trkpt lat="-41.657880730926990509033203125" lon="145.950277559459209442138671875">
        <ele>1109.199951171875</ele>
        <time>2026-04-13T01:22:17.000Z</time>
        <extensions>
          <ns3:TrackPointExtension/>
        </extensions>
      </trkpt>
      <trkpt lat="-41.6579204611480236053466796875" lon="145.9503236599266529083251953125">
        <ele>1111</ele>
        <time>2026-04-13T01:22:29.000Z</time>
        <extensions>
          <ns3:TrackPointExtension/>
        </extensions>
      </trkpt>
      <trkpt lat="-41.65796999819576740264892578125" lon="145.95038325525820255279541015625">
        <ele>1114.199951171875</ele>
        <time>2026-04-13T01:22:43.000Z</time>
        <extensions>
          <ns3:TrackPointExtension/>
        </extensions>
      </trkpt>
      <trkpt lat="-41.6579841636121273040771484375" lon="145.95042533241212368011474609375">
        <ele>1116</ele>
        <time>2026-04-13T01:22:53.000Z</time>
        <extensions>
          <ns3:TrackPointExtension/>
        </extensions>
      </trkpt>
      <trkpt lat="-41.6580203734338283538818359375" lon="145.9504487179219722747802734375">
        <ele>1117.4000244140625</ele>
        <time>2026-04-13T01:23:04.000Z</time>
        <extensions>
          <ns3:TrackPointExtension/>
        </extensions>
      </trkpt>
      <trkpt lat="-41.65805876255035400390625" lon="145.9504906274378299713134765625">
        <ele>1120</ele>
        <time>2026-04-13T01:23:19.000Z</time>
        <extensions>
          <ns3:TrackPointExtension/>
        </extensions>
      </trkpt>
      <trkpt lat="-41.65811768732964992523193359375" lon="145.9505516476929187774658203125">
        <ele>1124.199951171875</ele>
        <time>2026-04-13T01:23:30.000Z</time>
        <extensions>
          <ns3:TrackPointExtension/>
        </extensions>
      </trkpt>
      <trkpt lat="-41.6581333614885807037353515625" lon="145.95057905651628971099853515625">
        <ele>1125.5999755859375</ele>
        <time>2026-04-13T01:23:38.000Z</time>
        <extensions>
          <ns3:TrackPointExtension/>
        </extensions>
      </trkpt>
      <trkpt lat="-41.6581454314291477203369140625" lon="145.95058458857238292694091796875">
        <ele>1126</ele>
        <time>2026-04-13T01:23:52.000Z</time>
        <extensions>
          <ns3:TrackPointExtension/>
        </extensions>
      </trkpt>
      <trkpt lat="-41.6581615246832370758056640625" lon="145.9506133385002613067626953125">
        <ele>1127.5999755859375</ele>
        <time>2026-04-13T01:24:11.000Z</time>
        <extensions>
          <ns3:TrackPointExtension/>
        </extensions>
      </trkpt>
      <trkpt lat="-41.65816177614033222198486328125" lon="145.950626246631145477294921875">
        <ele>1128.199951171875</ele>
        <time>2026-04-13T01:24:23.000Z</time>
        <extensions>
          <ns3:TrackPointExtension/>
        </extensions>
      </trkpt>
      <trkpt lat="-41.658167056739330291748046875" lon="145.950643680989742279052734375">
        <ele>1129.199951171875</ele>
        <time>2026-04-13T01:24:34.000Z</time>
        <extensions>
          <ns3:TrackPointExtension/>
        </extensions>
      </trkpt>
      <trkpt lat="-41.65817384608089923858642578125" lon="145.95067285001277923583984375">
        <ele>1131</ele>
        <time>2026-04-13T01:24:50.000Z</time>
        <extensions>
          <ns3:TrackPointExtension/>
        </extensions>
      </trkpt>
      <trkpt lat="-41.65817837230861186981201171875" lon="145.9507068805396556854248046875">
        <ele>1132.4000244140625</ele>
        <time>2026-04-13T01:25:03.000Z</time>
        <extensions>
          <ns3:TrackPointExtension/>
        </extensions>
      </trkpt>
      <trkpt lat="-41.65815456770360469818115234375" lon="145.9507551603019237518310546875">
        <ele>1134</ele>
        <time>2026-04-13T01:25:14.000Z</time>
        <extensions>
          <ns3:TrackPointExtension/>
        </extensions>
      </trkpt>
      <trkpt lat="-41.658149622380733489990234375" lon="145.9508044458925724029541015625">
        <ele>1135.800048828125</ele>
        <time>2026-04-13T01:25:23.000Z</time>
        <extensions>
          <ns3:TrackPointExtension/>
        </extensions>
      </trkpt>
      <trkpt lat="-41.6581551544368267059326171875" lon="145.95083537511527538299560546875">
        <ele>1137.199951171875</ele>
        <time>2026-04-13T01:25:29.000Z</time>
        <extensions>
          <ns3:TrackPointExtension/>
        </extensions>
      </trkpt>
      <trkpt lat="-41.6581450961530208587646484375" lon="145.95087133347988128662109375">
        <ele>1138.4000244140625</ele>
        <time>2026-04-13T01:25:35.000Z</time>
        <extensions>
          <ns3:TrackPointExtension/>
        </extensions>
      </trkpt>
      <trkpt lat="-41.65820888243615627288818359375" lon="145.9509251452982425689697265625">
        <ele>1141.5999755859375</ele>
        <time>2026-04-13T01:25:49.000Z</time>
        <extensions>
          <ns3:TrackPointExtension/>
        </extensions>
      </trkpt>
      <trkpt lat="-41.65823042392730712890625" lon="145.9509375505149364471435546875">
        <ele>1142.5999755859375</ele>
        <time>2026-04-13T01:26:01.000Z</time>
        <extensions>
          <ns3:TrackPointExtension/>
        </extensions>
      </trkpt>
      <trkpt lat="-41.6582731716334819793701171875" lon="145.95093034207820892333984375">
        <ele>1143</ele>
        <time>2026-04-13T01:26:10.000Z</time>
        <extensions>
          <ns3:TrackPointExtension/>
        </extensions>
      </trkpt>
      <trkpt lat="-41.658290438354015350341796875" lon="145.9509727545082569122314453125">
        <ele>1144.800048828125</ele>
        <time>2026-04-13T01:26:15.000Z</time>
        <extensions>
          <ns3:TrackPointExtension/>
        </extensions>
      </trkpt>
      <trkpt lat="-41.6582922823727130889892578125" lon="145.95097619108855724334716796875">
        <ele>1144.800048828125</ele>
        <time>2026-04-13T01:26:18.000Z</time>
        <extensions>
          <ns3:TrackPointExtension/>
        </extensions>
      </trkpt>
      <trkpt lat="-41.6583043523132801055908203125" lon="145.951006449759006500244140625">
        <ele>1145.800048828125</ele>
        <time>2026-04-13T01:26:33.000Z</time>
        <extensions>
          <ns3:TrackPointExtension/>
        </extensions>
      </trkpt>
      <trkpt lat="-41.658319272100925445556640625" lon="145.95104106701910495758056640625">
        <ele>1147</ele>
        <time>2026-04-13T01:26:45.000Z</time>
        <extensions>
          <ns3:TrackPointExtension/>
        </extensions>
      </trkpt>
      <trkpt lat="-41.65838154964148998260498046875" lon="145.95105648972094058990478515625">
        <ele>1149.199951171875</ele>
        <time>2026-04-13T01:26:57.000Z</time>
        <extensions>
          <ns3:TrackPointExtension/>
        </extensions>
      </trkpt>
      <trkpt lat="-41.6584029234945774078369140625" lon="145.9511011652648448944091796875">
        <ele>1150.800048828125</ele>
        <time>2026-04-13T01:27:09.000Z</time>
        <extensions>
          <ns3:TrackPointExtension/>
        </extensions>
      </trkpt>
      <trkpt lat="-41.65842781774699687957763671875" lon="145.9511450864374637603759765625">
        <ele>1152.199951171875</ele>
        <time>2026-04-13T01:27:24.000Z</time>
        <extensions>
          <ns3:TrackPointExtension/>
        </extensions>
      </trkpt>
      <trkpt lat="-41.6584498621523380279541015625" lon="145.95115103758871555328369140625">
        <ele>1152.4000244140625</ele>
        <time>2026-04-13T01:27:28.000Z</time>
        <extensions>
          <ns3:TrackPointExtension/>
        </extensions>
      </trkpt>
      <trkpt lat="-41.65848112665116786956787109375" lon="145.9511844813823699951171875">
        <ele>1153.800048828125</ele>
        <time>2026-04-13T01:27:39.000Z</time>
        <extensions>
          <ns3:TrackPointExtension/>
        </extensions>
      </trkpt>
      <trkpt lat="-41.6585455834865570068359375" lon="145.9512034244835376739501953125">
        <ele>1155</ele>
        <time>2026-04-13T01:27:56.000Z</time>
        <extensions>
          <ns3:TrackPointExtension/>
        </extensions>
      </trkpt>
      <trkpt lat="-41.658657230436801910400390625" lon="145.9512392990291118621826171875">
        <ele>1157.199951171875</ele>
        <time>2026-04-13T01:28:14.000Z</time>
        <extensions>
          <ns3:TrackPointExtension/>
        </extensions>
      </trkpt>
      <trkpt lat="-41.6586959548294544219970703125" lon="145.95126369036734104156494140625">
        <ele>1158.4000244140625</ele>
        <time>2026-04-13T01:28:26.000Z</time>
        <extensions>
          <ns3:TrackPointExtension/>
        </extensions>
      </trkpt>
      <trkpt lat="-41.65873459540307521820068359375" lon="145.95131213776767253875732421875">
        <ele>1160.5999755859375</ele>
        <time>2026-04-13T01:28:39.000Z</time>
        <extensions>
          <ns3:TrackPointExtension/>
        </extensions>
      </trkpt>
      <trkpt lat="-41.6587438993155956268310546875" lon="145.95131523907184600830078125">
        <ele>1160.800048828125</ele>
        <time>2026-04-13T01:28:49.000Z</time>
        <extensions>
          <ns3:TrackPointExtension/>
        </extensions>
      </trkpt>
      <trkpt lat="-41.658772565424442291259765625" lon="145.95133644528687000274658203125">
        <ele>1162</ele>
        <time>2026-04-13T01:28:57.000Z</time>
        <extensions>
          <ns3:TrackPointExtension/>
        </extensions>
      </trkpt>
      <trkpt lat="-41.6587874852120876312255859375" lon="145.95134834758937358856201171875">
        <ele>1162.5999755859375</ele>
        <time>2026-04-13T01:29:12.000Z</time>
        <extensions>
          <ns3:TrackPointExtension/>
        </extensions>
      </trkpt>
      <trkpt lat="-41.65878673084080219268798828125" lon="145.95141506753861904144287109375">
        <ele>1164.5999755859375</ele>
        <time>2026-04-13T01:29:24.000Z</time>
        <extensions>
          <ns3:TrackPointExtension/>
        </extensions>
      </trkpt>
      <trkpt lat="-41.6588079370558261871337890625" lon="145.95147524960339069366455078125">
        <ele>1166.5999755859375</ele>
        <time>2026-04-13T01:29:35.000Z</time>
        <extensions>
          <ns3:TrackPointExtension/>
        </extensions>
      </trkpt>
      <trkpt lat="-41.6588307358324527740478515625" lon="145.95154632814228534698486328125">
        <ele>1168</ele>
        <time>2026-04-13T01:29:51.000Z</time>
        <extensions>
          <ns3:TrackPointExtension/>
        </extensions>
      </trkpt>
      <trkpt lat="-41.6588592343032360076904296875" lon="145.95156694762408733367919921875">
        <ele>1168.4000244140625</ele>
        <time>2026-04-13T01:30:03.000Z</time>
        <extensions>
          <ns3:TrackPointExtension/>
        </extensions>
      </trkpt>
      <trkpt lat="-41.65891782380640506744384765625" lon="145.9515517763793468475341796875">
        <ele>1169.199951171875</ele>
        <time>2026-04-13T01:30:12.000Z</time>
        <extensions>
          <ns3:TrackPointExtension/>
        </extensions>
      </trkpt>
      <trkpt lat="-41.6589755751192569732666015625" lon="145.95154699869453907012939453125">
        <ele>1169.800048828125</ele>
        <time>2026-04-13T01:30:23.000Z</time>
        <extensions>
          <ns3:TrackPointExtension/>
        </extensions>
      </trkpt>
      <trkpt lat="-41.65904003195464611053466796875" lon="145.95153006725013256072998046875">
        <ele>1170.4000244140625</ele>
        <time>2026-04-13T01:30:33.000Z</time>
        <extensions>
          <ns3:TrackPointExtension/>
        </extensions>
      </trkpt>
      <trkpt lat="-41.6590605676174163818359375" lon="145.95154582522809505462646484375">
        <ele>1170.800048828125</ele>
        <time>2026-04-13T01:30:43.000Z</time>
        <extensions>
          <ns3:TrackPointExtension/>
        </extensions>
      </trkpt>
      <trkpt lat="-41.65906417183578014373779296875" lon="145.951546244323253631591796875">
        <ele>1170.800048828125</ele>
        <time>2026-04-13T01:30:56.000Z</time>
        <extensions>
          <ns3:TrackPointExtension/>
        </extensions>
      </trkpt>
      <trkpt lat="-41.6591153852641582489013671875" lon="145.95149519853293895721435546875">
        <ele>1170.199951171875</ele>
        <time>2026-04-13T01:31:11.000Z</time>
        <extensions>
          <ns3:TrackPointExtension/>
        </extensions>
      </trkpt>
      <trkpt lat="-41.6591867990791797637939453125" lon="145.951524786651134490966796875">
        <ele>1171.800048828125</ele>
        <time>2026-04-13T01:31:26.000Z</time>
        <extensions>
          <ns3:TrackPointExtension/>
        </extensions>
      </trkpt>
      <trkpt lat="-41.6592330671846866607666015625" lon="145.951588153839111328125">
        <ele>1173.4000244140625</ele>
        <time>2026-04-13T01:31:38.000Z</time>
        <extensions>
          <ns3:TrackPointExtension/>
        </extensions>
      </trkpt>
      <trkpt lat="-41.65931361727416515350341796875" lon="145.95162293873727321624755859375">
        <ele>1174.5999755859375</ele>
        <time>2026-04-13T01:31:52.000Z</time>
        <extensions>
          <ns3:TrackPointExtension/>
        </extensions>
      </trkpt>
      <trkpt lat="-41.65942207910120487213134765625" lon="145.95163014717400074005126953125">
        <ele>1176.199951171875</ele>
        <time>2026-04-13T01:32:09.000Z</time>
        <extensions>
          <ns3:TrackPointExtension/>
        </extensions>
      </trkpt>
      <trkpt lat="-41.65945996530354022979736328125" lon="145.951641462743282318115234375">
        <ele>1177.199951171875</ele>
        <time>2026-04-13T01:32:18.000Z</time>
        <extensions>
          <ns3:TrackPointExtension/>
        </extensions>
      </trkpt>
      <trkpt lat="-41.659473292529582977294921875" lon="145.9516778402030467987060546875">
        <ele>1178.4000244140625</ele>
        <time>2026-04-13T01:32:30.000Z</time>
        <extensions>
          <ns3:TrackPointExtension/>
        </extensions>
      </trkpt>
      <trkpt lat="-41.65949718095362186431884765625" lon="145.95173022709786891937255859375">
        <ele>1180.199951171875</ele>
        <time>2026-04-13T01:32:43.000Z</time>
        <extensions>
          <ns3:TrackPointExtension/>
        </extensions>
      </trkpt>
      <trkpt lat="-41.65958737023174762725830078125" lon="145.95173559151589870452880859375">
        <ele>1181</ele>
        <time>2026-04-13T01:32:54.000Z</time>
        <extensions>
          <ns3:TrackPointExtension/>
        </extensions>
      </trkpt>
      <trkpt lat="-41.65964939631521701812744140625" lon="145.95178906805813312530517578125">
        <ele>1183.5999755859375</ele>
        <time>2026-04-13T01:33:04.000Z</time>
        <extensions>
          <ns3:TrackPointExtension/>
        </extensions>
      </trkpt>
      <trkpt lat="-41.65965828113257884979248046875" lon="145.951834581792354583740234375">
        <ele>1184.5999755859375</ele>
        <time>2026-04-13T01:33:10.000Z</time>
        <extensions>
          <ns3:TrackPointExtension/>
        </extensions>
      </trkpt>
      <trkpt lat="-41.6597208939492702484130859375" lon="145.95187984406948089599609375">
        <ele>1186.5999755859375</ele>
        <time>2026-04-13T01:33:20.000Z</time>
        <extensions>
          <ns3:TrackPointExtension/>
        </extensions>
      </trkpt>
      <trkpt lat="-41.65977613069117069244384765625" lon="145.95194497145712375640869140625">
        <ele>1190</ele>
        <time>2026-04-13T01:33:32.000Z</time>
        <extensions>
          <ns3:TrackPointExtension/>
        </extensions>
      </trkpt>
      <trkpt lat="-41.65980546735227108001708984375" lon="145.951989479362964630126953125">
        <ele>1192</ele>
        <time>2026-04-13T01:33:46.000Z</time>
        <extensions>
          <ns3:TrackPointExtension/>
        </extensions>
      </trkpt>
      <trkpt lat="-41.6598439402878284454345703125" lon="145.951998867094516754150390625">
        <ele>1192.800048828125</ele>
        <time>2026-04-13T01:33:57.000Z</time>
        <extensions>
          <ns3:TrackPointExtension/>
        </extensions>
      </trkpt>
      <trkpt lat="-41.6598781384527683258056640625" lon="145.9520553611218929290771484375">
        <ele>1195.199951171875</ele>
        <time>2026-04-13T01:34:11.000Z</time>
        <extensions>
          <ns3:TrackPointExtension/>
        </extensions>
      </trkpt>
      <trkpt lat="-41.65993873961269855499267578125" lon="145.95209249295294284820556640625">
        <ele>1196.800048828125</ele>
        <time>2026-04-13T01:34:24.000Z</time>
        <extensions>
          <ns3:TrackPointExtension/>
        </extensions>
      </trkpt>
      <trkpt lat="-41.659968160092830657958984375" lon="145.95210875384509563446044921875">
        <ele>1197.4000244140625</ele>
        <time>2026-04-13T01:34:39.000Z</time>
        <extensions>
          <ns3:TrackPointExtension/>
        </extensions>
      </trkpt>
      <trkpt lat="-41.6599743627011775970458984375" lon="145.95216139219701290130615234375">
        <ele>1198.199951171875</ele>
        <time>2026-04-13T01:34:52.000Z</time>
        <extensions>
          <ns3:TrackPointExtension/>
        </extensions>
      </trkpt>
      <trkpt lat="-41.6600501351058483123779296875" lon="145.95221637748181819915771484375">
        <ele>1201.800048828125</ele>
        <time>2026-04-13T01:35:07.000Z</time>
        <extensions>
          <ns3:TrackPointExtension/>
        </extensions>
      </trkpt>
      <trkpt lat="-41.6600729338824748992919921875" lon="145.952231884002685546875">
        <ele>1202.800048828125</ele>
        <time>2026-04-13T01:35:12.000Z</time>
        <extensions>
          <ns3:TrackPointExtension/>
        </extensions>
      </trkpt>
      <trkpt lat="-41.66012741625308990478515625" lon="145.95228728838264942169189453125">
        <ele>1205.4000244140625</ele>
        <time>2026-04-13T01:35:21.000Z</time>
        <extensions>
          <ns3:TrackPointExtension/>
        </extensions>
      </trkpt>
      <trkpt lat="-41.66020628996193408966064453125" lon="145.95236322842538356781005859375">
        <ele>1208</ele>
        <time>2026-04-13T01:35:35.000Z</time>
        <extensions>
          <ns3:TrackPointExtension/>
        </extensions>
      </trkpt>
      <trkpt lat="-41.6602972336113452911376953125" lon="145.95241804607212543487548828125">
        <ele>1209.800048828125</ele>
        <time>2026-04-13T01:35:49.000Z</time>
        <extensions>
          <ns3:TrackPointExtension/>
        </extensions>
      </trkpt>
      <trkpt lat="-41.6603418253362178802490234375" lon="145.95246062614023685455322265625">
        <ele>1210.5999755859375</ele>
        <time>2026-04-13T01:35:55.000Z</time>
        <extensions>
          <ns3:TrackPointExtension/>
        </extensions>
      </trkpt>
      <trkpt lat="-41.66038767434656620025634765625" lon="145.95253505744040012359619140625">
        <ele>1211.4000244140625</ele>
        <time>2026-04-13T01:36:04.000Z</time>
        <extensions>
          <ns3:TrackPointExtension/>
        </extensions>
      </trkpt>
      <trkpt lat="-41.66039153002202510833740234375" lon="145.952550061047077178955078125">
        <ele>1211.4000244140625</ele>
        <time>2026-04-13T01:36:05.000Z</time>
        <extensions>
          <ns3:TrackPointExtension/>
        </extensions>
      </trkpt>
      <trkpt lat="-41.66042924858629703521728515625" lon="145.95266765914857387542724609375">
        <ele>1211</ele>
        <time>2026-04-13T01:36:15.000Z</time>
        <extensions>
          <ns3:TrackPointExtension/>
        </extensions>
      </trkpt>
      <trkpt lat="-41.66044634766876697540283203125" lon="145.9527624584734439849853515625">
        <ele>1209.4000244140625</ele>
        <time>2026-04-13T01:36:23.000Z</time>
        <extensions>
          <ns3:TrackPointExtension/>
        </extensions>
      </trkpt>
      <trkpt lat="-41.66051038540899753570556640625" lon="145.9528214670717716217041015625">
        <ele>1210</ele>
        <time>2026-04-13T01:36:33.000Z</time>
        <extensions>
          <ns3:TrackPointExtension/>
        </extensions>
      </trkpt>
      <trkpt lat="-41.66049756109714508056640625" lon="145.9528576768934726715087890625">
        <ele>1209.4000244140625</ele>
        <time>2026-04-13T01:36:44.000Z</time>
        <extensions>
          <ns3:TrackPointExtension/>
        </extensions>
      </trkpt>
      <trkpt lat="-41.66048817336559295654296875" lon="145.9528630413115024566650390625">
        <ele>1209.199951171875</ele>
        <time>2026-04-13T01:37:01.000Z</time>
        <extensions>
          <ns3:TrackPointExtension/>
        </extensions>
      </trkpt>
      <trkpt lat="-41.66044986806809902191162109375" lon="145.9528834931552410125732421875">
        <ele>1208.4000244140625</ele>
        <time>2026-04-13T01:37:14.000Z</time>
        <extensions>
          <ns3:TrackPointExtension/>
        </extensions>
      </trkpt>
      <trkpt lat="-41.6604477725923061370849609375" lon="145.95288156531751155853271484375">
        <ele>1208.4000244140625</ele>
        <time>2026-04-13T01:37:45.000Z</time>
        <extensions>
          <ns3:TrackPointExtension/>
        </extensions>
      </trkpt>
      <trkpt lat="-41.66042455472052097320556640625" lon="145.9528462775051593780517578125">
        <ele>1208.199951171875</ele>
        <time>2026-04-13T01:38:21.000Z</time>
        <extensions>
          <ns3:TrackPointExtension/>
        </extensions>
      </trkpt>
      <trkpt lat="-41.66041575372219085693359375" lon="145.95284518785774707794189453125">
        <ele>1208.199951171875</ele>
        <time>2026-04-13T01:38:42.000Z</time>
        <extensions>
          <ns3:TrackPointExtension/>
        </extensions>
      </trkpt>
      <trkpt lat="-41.6604159213602542877197265625" lon="145.95284787006676197052001953125">
        <ele>1208</ele>
        <time>2026-04-13T01:39:16.000Z</time>
        <extensions>
          <ns3:TrackPointExtension/>
        </extensions>
      </trkpt>
      <trkpt lat="-41.6604175977408885955810546875" lon="145.95284812152385711669921875">
        <ele>1208.199951171875</ele>
        <time>2026-04-13T01:39:52.000Z</time>
        <extensions>
          <ns3:TrackPointExtension/>
        </extensions>
      </trkpt>
      <trkpt lat="-41.66041709482669830322265625" lon="145.952844433486461639404296875">
        <ele>1208.199951171875</ele>
        <time>2026-04-13T01:40:28.000Z</time>
        <extensions>
          <ns3:TrackPointExtension/>
        </extensions>
      </trkpt>
      <trkpt lat="-41.660421453416347503662109375" lon="145.952837057411670684814453125">
        <ele>1208.199951171875</ele>
        <time>2026-04-13T01:41:05.000Z</time>
        <extensions>
          <ns3:TrackPointExtension/>
        </extensions>
      </trkpt>
      <trkpt lat="-41.66042371653020381927490234375" lon="145.9528362192213535308837890625">
        <ele>1208.4000244140625</ele>
        <time>2026-04-13T01:41:34.000Z</time>
        <extensions>
          <ns3:TrackPointExtension/>
        </extensions>
      </trkpt>
      <trkpt lat="-41.66041885502636432647705078125" lon="145.95282993279397487640380859375">
        <ele>1208.199951171875</ele>
        <time>2026-04-13T01:42:02.000Z</time>
        <extensions>
          <ns3:TrackPointExtension/>
        </extensions>
      </trkpt>
      <trkpt lat="-41.66042522527277469635009765625" lon="145.9528268314898014068603515625">
        <ele>1208.4000244140625</ele>
        <time>2026-04-13T01:42:26.000Z</time>
        <extensions>
          <ns3:TrackPointExtension/>
        </extensions>
      </trkpt>
      <trkpt lat="-41.66042556054890155792236328125" lon="145.95282322727143764495849609375">
        <ele>1208.4000244140625</ele>
        <time>2026-04-13T01:43:02.000Z</time>
        <extensions>
          <ns3:TrackPointExtension/>
        </extensions>
      </trkpt>
      <trkpt lat="-41.66042455472052097320556640625" lon="145.9528206288814544677734375">
        <ele>1208.4000244140625</ele>
        <time>2026-04-13T01:43:34.000Z</time>
        <extensions>
          <ns3:TrackPointExtension/>
        </extensions>
      </trkpt>
      <trkpt lat="-41.66042807511985301971435546875" lon="145.95282473601400852203369140625">
        <ele>1208.4000244140625</ele>
        <time>2026-04-13T01:44:10.000Z</time>
        <extensions>
          <ns3:TrackPointExtension/>
        </extensions>
      </trkpt>
      <trkpt lat="-41.66042757220566272735595703125" lon="145.9528206288814544677734375">
        <ele>1208.4000244140625</ele>
        <time>2026-04-13T01:44:27.000Z</time>
        <extensions>
          <ns3:TrackPointExtension/>
        </extensions>
      </trkpt>
      <trkpt lat="-41.6604249738156795501708984375" lon="145.95281601883471012115478515625">
        <ele>1208.4000244140625</ele>
        <time>2026-04-13T01:44:48.000Z</time>
        <extensions>
          <ns3:TrackPointExtension/>
        </extensions>
      </trkpt>
      <trkpt lat="-41.66042287833988666534423828125" lon="145.952804870903491973876953125">
        <ele>1208.5999755859375</ele>
        <time>2026-04-13T01:45:27.000Z</time>
        <extensions>
          <ns3:TrackPointExtension/>
        </extensions>
      </trkpt>
      <trkpt lat="-41.6604162566363811492919921875" lon="145.9528036974370479583740234375">
        <ele>1208.4000244140625</ele>
        <time>2026-04-13T01:45:54.000Z</time>
        <extensions>
          <ns3:TrackPointExtension/>
        </extensions>
      </trkpt>
      <trkpt lat="-41.66041483171284198760986328125" lon="145.95280646346509456634521484375">
        <ele>1208.4000244140625</ele>
        <time>2026-04-13T01:46:25.000Z</time>
        <extensions>
          <ns3:TrackPointExtension/>
        </extensions>
      </trkpt>
      <trkpt lat="-41.66041843593120574951171875" lon="145.9527991712093353271484375">
        <ele>1208.5999755859375</ele>
        <time>2026-04-13T01:46:52.000Z</time>
        <extensions>
          <ns3:TrackPointExtension/>
        </extensions>
      </trkpt>
      <trkpt lat="-41.660415418446063995361328125" lon="145.9528050385415554046630859375">
        <ele>1208.4000244140625</ele>
        <time>2026-04-13T01:47:18.000Z</time>
        <extensions>
          <ns3:TrackPointExtension/>
        </extensions>
      </trkpt>
      <trkpt lat="-41.660415418446063995361328125" lon="145.95280981622636318206787109375">
        <ele>1208.4000244140625</ele>
        <time>2026-04-13T01:48:16.000Z</time>
        <extensions>
          <ns3:TrackPointExtension/>
        </extensions>
      </trkpt>
      <trkpt lat="-41.6604137420654296875" lon="145.95281316898763179779052734375">
        <ele>1208.199951171875</ele>
        <time>2026-04-13T01:49:01.000Z</time>
        <extensions>
          <ns3:TrackPointExtension/>
        </extensions>
      </trkpt>
      <trkpt lat="-41.66039756499230861663818359375" lon="145.95281568355858325958251953125">
        <ele>1208.199951171875</ele>
        <time>2026-04-13T01:49:37.000Z</time>
        <extensions>
          <ns3:TrackPointExtension/>
        </extensions>
      </trkpt>
      <trkpt lat="-41.66039639152586460113525390625" lon="145.9528224729001522064208984375">
        <ele>1208</ele>
        <time>2026-04-13T01:50:40.000Z</time>
        <extensions>
          <ns3:TrackPointExtension/>
        </extensions>
      </trkpt>
      <trkpt lat="-41.66034727357327938079833984375" lon="145.95279045403003692626953125">
        <ele>1208.199951171875</ele>
        <time>2026-04-13T01:53:21.000Z</time>
        <extensions>
          <ns3:TrackPointExtension/>
        </extensions>
      </trkpt>
      <trkpt lat="-41.660352386534214019775390625" lon="145.95280813984572887420654296875">
        <ele>1208</ele>
        <time>2026-04-13T01:53:38.000Z</time>
        <extensions>
          <ns3:TrackPointExtension/>
        </extensions>
      </trkpt>
      <trkpt lat="-41.66039429605007171630859375" lon="145.95288491807878017425537109375">
        <ele>1207.4000244140625</ele>
        <time>2026-04-13T01:53:56.000Z</time>
        <extensions>
          <ns3:TrackPointExtension/>
        </extensions>
      </trkpt>
      <trkpt lat="-41.6603699885308742523193359375" lon="145.95287268050014972686767578125">
        <ele>1207</ele>
        <time>2026-04-13T01:54:08.000Z</time>
        <extensions>
          <ns3:TrackPointExtension/>
        </extensions>
      </trkpt>
      <trkpt lat="-41.6603659652173519134521484375" lon="145.95286748372018337249755859375">
        <ele>1207</ele>
        <time>2026-04-13T01:54:28.000Z</time>
        <extensions>
          <ns3:TrackPointExtension/>
        </extensions>
      </trkpt>
      <trkpt lat="-41.66037409566342830657958984375" lon="145.95286781899631023406982421875">
        <ele>1207.199951171875</ele>
        <time>2026-04-13T01:54:42.000Z</time>
        <extensions>
          <ns3:TrackPointExtension/>
        </extensions>
      </trkpt>
      <trkpt lat="-41.6603820584714412689208984375" lon="145.952861867845058441162109375">
        <ele>1207.4000244140625</ele>
        <time>2026-04-13T01:55:23.000Z</time>
        <extensions>
          <ns3:TrackPointExtension/>
        </extensions>
      </trkpt>
      <trkpt lat="-41.6604075394570827484130859375" lon="145.952785424888134002685546875">
        <ele>1208.800048828125</ele>
        <time>2026-04-13T01:55:36.000Z</time>
        <extensions>
          <ns3:TrackPointExtension/>
        </extensions>
      </trkpt>
      <trkpt lat="-41.6604118980467319488525390625" lon="145.9526306949555873870849609375">
        <ele>1211.5999755859375</ele>
        <time>2026-04-13T01:55:49.000Z</time>
        <extensions>
          <ns3:TrackPointExtension/>
        </extensions>
      </trkpt>
      <trkpt lat="-41.66037426330149173736572265625" lon="145.95250521786510944366455078125">
        <ele>1211.199951171875</ele>
        <time>2026-04-13T01:56:04.000Z</time>
        <extensions>
          <ns3:TrackPointExtension/>
        </extensions>
      </trkpt>
      <trkpt lat="-41.660301424562931060791015625" lon="145.95243246294558048248291015625">
        <ele>1209.800048828125</ele>
        <time>2026-04-13T01:56:15.000Z</time>
        <extensions>
          <ns3:TrackPointExtension/>
        </extensions>
      </trkpt>
      <trkpt lat="-41.66027217172086238861083984375" lon="145.9523926489055156707763671875">
        <ele>1209</ele>
        <time>2026-04-13T01:56:21.000Z</time>
        <extensions>
          <ns3:TrackPointExtension/>
        </extensions>
      </trkpt>
      <trkpt lat="-41.660197488963603973388671875" lon="145.9523272700607776641845703125">
        <ele>1207.4000244140625</ele>
        <time>2026-04-13T01:56:34.000Z</time>
        <extensions>
          <ns3:TrackPointExtension/>
        </extensions>
      </trkpt>
      <trkpt lat="-41.66017435491085052490234375" lon="145.9523136913776397705078125">
        <ele>1206.800048828125</ele>
        <time>2026-04-13T01:56:37.000Z</time>
        <extensions>
          <ns3:TrackPointExtension/>
        </extensions>
      </trkpt>
      <trkpt lat="-41.66010755114257335662841796875" lon="145.95225669443607330322265625">
        <ele>1204.199951171875</ele>
        <time>2026-04-13T01:56:47.000Z</time>
        <extensions>
          <ns3:TrackPointExtension/>
        </extensions>
      </trkpt>
      <trkpt lat="-41.66006849147379398345947265625" lon="145.9522115997970104217529296875">
        <ele>1202.199951171875</ele>
        <time>2026-04-13T01:56:53.000Z</time>
        <extensions>
          <ns3:TrackPointExtension/>
        </extensions>
      </trkpt>
      <trkpt lat="-41.6600360535085201263427734375" lon="145.952165834605693817138671875">
        <ele>1200.199951171875</ele>
        <time>2026-04-13T01:57:00.000Z</time>
        <extensions>
          <ns3:TrackPointExtension/>
        </extensions>
      </trkpt>
      <trkpt lat="-41.6600011847913265228271484375" lon="145.9521445445716381072998046875">
        <ele>1198.5999755859375</ele>
        <time>2026-04-13T01:57:06.000Z</time>
        <extensions>
          <ns3:TrackPointExtension/>
        </extensions>
      </trkpt>
      <trkpt lat="-41.6599864326417446136474609375" lon="145.9521411918103694915771484375">
        <ele>1198.199951171875</ele>
        <time>2026-04-13T01:57:08.000Z</time>
        <extensions>
          <ns3:TrackPointExtension/>
        </extensions>
      </trkpt>
      <trkpt lat="-41.659971177577972412109375" lon="145.952061899006366729736328125">
        <ele>1196.5999755859375</ele>
        <time>2026-04-13T01:57:17.000Z</time>
        <extensions>
          <ns3:TrackPointExtension/>
        </extensions>
      </trkpt>
      <trkpt lat="-41.6598945669829845428466796875" lon="145.95200733281672000885009765625">
        <ele>1193.800048828125</ele>
        <time>2026-04-13T01:57:30.000Z</time>
        <extensions>
          <ns3:TrackPointExtension/>
        </extensions>
      </trkpt>
      <trkpt lat="-41.65982424281537532806396484375" lon="145.9519376792013645172119140625">
        <ele>1190.5999755859375</ele>
        <time>2026-04-13T01:57:43.000Z</time>
        <extensions>
          <ns3:TrackPointExtension/>
        </extensions>
      </trkpt>
      <trkpt lat="-41.6598154418170452117919921875" lon="145.95193139277398586273193359375">
        <ele>1190.199951171875</ele>
        <time>2026-04-13T01:57:44.000Z</time>
        <extensions>
          <ns3:TrackPointExtension/>
        </extensions>
      </trkpt>
      <trkpt lat="-41.65980563499033451080322265625" lon="145.95192535780370235443115234375">
        <ele>1189.800048828125</ele>
        <time>2026-04-13T01:57:45.000Z</time>
        <extensions>
          <ns3:TrackPointExtension/>
        </extensions>
      </trkpt>
      <trkpt lat="-41.65977445431053638458251953125" lon="145.95191043801605701446533203125">
        <ele>1189</ele>
        <time>2026-04-13T01:57:56.000Z</time>
        <extensions>
          <ns3:TrackPointExtension/>
        </extensions>
      </trkpt>
      <trkpt lat="-41.6597084887325763702392578125" lon="145.9518374316394329071044921875">
        <ele>1185.199951171875</ele>
        <time>2026-04-13T01:58:06.000Z</time>
        <extensions>
          <ns3:TrackPointExtension/>
        </extensions>
      </trkpt>
      <trkpt lat="-41.65964922867715358734130859375" lon="145.9517660178244113922119140625">
        <ele>1182.800048828125</ele>
        <time>2026-04-13T01:58:17.000Z</time>
        <extensions>
          <ns3:TrackPointExtension/>
        </extensions>
      </trkpt>
      <trkpt lat="-41.6596186347305774688720703125" lon="145.951733328402042388916015625">
        <ele>1181.199951171875</ele>
        <time>2026-04-13T01:58:21.000Z</time>
        <extensions>
          <ns3:TrackPointExtension/>
        </extensions>
      </trkpt>
      <trkpt lat="-41.65960916317999362945556640625" lon="145.95172704197466373443603515625">
        <ele>1181</ele>
        <time>2026-04-13T01:58:22.000Z</time>
        <extensions>
          <ns3:TrackPointExtension/>
        </extensions>
      </trkpt>
      <trkpt lat="-41.65955602191388607025146484375" lon="145.9517140500247478485107421875">
        <ele>1180</ele>
        <time>2026-04-13T01:58:27.000Z</time>
        <extensions>
          <ns3:TrackPointExtension/>
        </extensions>
      </trkpt>
      <trkpt lat="-41.65954411961138248443603515625" lon="145.95171648077666759490966796875">
        <ele>1180</ele>
        <time>2026-04-13T01:58:28.000Z</time>
        <extensions>
          <ns3:TrackPointExtension/>
        </extensions>
      </trkpt>
      <trkpt lat="-41.65945686399936676025390625" lon="145.951701141893863677978515625">
        <ele>1178.800048828125</ele>
        <time>2026-04-13T01:58:40.000Z</time>
        <extensions>
          <ns3:TrackPointExtension/>
        </extensions>
      </trkpt>
      <trkpt lat="-41.6594660840928554534912109375" lon="145.95165059901773929595947265625">
        <ele>1177.5999755859375</ele>
        <time>2026-04-13T01:58:52.000Z</time>
        <extensions>
          <ns3:TrackPointExtension/>
        </extensions>
      </trkpt>
      <trkpt lat="-41.65942895226180553436279296875" lon="145.95161656849086284637451171875">
        <ele>1175.800048828125</ele>
        <time>2026-04-13T01:59:02.000Z</time>
        <extensions>
          <ns3:TrackPointExtension/>
        </extensions>
      </trkpt>
      <trkpt lat="-41.659352593123912811279296875" lon="145.95160198397934436798095703125">
        <ele>1174.5999755859375</ele>
        <time>2026-04-13T01:59:13.000Z</time>
        <extensions>
          <ns3:TrackPointExtension/>
        </extensions>
      </trkpt>
      <trkpt lat="-41.659277491271495819091796875" lon="145.95158907584846019744873046875">
        <ele>1173.800048828125</ele>
        <time>2026-04-13T01:59:23.000Z</time>
        <extensions>
          <ns3:TrackPointExtension/>
        </extensions>
      </trkpt>
      <trkpt lat="-41.659264750778675079345703125" lon="145.9515846334397792816162109375">
        <ele>1173.5999755859375</ele>
        <time>2026-04-13T01:59:24.000Z</time>
        <extensions>
          <ns3:TrackPointExtension/>
        </extensions>
      </trkpt>
      <trkpt lat="-41.65918537415564060211181640625" lon="145.95151841640472412109375">
        <ele>1171.800048828125</ele>
        <time>2026-04-13T01:59:35.000Z</time>
        <extensions>
          <ns3:TrackPointExtension/>
        </extensions>
      </trkpt>
      <trkpt lat="-41.65917313657701015472412109375" lon="145.9515202604234218597412109375">
        <ele>1171.5999755859375</ele>
        <time>2026-04-13T01:59:36.000Z</time>
        <extensions>
          <ns3:TrackPointExtension/>
        </extensions>
      </trkpt>
      <trkpt lat="-41.6591599769890308380126953125" lon="145.9515197575092315673828125">
        <ele>1171.5999755859375</ele>
        <time>2026-04-13T01:59:37.000Z</time>
        <extensions>
          <ns3:TrackPointExtension/>
        </extensions>
      </trkpt>
      <trkpt lat="-41.6591463983058929443359375" lon="145.95151506364345550537109375">
        <ele>1171.4000244140625</ele>
        <time>2026-04-13T01:59:38.000Z</time>
        <extensions>
          <ns3:TrackPointExtension/>
        </extensions>
      </trkpt>
      <trkpt lat="-41.65906886570155620574951171875" lon="145.95152721740305423736572265625">
        <ele>1170.5999755859375</ele>
        <time>2026-04-13T01:59:47.000Z</time>
        <extensions>
          <ns3:TrackPointExtension/>
        </extensions>
      </trkpt>
      <trkpt lat="-41.658998541533946990966796875" lon="145.95150123350322246551513671875">
        <ele>1169.199951171875</ele>
        <time>2026-04-13T01:59:54.000Z</time>
        <extensions>
          <ns3:TrackPointExtension/>
        </extensions>
      </trkpt>
      <trkpt lat="-41.658938862383365631103515625" lon="145.9515115432441234588623046875">
        <ele>1169</ele>
        <time>2026-04-13T02:00:04.000Z</time>
        <extensions>
          <ns3:TrackPointExtension/>
        </extensions>
      </trkpt>
      <trkpt lat="-41.65886116214096546173095703125" lon="145.951532833278179168701171875">
        <ele>1168.199951171875</ele>
        <time>2026-04-13T02:00:16.000Z</time>
        <extensions>
          <ns3:TrackPointExtension/>
        </extensions>
      </trkpt>
      <trkpt lat="-41.6588223539292812347412109375" lon="145.9514981321990489959716796875">
        <ele>1167.4000244140625</ele>
        <time>2026-04-13T02:00:26.000Z</time>
        <extensions>
          <ns3:TrackPointExtension/>
        </extensions>
      </trkpt>
      <trkpt lat="-41.65880617685616016387939453125" lon="145.95146234147250652313232421875">
        <ele>1166.199951171875</ele>
        <time>2026-04-13T02:00:35.000Z</time>
        <extensions>
          <ns3:TrackPointExtension/>
        </extensions>
      </trkpt>
      <trkpt lat="-41.65878899395465850830078125" lon="145.9513851441442966461181640625">
        <ele>1163.800048828125</ele>
        <time>2026-04-13T02:00:48.000Z</time>
        <extensions>
          <ns3:TrackPointExtension/>
        </extensions>
      </trkpt>
      <trkpt lat="-41.6587881557643413543701171875" lon="145.9513519518077373504638671875">
        <ele>1162.5999755859375</ele>
        <time>2026-04-13T02:00:51.000Z</time>
        <extensions>
          <ns3:TrackPointExtension/>
        </extensions>
      </trkpt>
      <trkpt lat="-41.65879276581108570098876953125" lon="145.95128078944981098175048828125">
        <ele>1160.4000244140625</ele>
        <time>2026-04-13T02:01:01.000Z</time>
        <extensions>
          <ns3:TrackPointExtension/>
        </extensions>
      </trkpt>
      <trkpt lat="-41.65875555016100406646728515625" lon="145.95121599733829498291015625">
        <ele>1157.5999755859375</ele>
        <time>2026-04-13T02:01:14.000Z</time>
        <extensions>
          <ns3:TrackPointExtension/>
        </extensions>
      </trkpt>
      <trkpt lat="-41.65869687683880329132080078125" lon="145.9512037597596645355224609375">
        <ele>1156.4000244140625</ele>
        <time>2026-04-13T02:01:24.000Z</time>
        <extensions>
          <ns3:TrackPointExtension/>
        </extensions>
      </trkpt>
      <trkpt lat="-41.6586258821189403533935546875" lon="145.95118657685816287994384765625">
        <ele>1155</ele>
        <time>2026-04-13T02:01:33.000Z</time>
        <extensions>
          <ns3:TrackPointExtension/>
        </extensions>
      </trkpt>
      <trkpt lat="-41.6585804522037506103515625" lon="145.95116176642477512359619140625">
        <ele>1153.800048828125</ele>
        <time>2026-04-13T02:01:38.000Z</time>
        <extensions>
          <ns3:TrackPointExtension/>
        </extensions>
      </trkpt>
      <trkpt lat="-41.6585698910057544708251953125" lon="145.95116126351058483123779296875">
        <ele>1153.5999755859375</ele>
        <time>2026-04-13T02:01:39.000Z</time>
        <extensions>
          <ns3:TrackPointExtension/>
        </extensions>
      </trkpt>
      <trkpt lat="-41.6584773547947406768798828125" lon="145.95115321688354015350341796875">
        <ele>1152.800048828125</ele>
        <time>2026-04-13T02:01:49.000Z</time>
        <extensions>
          <ns3:TrackPointExtension/>
        </extensions>
      </trkpt>
      <trkpt lat="-41.658461093902587890625" lon="145.95113863237202167510986328125">
        <ele>1152.199951171875</ele>
        <time>2026-04-13T02:01:51.000Z</time>
        <extensions>
          <ns3:TrackPointExtension/>
        </extensions>
      </trkpt>
      <trkpt lat="-41.65843351744115352630615234375" lon="145.9510790370404720306396484375">
        <ele>1150.199951171875</ele>
        <time>2026-04-13T02:02:01.000Z</time>
        <extensions>
          <ns3:TrackPointExtension/>
        </extensions>
      </trkpt>
      <trkpt lat="-41.658401079475879669189453125" lon="145.9510632790625095367431640625">
        <ele>1149.4000244140625</ele>
        <time>2026-04-13T02:02:13.000Z</time>
        <extensions>
          <ns3:TrackPointExtension/>
        </extensions>
      </trkpt>
      <trkpt lat="-41.65836545638740062713623046875" lon="145.95102815888822078704833984375">
        <ele>1148</ele>
        <time>2026-04-13T02:02:21.000Z</time>
        <extensions>
          <ns3:TrackPointExtension/>
        </extensions>
      </trkpt>
      <trkpt lat="-41.65836193598806858062744140625" lon="145.9510128200054168701171875">
        <ele>1147.4000244140625</ele>
        <time>2026-04-13T02:02:22.000Z</time>
        <extensions>
          <ns3:TrackPointExtension/>
        </extensions>
      </trkpt>
      <trkpt lat="-41.65833712555468082427978515625" lon="145.95099245198071002960205078125">
        <ele>1146</ele>
        <time>2026-04-13T02:02:25.000Z</time>
        <extensions>
          <ns3:TrackPointExtension/>
        </extensions>
      </trkpt>
      <trkpt lat="-41.6583241336047649383544921875" lon="145.9509935416281223297119140625">
        <ele>1145.800048828125</ele>
        <time>2026-04-13T02:02:26.000Z</time>
        <extensions>
          <ns3:TrackPointExtension/>
        </extensions>
      </trkpt>
      <trkpt lat="-41.65831365622580051422119140625" lon="145.95099614001810550689697265625">
        <ele>1145.5999755859375</ele>
        <time>2026-04-13T02:02:27.000Z</time>
        <extensions>
          <ns3:TrackPointExtension/>
        </extensions>
      </trkpt>
      <trkpt lat="-41.6583026759326457977294921875" lon="145.950995720922946929931640625">
        <ele>1145.4000244140625</ele>
        <time>2026-04-13T02:02:28.000Z</time>
        <extensions>
          <ns3:TrackPointExtension/>
        </extensions>
      </trkpt>
      <trkpt lat="-41.6582926176488399505615234375" lon="145.950991697609424591064453125">
        <ele>1145.199951171875</ele>
        <time>2026-04-13T02:02:29.000Z</time>
        <extensions>
          <ns3:TrackPointExtension/>
        </extensions>
      </trkpt>
      <trkpt lat="-41.65824852883815765380859375" lon="145.95097049139440059661865234375">
        <ele>1144</ele>
        <time>2026-04-13T02:02:34.000Z</time>
        <extensions>
          <ns3:TrackPointExtension/>
        </extensions>
      </trkpt>
      <trkpt lat="-41.65822698734700679779052734375" lon="145.95096697099506855010986328125">
        <ele>1143.4000244140625</ele>
        <time>2026-04-13T02:02:36.000Z</time>
        <extensions>
          <ns3:TrackPointExtension/>
        </extensions>
      </trkpt>
      <trkpt lat="-41.65817015804350376129150390625" lon="145.95096697099506855010986328125">
        <ele>1142.4000244140625</ele>
        <time>2026-04-13T02:02:45.000Z</time>
        <extensions>
          <ns3:TrackPointExtension/>
        </extensions>
      </trkpt>
      <trkpt lat="-41.6581608541309833526611328125" lon="145.95088298432528972625732421875">
        <ele>1139.199951171875</ele>
        <time>2026-04-13T02:02:55.000Z</time>
        <extensions>
          <ns3:TrackPointExtension/>
        </extensions>
      </trkpt>
      <trkpt lat="-41.6580944694578647613525390625" lon="145.950897149741649627685546875">
        <ele>1138.4000244140625</ele>
        <time>2026-04-13T02:03:02.000Z</time>
        <extensions>
          <ns3:TrackPointExtension/>
        </extensions>
      </trkpt>
      <trkpt lat="-41.6580823995172977447509765625" lon="145.950901843607425689697265625">
        <ele>1138.199951171875</ele>
        <time>2026-04-13T02:03:03.000Z</time>
        <extensions>
          <ns3:TrackPointExtension/>
        </extensions>
      </trkpt>
      <trkpt lat="-41.6580708324909210205078125" lon="145.95090351998805999755859375">
        <ele>1137.800048828125</ele>
        <time>2026-04-13T02:03:04.000Z</time>
        <extensions>
          <ns3:TrackPointExtension/>
        </extensions>
      </trkpt>
      <trkpt lat="-41.6580589301884174346923828125" lon="145.95090829767286777496337890625">
        <ele>1137.5999755859375</ele>
        <time>2026-04-13T02:03:05.000Z</time>
        <extensions>
          <ns3:TrackPointExtension/>
        </extensions>
      </trkpt>
      <trkpt lat="-41.658010818064212799072265625" lon="145.95094752497971057891845703125">
        <ele>1137.4000244140625</ele>
        <time>2026-04-13T02:03:14.000Z</time>
        <extensions>
          <ns3:TrackPointExtension/>
        </extensions>
      </trkpt>
      <trkpt lat="-41.65799279697239398956298828125" lon="145.950979292392730712890625">
        <ele>1137.4000244140625</ele>
        <time>2026-04-13T02:03:23.000Z</time>
        <extensions>
          <ns3:TrackPointExtension/>
        </extensions>
      </trkpt>
      <trkpt lat="-41.6579613648355007171630859375" lon="145.95102715305984020233154296875">
        <ele>1136.5999755859375</ele>
        <time>2026-04-13T02:03:32.000Z</time>
        <extensions>
          <ns3:TrackPointExtension/>
        </extensions>
      </trkpt>
      <trkpt lat="-41.65796966291964054107666015625" lon="145.95100167207419872283935546875">
        <ele>1136.5999755859375</ele>
        <time>2026-04-13T02:03:46.000Z</time>
        <extensions>
          <ns3:TrackPointExtension/>
        </extensions>
      </trkpt>
      <trkpt lat="-41.658014170825481414794921875" lon="145.95091265626251697540283203125">
        <ele>1136.199951171875</ele>
        <time>2026-04-13T02:03:55.000Z</time>
        <extensions>
          <ns3:TrackPointExtension/>
        </extensions>
      </trkpt>
      <trkpt lat="-41.6580334492027759552001953125" lon="145.95085121691226959228515625">
        <ele>1134.4000244140625</ele>
        <time>2026-04-13T02:04:00.000Z</time>
        <extensions>
          <ns3:TrackPointExtension/>
        </extensions>
      </trkpt>
      <trkpt lat="-41.65807024575769901275634765625" lon="145.95085247419774532318115234375">
        <ele>1135.800048828125</ele>
        <time>2026-04-13T02:04:04.000Z</time>
        <extensions>
          <ns3:TrackPointExtension/>
        </extensions>
      </trkpt>
      <trkpt lat="-41.65813319385051727294921875" lon="145.95084719359874725341796875">
        <ele>1137.199951171875</ele>
        <time>2026-04-13T02:04:13.000Z</time>
        <extensions>
          <ns3:TrackPointExtension/>
        </extensions>
      </trkpt>
      <trkpt lat="-41.6581487841904163360595703125" lon="145.9508027695119380950927734375">
        <ele>1135.800048828125</ele>
        <time>2026-04-13T02:04:26.000Z</time>
        <extensions>
          <ns3:TrackPointExtension/>
        </extensions>
      </trkpt>
      <trkpt lat="-41.6581487841904163360595703125" lon="145.95076764933764934539794921875">
        <ele>1134.4000244140625</ele>
        <time>2026-04-13T02:04:39.000Z</time>
        <extensions>
          <ns3:TrackPointExtension/>
        </extensions>
      </trkpt>
      <trkpt lat="-41.6581497900187969207763671875" lon="145.9507467783987522125244140625">
        <ele>1133.5999755859375</ele>
        <time>2026-04-13T02:04:49.000Z</time>
        <extensions>
          <ns3:TrackPointExtension/>
        </extensions>
      </trkpt>
      <trkpt lat="-41.6581561602652072906494140625" lon="145.95070914365351200103759765625">
        <ele>1132.199951171875</ele>
        <time>2026-04-13T02:05:04.000Z</time>
        <extensions>
          <ns3:TrackPointExtension/>
        </extensions>
      </trkpt>
      <trkpt lat="-41.6581673920154571533203125" lon="145.9506934694945812225341796875">
        <ele>1131.800048828125</ele>
        <time>2026-04-13T02:05:13.000Z</time>
        <extensions>
          <ns3:TrackPointExtension/>
        </extensions>
      </trkpt>
      <trkpt lat="-41.65817066095769405364990234375" lon="145.95065382309257984161376953125">
        <ele>1129.800048828125</ele>
        <time>2026-04-13T02:05:27.000Z</time>
        <extensions>
          <ns3:TrackPointExtension/>
        </extensions>
      </trkpt>
      <trkpt lat="-41.65817082859575748443603515625" lon="145.9506227262318134307861328125">
        <ele>1128.199951171875</ele>
        <time>2026-04-13T02:05:39.000Z</time>
        <extensions>
          <ns3:TrackPointExtension/>
        </extensions>
      </trkpt>
      <trkpt lat="-41.65817074477672576904296875" lon="145.95061996020376682281494140625">
        <ele>1128</ele>
        <time>2026-04-13T02:05:40.000Z</time>
        <extensions>
          <ns3:TrackPointExtension/>
        </extensions>
      </trkpt>
      <trkpt lat="-41.6581499576568603515625" lon="145.9505970776081085205078125">
        <ele>1126.5999755859375</ele>
        <time>2026-04-13T02:06:00.000Z</time>
        <extensions>
          <ns3:TrackPointExtension/>
        </extensions>
      </trkpt>
      <trkpt lat="-41.65814258158206939697265625" lon="145.950547792017459869384765625">
        <ele>1124.199951171875</ele>
        <time>2026-04-13T02:06:21.000Z</time>
        <extensions>
          <ns3:TrackPointExtension/>
        </extensions>
      </trkpt>
      <trkpt lat="-41.65805465541779994964599609375" lon="145.95045332796871662139892578125">
        <ele>1118</ele>
        <time>2026-04-13T02:06:40.000Z</time>
        <extensions>
          <ns3:TrackPointExtension/>
        </extensions>
      </trkpt>
      <trkpt lat="-41.65800687856972217559814453125" lon="145.950374118983745574951171875">
        <ele>1114.4000244140625</ele>
        <time>2026-04-13T02:06:52.000Z</time>
        <extensions>
          <ns3:TrackPointExtension/>
        </extensions>
      </trkpt>
      <trkpt lat="-41.65795289911329746246337890625" lon="145.9502763859927654266357421875">
        <ele>1109.4000244140625</ele>
        <time>2026-04-13T02:07:07.000Z</time>
        <extensions>
          <ns3:TrackPointExtension/>
        </extensions>
      </trkpt>
      <trkpt lat="-41.65793445892632007598876953125" lon="145.95023875124752521514892578125">
        <ele>1108</ele>
        <time>2026-04-13T02:07:13.000Z</time>
        <extensions>
          <ns3:TrackPointExtension/>
        </extensions>
      </trkpt>
      <trkpt lat="-41.65788785554468631744384765625" lon="145.950175635516643524169921875">
        <ele>1105.800048828125</ele>
        <time>2026-04-13T02:07:28.000Z</time>
        <extensions>
          <ns3:TrackPointExtension/>
        </extensions>
      </trkpt>
      <trkpt lat="-41.65786053054034709930419921875" lon="145.9501442871987819671630859375">
        <ele>1104.800048828125</ele>
        <time>2026-04-13T02:07:43.000Z</time>
        <extensions>
          <ns3:TrackPointExtension/>
        </extensions>
      </trkpt>
      <trkpt lat="-41.6578195430338382720947265625" lon="145.95009475015103816986083984375">
        <ele>1103.199951171875</ele>
        <time>2026-04-13T02:07:59.000Z</time>
        <extensions>
          <ns3:TrackPointExtension/>
        </extensions>
      </trkpt>
      <trkpt lat="-41.6577521525323390960693359375" lon="145.95006424002349376678466796875">
        <ele>1101.4000244140625</ele>
        <time>2026-04-13T02:08:09.000Z</time>
        <extensions>
          <ns3:TrackPointExtension/>
        </extensions>
      </trkpt>
      <trkpt lat="-41.65769909508526325225830078125" lon="145.94998092390596866607666015625">
        <ele>1098.5999755859375</ele>
        <time>2026-04-13T02:08:22.000Z</time>
        <extensions>
          <ns3:TrackPointExtension/>
        </extensions>
      </trkpt>
      <trkpt lat="-41.6576738655567169189453125" lon="145.94990632496774196624755859375">
        <ele>1097.4000244140625</ele>
        <time>2026-04-13T02:08:33.000Z</time>
        <extensions>
          <ns3:TrackPointExtension/>
        </extensions>
      </trkpt>
      <trkpt lat="-41.657613180577754974365234375" lon="145.949859134852886199951171875">
        <ele>1096.4000244140625</ele>
        <time>2026-04-13T02:08:46.000Z</time>
        <extensions>
          <ns3:TrackPointExtension/>
        </extensions>
      </trkpt>
      <trkpt lat="-41.65758292190730571746826171875" lon="145.949765257537364959716796875">
        <ele>1094.199951171875</ele>
        <time>2026-04-13T02:08:59.000Z</time>
        <extensions>
          <ns3:TrackPointExtension/>
        </extensions>
      </trkpt>
      <trkpt lat="-41.65757286362349987030029296875" lon="145.9496765770018100738525390625">
        <ele>1092.800048828125</ele>
        <time>2026-04-13T02:09:08.000Z</time>
        <extensions>
          <ns3:TrackPointExtension/>
        </extensions>
      </trkpt>
      <trkpt lat="-41.6575392521917819976806640625" lon="145.94957507215440273284912109375">
        <ele>1091</ele>
        <time>2026-04-13T02:09:20.000Z</time>
        <extensions>
          <ns3:TrackPointExtension/>
        </extensions>
      </trkpt>
      <trkpt lat="-41.6575295291841030120849609375" lon="145.94955093227326869964599609375">
        <ele>1090.5999755859375</ele>
        <time>2026-04-13T02:09:22.000Z</time>
        <extensions>
          <ns3:TrackPointExtension/>
        </extensions>
      </trkpt>
      <trkpt lat="-41.65752491913735866546630859375" lon="145.94953835941851139068603515625">
        <ele>1090.199951171875</ele>
        <time>2026-04-13T02:09:23.000Z</time>
        <extensions>
          <ns3:TrackPointExtension/>
        </extensions>
      </trkpt>
      <trkpt lat="-41.65751955471932888031005859375" lon="145.94948521815240383148193359375">
        <ele>1089</ele>
        <time>2026-04-13T02:09:28.000Z</time>
        <extensions>
          <ns3:TrackPointExtension/>
        </extensions>
      </trkpt>
      <trkpt lat="-41.657461635768413543701171875" lon="145.94943702220916748046875">
        <ele>1087.5999755859375</ele>
        <time>2026-04-13T02:09:38.000Z</time>
        <extensions>
          <ns3:TrackPointExtension/>
        </extensions>
      </trkpt>
      <trkpt lat="-41.65740287862718105316162109375" lon="145.9493684582412242889404296875">
        <ele>1086.5999755859375</ele>
        <time>2026-04-13T02:09:49.000Z</time>
        <extensions>
          <ns3:TrackPointExtension/>
        </extensions>
      </trkpt>
      <trkpt lat="-41.6573970951139926910400390625" lon="145.9493567235767841339111328125">
        <ele>1086.5999755859375</ele>
        <time>2026-04-13T02:09:50.000Z</time>
        <extensions>
          <ns3:TrackPointExtension/>
        </extensions>
      </trkpt>
      <trkpt lat="-41.65738753974437713623046875" lon="145.9493458271026611328125">
        <ele>1086.5999755859375</ele>
        <time>2026-04-13T02:09:51.000Z</time>
        <extensions>
          <ns3:TrackPointExtension/>
        </extensions>
      </trkpt>
      <trkpt lat="-41.6573779843747615814208984375" lon="145.94933518208563327789306640625">
        <ele>1086.5999755859375</ele>
        <time>2026-04-13T02:09:52.000Z</time>
        <extensions>
          <ns3:TrackPointExtension/>
        </extensions>
      </trkpt>
      <trkpt lat="-41.657369099557399749755859375" lon="145.94932344742119312286376953125">
        <ele>1086.4000244140625</ele>
        <time>2026-04-13T02:09:53.000Z</time>
        <extensions>
          <ns3:TrackPointExtension/>
        </extensions>
      </trkpt>
      <trkpt lat="-41.65736314840614795684814453125" lon="145.94931288622319698333740234375">
        <ele>1086.4000244140625</ele>
        <time>2026-04-13T02:09:54.000Z</time>
        <extensions>
          <ns3:TrackPointExtension/>
        </extensions>
      </trkpt>
      <trkpt lat="-41.6572876274585723876953125" lon="145.94921465031802654266357421875">
        <ele>1085.4000244140625</ele>
        <time>2026-04-13T02:10:04.000Z</time>
        <extensions>
          <ns3:TrackPointExtension/>
        </extensions>
      </trkpt>
      <trkpt lat="-41.6572163812816143035888671875" lon="145.94915497116744518280029296875">
        <ele>1084.4000244140625</ele>
        <time>2026-04-13T02:10:12.000Z</time>
        <extensions>
          <ns3:TrackPointExtension/>
        </extensions>
      </trkpt>
      <trkpt lat="-41.65720841847360134124755859375" lon="145.94914591871201992034912109375">
        <ele>1084.199951171875</ele>
        <time>2026-04-13T02:10:13.000Z</time>
        <extensions>
          <ns3:TrackPointExtension/>
        </extensions>
      </trkpt>
      <trkpt lat="-41.65719886310398578643798828125" lon="145.94914273358881473541259765625">
        <ele>1084</ele>
        <time>2026-04-13T02:10:14.000Z</time>
        <extensions>
          <ns3:TrackPointExtension/>
        </extensions>
      </trkpt>
      <trkpt lat="-41.65708336047828197479248046875" lon="145.94912588596343994140625">
        <ele>1084.199951171875</ele>
        <time>2026-04-13T02:10:25.000Z</time>
        <extensions>
          <ns3:TrackPointExtension/>
        </extensions>
      </trkpt>
      <trkpt lat="-41.656954027712345123291015625" lon="145.9490754269063472747802734375">
        <ele>1084.199951171875</ele>
        <time>2026-04-13T02:10:36.000Z</time>
        <extensions>
          <ns3:TrackPointExtension/>
        </extensions>
      </trkpt>
      <trkpt lat="-41.65681865997612476348876953125" lon="145.94895665533840656280517578125">
        <ele>1083.800048828125</ele>
        <time>2026-04-13T02:10:49.000Z</time>
        <extensions>
          <ns3:TrackPointExtension/>
        </extensions>
      </trkpt>
      <trkpt lat="-41.65668555535376071929931640625" lon="145.94883914105594158172607421875">
        <ele>1084.199951171875</ele>
        <time>2026-04-13T02:11:01.000Z</time>
        <extensions>
          <ns3:TrackPointExtension/>
        </extensions>
      </trkpt>
      <trkpt lat="-41.65659494698047637939453125" lon="145.948742665350437164306640625">
        <ele>1084.4000244140625</ele>
        <time>2026-04-13T02:11:10.000Z</time>
        <extensions>
          <ns3:TrackPointExtension/>
        </extensions>
      </trkpt>
      <trkpt lat="-41.65658681653439998626708984375" lon="145.94873218797147274017333984375">
        <ele>1084.4000244140625</ele>
        <time>2026-04-13T02:11:11.000Z</time>
        <extensions>
          <ns3:TrackPointExtension/>
        </extensions>
      </trkpt>
      <trkpt lat="-41.65657944045960903167724609375" lon="145.94871844165027141571044921875">
        <ele>1084.199951171875</ele>
        <time>2026-04-13T02:11:12.000Z</time>
        <extensions>
          <ns3:TrackPointExtension/>
        </extensions>
      </trkpt>
      <trkpt lat="-41.65657223202288150787353515625" lon="145.94870704226195812225341796875">
        <ele>1084.199951171875</ele>
        <time>2026-04-13T02:11:13.000Z</time>
        <extensions>
          <ns3:TrackPointExtension/>
        </extensions>
      </trkpt>
      <trkpt lat="-41.65656334720551967620849609375" lon="145.94869731925427913665771484375">
        <ele>1084.199951171875</ele>
        <time>2026-04-13T02:11:14.000Z</time>
        <extensions>
          <ns3:TrackPointExtension/>
        </extensions>
      </trkpt>
      <trkpt lat="-41.65655077435076236724853515625" lon="145.9486888535320758819580078125">
        <ele>1084</ele>
        <time>2026-04-13T02:11:15.000Z</time>
        <extensions>
          <ns3:TrackPointExtension/>
        </extensions>
      </trkpt>
      <trkpt lat="-41.6565394587814807891845703125" lon="145.94868022017180919647216796875">
        <ele>1084</ele>
        <time>2026-04-13T02:11:16.000Z</time>
        <extensions>
          <ns3:TrackPointExtension/>
        </extensions>
      </trkpt>
      <trkpt lat="-41.65652981959283351898193359375" lon="145.94866923987865447998046875">
        <ele>1084</ele>
        <time>2026-04-13T02:11:17.000Z</time>
        <extensions>
          <ns3:TrackPointExtension/>
        </extensions>
      </trkpt>
      <trkpt lat="-41.656419597566127777099609375" lon="145.94857611693441867828369140625">
        <ele>1084.199951171875</ele>
        <time>2026-04-13T02:11:27.000Z</time>
        <extensions>
          <ns3:TrackPointExtension/>
        </extensions>
      </trkpt>
      <trkpt lat="-41.65629931725561618804931640625" lon="145.9484521485865116119384765625">
        <ele>1083.4000244140625</ele>
        <time>2026-04-13T02:11:39.000Z</time>
        <extensions>
          <ns3:TrackPointExtension/>
        </extensions>
      </trkpt>
      <trkpt lat="-41.6561870835721492767333984375" lon="145.948343016207218170166015625">
        <ele>1082.4000244140625</ele>
        <time>2026-04-13T02:11:50.000Z</time>
        <extensions>
          <ns3:TrackPointExtension/>
        </extensions>
      </trkpt>
      <trkpt lat="-41.65616889484226703643798828125" lon="145.9483200497925281524658203125">
        <ele>1082.4000244140625</ele>
        <time>2026-04-13T02:11:52.000Z</time>
        <extensions>
          <ns3:TrackPointExtension/>
        </extensions>
      </trkpt>
      <trkpt lat="-41.65616068057715892791748046875" lon="145.94830554910004138946533203125">
        <ele>1082.4000244140625</ele>
        <time>2026-04-13T02:11:53.000Z</time>
        <extensions>
          <ns3:TrackPointExtension/>
        </extensions>
      </trkpt>
      <trkpt lat="-41.65615229867398738861083984375" lon="145.94829414971172809600830078125">
        <ele>1082.4000244140625</ele>
        <time>2026-04-13T02:11:54.000Z</time>
        <extensions>
          <ns3:TrackPointExtension/>
        </extensions>
      </trkpt>
      <trkpt lat="-41.65614173747599124908447265625" lon="145.9482821635901927947998046875">
        <ele>1082.199951171875</ele>
        <time>2026-04-13T02:11:55.000Z</time>
        <extensions>
          <ns3:TrackPointExtension/>
        </extensions>
      </trkpt>
      <trkpt lat="-41.65613167919218540191650390625" lon="145.9482710994780063629150390625">
        <ele>1082</ele>
        <time>2026-04-13T02:11:56.000Z</time>
        <extensions>
          <ns3:TrackPointExtension/>
        </extensions>
      </trkpt>
      <trkpt lat="-41.65612346492707729339599609375" lon="145.9482610411942005157470703125">
        <ele>1082</ele>
        <time>2026-04-13T02:11:57.000Z</time>
        <extensions>
          <ns3:TrackPointExtension/>
        </extensions>
      </trkpt>
      <trkpt lat="-41.656115837395191192626953125" lon="145.94824813306331634521484375">
        <ele>1081.800048828125</ele>
        <time>2026-04-13T02:11:58.000Z</time>
        <extensions>
          <ns3:TrackPointExtension/>
        </extensions>
      </trkpt>
      <trkpt lat="-41.65610904805362224578857421875" lon="145.948235727846622467041015625">
        <ele>1081.800048828125</ele>
        <time>2026-04-13T02:11:59.000Z</time>
        <extensions>
          <ns3:TrackPointExtension/>
        </extensions>
      </trkpt>
      <trkpt lat="-41.65610049851238727569580078125" lon="145.94822541810572147369384765625">
        <ele>1081.5999755859375</ele>
        <time>2026-04-13T02:12:00.000Z</time>
        <extensions>
          <ns3:TrackPointExtension/>
        </extensions>
      </trkpt>
      <trkpt lat="-41.6560908593237400054931640625" lon="145.94821552745997905731201171875">
        <ele>1081.5999755859375</ele>
        <time>2026-04-13T02:12:01.000Z</time>
        <extensions>
          <ns3:TrackPointExtension/>
        </extensions>
      </trkpt>
      <trkpt lat="-41.656081974506378173828125" lon="145.94820764847099781036376953125">
        <ele>1081.5999755859375</ele>
        <time>2026-04-13T02:12:02.000Z</time>
        <extensions>
          <ns3:TrackPointExtension/>
        </extensions>
      </trkpt>
      <trkpt lat="-41.65607116185128688812255859375" lon="145.94819792546331882476806640625">
        <ele>1081.5999755859375</ele>
        <time>2026-04-13T02:12:03.000Z</time>
        <extensions>
          <ns3:TrackPointExtension/>
        </extensions>
      </trkpt>
      <trkpt lat="-41.65606143884360790252685546875" lon="145.94818619079887866973876953125">
        <ele>1081.5999755859375</ele>
        <time>2026-04-13T02:12:04.000Z</time>
        <extensions>
          <ns3:TrackPointExtension/>
        </extensions>
      </trkpt>
      <trkpt lat="-41.6560164280235767364501953125" lon="145.94815081916749477386474609375">
        <ele>1081.199951171875</ele>
        <time>2026-04-13T02:12:08.000Z</time>
        <extensions>
          <ns3:TrackPointExtension/>
        </extensions>
      </trkpt>
      <trkpt lat="-41.656008549034595489501953125" lon="145.948136150836944580078125">
        <ele>1081</ele>
        <time>2026-04-13T02:12:09.000Z</time>
        <extensions>
          <ns3:TrackPointExtension/>
        </extensions>
      </trkpt>
      <trkpt lat="-41.65600175969302654266357421875" lon="145.94812165014445781707763671875">
        <ele>1080.800048828125</ele>
        <time>2026-04-13T02:12:10.000Z</time>
        <extensions>
          <ns3:TrackPointExtension/>
        </extensions>
      </trkpt>
      <trkpt lat="-41.6559932939708232879638671875" lon="145.94810865819454193115234375">
        <ele>1080.5999755859375</ele>
        <time>2026-04-13T02:12:11.000Z</time>
        <extensions>
          <ns3:TrackPointExtension/>
        </extensions>
      </trkpt>
      <trkpt lat="-41.65598331950604915618896484375" lon="145.9480950795114040374755859375">
        <ele>1080.4000244140625</ele>
        <time>2026-04-13T02:12:12.000Z</time>
        <extensions>
          <ns3:TrackPointExtension/>
        </extensions>
      </trkpt>
      <trkpt lat="-41.65597393177449703216552734375" lon="145.94808409921824932098388671875">
        <ele>1080.4000244140625</ele>
        <time>2026-04-13T02:12:13.000Z</time>
        <extensions>
          <ns3:TrackPointExtension/>
        </extensions>
      </trkpt>
      <trkpt lat="-41.65596437640488147735595703125" lon="145.9480752982199192047119140625">
        <ele>1080.4000244140625</ele>
        <time>2026-04-13T02:12:14.000Z</time>
        <extensions>
          <ns3:TrackPointExtension/>
        </extensions>
      </trkpt>
      <trkpt lat="-41.655954234302043914794921875" lon="145.948066748678684234619140625">
        <ele>1080.4000244140625</ele>
        <time>2026-04-13T02:12:15.000Z</time>
        <extensions>
          <ns3:TrackPointExtension/>
        </extensions>
      </trkpt>
      <trkpt lat="-41.6559433378279209136962890625" lon="145.9480612166225910186767578125">
        <ele>1080.4000244140625</ele>
        <time>2026-04-13T02:12:16.000Z</time>
        <extensions>
          <ns3:TrackPointExtension/>
        </extensions>
      </trkpt>
      <trkpt lat="-41.65593034587800502777099609375" lon="145.9480543434619903564453125">
        <ele>1080.4000244140625</ele>
        <time>2026-04-13T02:12:17.000Z</time>
        <extensions>
          <ns3:TrackPointExtension/>
        </extensions>
      </trkpt>
      <trkpt lat="-41.65591794066131114959716796875" lon="145.94804554246366024017333984375">
        <ele>1080.4000244140625</ele>
        <time>2026-04-13T02:12:18.000Z</time>
        <extensions>
          <ns3:TrackPointExtension/>
        </extensions>
      </trkpt>
      <trkpt lat="-41.65590821765363216400146484375" lon="145.94803732819855213165283203125">
        <ele>1080.4000244140625</ele>
        <time>2026-04-13T02:12:19.000Z</time>
        <extensions>
          <ns3:TrackPointExtension/>
        </extensions>
      </trkpt>
      <trkpt lat="-41.65589757263660430908203125" lon="145.94803154468536376953125">
        <ele>1080.4000244140625</ele>
        <time>2026-04-13T02:12:20.000Z</time>
        <extensions>
          <ns3:TrackPointExtension/>
        </extensions>
      </trkpt>
      <trkpt lat="-41.65588692761957645416259765625" lon="145.94802442006766796112060546875">
        <ele>1080.4000244140625</ele>
        <time>2026-04-13T02:12:21.000Z</time>
        <extensions>
          <ns3:TrackPointExtension/>
        </extensions>
      </trkpt>
      <trkpt lat="-41.6558767855167388916015625" lon="145.94801603816449642181396484375">
        <ele>1080.4000244140625</ele>
        <time>2026-04-13T02:12:22.000Z</time>
        <extensions>
          <ns3:TrackPointExtension/>
        </extensions>
      </trkpt>
      <trkpt lat="-41.65586379356682300567626953125" lon="145.94800732098519802093505859375">
        <ele>1080.199951171875</ele>
        <time>2026-04-13T02:12:23.000Z</time>
        <extensions>
          <ns3:TrackPointExtension/>
        </extensions>
      </trkpt>
      <trkpt lat="-41.65577226318418979644775390625" lon="145.94799038954079151153564453125">
        <ele>1079.4000244140625</ele>
        <time>2026-04-13T02:12:31.000Z</time>
        <extensions>
          <ns3:TrackPointExtension/>
        </extensions>
      </trkpt>
      <trkpt lat="-41.6556519828736782073974609375" lon="145.9480409324169158935546875">
        <ele>1079</ele>
        <time>2026-04-13T02:12:42.000Z</time>
        <extensions>
          <ns3:TrackPointExtension/>
        </extensions>
      </trkpt>
      <trkpt lat="-41.6555731929838657379150390625" lon="145.94807378947734832763671875">
        <ele>1078.5999755859375</ele>
        <time>2026-04-13T02:12:50.000Z</time>
        <extensions>
          <ns3:TrackPointExtension/>
        </extensions>
      </trkpt>
      <trkpt lat="-41.6555208899080753326416015625" lon="145.9481242485344409942626953125">
        <ele>1077.800048828125</ele>
        <time>2026-04-13T02:12:59.000Z</time>
        <extensions>
          <ns3:TrackPointExtension/>
        </extensions>
      </trkpt>
      <trkpt lat="-41.65549599565565586090087890625" lon="145.94813656993210315704345703125">
        <ele>1077.5999755859375</ele>
        <time>2026-04-13T02:13:02.000Z</time>
        <extensions>
          <ns3:TrackPointExtension/>
        </extensions>
      </trkpt>
      <trkpt lat="-41.65548543445765972137451171875" lon="145.9481379948556423187255859375">
        <ele>1077.4000244140625</ele>
        <time>2026-04-13T02:13:03.000Z</time>
        <extensions>
          <ns3:TrackPointExtension/>
        </extensions>
      </trkpt>
      <trkpt lat="-41.65547403506934642791748046875" lon="145.9481386654078960418701171875">
        <ele>1077.4000244140625</ele>
        <time>2026-04-13T02:13:04.000Z</time>
        <extensions>
          <ns3:TrackPointExtension/>
        </extensions>
      </trkpt>
      <trkpt lat="-41.65545425377786159515380859375" lon="145.94814495183527469635009765625">
        <ele>1077.199951171875</ele>
        <time>2026-04-13T02:13:06.000Z</time>
        <extensions>
          <ns3:TrackPointExtension/>
        </extensions>
      </trkpt>
      <trkpt lat="-41.655382923781871795654296875" lon="145.9481738694012165069580078125">
        <ele>1076.4000244140625</ele>
        <time>2026-04-13T02:13:16.000Z</time>
        <extensions>
          <ns3:TrackPointExtension/>
        </extensions>
      </trkpt>
      <trkpt lat="-41.65537177585065364837646484375" lon="145.9481711871922016143798828125">
        <ele>1076.4000244140625</ele>
        <time>2026-04-13T02:13:17.000Z</time>
        <extensions>
          <ns3:TrackPointExtension/>
        </extensions>
      </trkpt>
      <trkpt lat="-41.65536087937653064727783203125" lon="145.94816607423126697540283203125">
        <ele>1076.4000244140625</ele>
        <time>2026-04-13T02:13:18.000Z</time>
        <extensions>
          <ns3:TrackPointExtension/>
        </extensions>
      </trkpt>
      <trkpt lat="-41.6553237475454807281494140625" lon="145.9481470473110675811767578125">
        <ele>1076.5999755859375</ele>
        <time>2026-04-13T02:13:22.000Z</time>
        <extensions>
          <ns3:TrackPointExtension/>
        </extensions>
      </trkpt>
      <trkpt lat="-41.6553116776049137115478515625" lon="145.94814428128302097320556640625">
        <ele>1076.5999755859375</ele>
        <time>2026-04-13T02:13:23.000Z</time>
        <extensions>
          <ns3:TrackPointExtension/>
        </extensions>
      </trkpt>
      <trkpt lat="-41.65529332123696804046630859375" lon="145.9481482207775115966796875">
        <ele>1076.199951171875</ele>
        <time>2026-04-13T02:13:25.000Z</time>
        <extensions>
          <ns3:TrackPointExtension/>
        </extensions>
      </trkpt>
      <trkpt lat="-41.655274294316768646240234375" lon="145.9481589496135711669921875">
        <ele>1075.800048828125</ele>
        <time>2026-04-13T02:13:27.000Z</time>
        <extensions>
          <ns3:TrackPointExtension/>
        </extensions>
      </trkpt>
      <trkpt lat="-41.65526482276618480682373046875" lon="145.94816272146999835968017578125">
        <ele>1075.800048828125</ele>
        <time>2026-04-13T02:13:28.000Z</time>
        <extensions>
          <ns3:TrackPointExtension/>
        </extensions>
      </trkpt>
      <trkpt lat="-41.6552543453872203826904296875" lon="145.94816305674612522125244140625">
        <ele>1075.5999755859375</ele>
        <time>2026-04-13T02:13:29.000Z</time>
        <extensions>
          <ns3:TrackPointExtension/>
        </extensions>
      </trkpt>
      <trkpt lat="-41.65516977198421955108642578125" lon="145.94815216027200222015380859375">
        <ele>1074.800048828125</ele>
        <time>2026-04-13T02:13:37.000Z</time>
        <extensions>
          <ns3:TrackPointExtension/>
        </extensions>
      </trkpt>
      <trkpt lat="-41.65514311753213405609130859375" lon="145.94816272146999835968017578125">
        <ele>1074.4000244140625</ele>
        <time>2026-04-13T02:13:40.000Z</time>
        <extensions>
          <ns3:TrackPointExtension/>
        </extensions>
      </trkpt>
      <trkpt lat="-41.6550600528717041015625" lon="145.94819792546331882476806640625">
        <ele>1072.5999755859375</ele>
        <time>2026-04-13T02:13:50.000Z</time>
        <extensions>
          <ns3:TrackPointExtension/>
        </extensions>
      </trkpt>
      <trkpt lat="-41.65502627380192279815673828125" lon="145.948208235204219818115234375">
        <ele>1072</ele>
        <time>2026-04-13T02:13:57.000Z</time>
        <extensions>
          <ns3:TrackPointExtension/>
        </extensions>
      </trkpt>
      <trkpt lat="-41.6550152935087680816650390625" lon="145.9482110850512981414794921875">
        <ele>1071.800048828125</ele>
        <time>2026-04-13T02:13:58.000Z</time>
        <extensions>
          <ns3:TrackPointExtension/>
        </extensions>
      </trkpt>
      <trkpt lat="-41.655004732310771942138671875" lon="145.94821267761290073394775390625">
        <ele>1071.800048828125</ele>
        <time>2026-04-13T02:13:59.000Z</time>
        <extensions>
          <ns3:TrackPointExtension/>
        </extensions>
      </trkpt>
      <trkpt lat="-41.65497958660125732421875" lon="145.94823212362825870513916015625">
        <ele>1071</ele>
        <time>2026-04-13T02:14:02.000Z</time>
        <extensions>
          <ns3:TrackPointExtension/>
        </extensions>
      </trkpt>
      <trkpt lat="-41.6549701988697052001953125" lon="145.948241762816905975341796875">
        <ele>1070.5999755859375</ele>
        <time>2026-04-13T02:14:03.000Z</time>
        <extensions>
          <ns3:TrackPointExtension/>
        </extensions>
      </trkpt>
      <trkpt lat="-41.6549589671194553375244140625" lon="145.94824737869203090667724609375">
        <ele>1070.4000244140625</ele>
        <time>2026-04-13T02:14:04.000Z</time>
        <extensions>
          <ns3:TrackPointExtension/>
        </extensions>
      </trkpt>
      <trkpt lat="-41.65494748391211032867431640625" lon="145.948249138891696929931640625">
        <ele>1070.199951171875</ele>
        <time>2026-04-13T02:14:05.000Z</time>
        <extensions>
          <ns3:TrackPointExtension/>
        </extensions>
      </trkpt>
      <trkpt lat="-41.65482477284967899322509765625" lon="145.948282666504383087158203125">
        <ele>1069</ele>
        <time>2026-04-13T02:14:17.000Z</time>
        <extensions>
          <ns3:TrackPointExtension/>
        </extensions>
      </trkpt>
      <trkpt lat="-41.65477112866938114166259765625" lon="145.94832264818251132965087890625">
        <ele>1067.4000244140625</ele>
        <time>2026-04-13T02:14:29.000Z</time>
        <extensions>
          <ns3:TrackPointExtension/>
        </extensions>
      </trkpt>
      <trkpt lat="-41.6546468250453472137451171875" lon="145.9483867697417736053466796875">
        <ele>1065.5999755859375</ele>
        <time>2026-04-13T02:14:43.000Z</time>
        <extensions>
          <ns3:TrackPointExtension/>
        </extensions>
      </trkpt>
      <trkpt lat="-41.65460667572915554046630859375" lon="145.94840093515813350677490234375">
        <ele>1065.4000244140625</ele>
        <time>2026-04-13T02:14:47.000Z</time>
        <extensions>
          <ns3:TrackPointExtension/>
        </extensions>
      </trkpt>
      <trkpt lat="-41.6545965336263179779052734375" lon="145.94840814359486103057861328125">
        <ele>1065.199951171875</ele>
        <time>2026-04-13T02:14:48.000Z</time>
        <extensions>
          <ns3:TrackPointExtension/>
        </extensions>
      </trkpt>
      <trkpt lat="-41.65458555333316326141357421875" lon="145.94841417856514453887939453125">
        <ele>1065</ele>
        <time>2026-04-13T02:14:49.000Z</time>
        <extensions>
          <ns3:TrackPointExtension/>
        </extensions>
      </trkpt>
      <trkpt lat="-41.65457432158291339874267578125" lon="145.9484186209738254547119140625">
        <ele>1065</ele>
        <time>2026-04-13T02:14:50.000Z</time>
        <extensions>
          <ns3:TrackPointExtension/>
        </extensions>
      </trkpt>
      <trkpt lat="-41.654563844203948974609375" lon="145.94842172227799892425537109375">
        <ele>1064.800048828125</ele>
        <time>2026-04-13T02:14:51.000Z</time>
        <extensions>
          <ns3:TrackPointExtension/>
        </extensions>
      </trkpt>
      <trkpt lat="-41.65445228107273578643798828125" lon="145.94847754575312137603759765625">
        <ele>1063</ele>
        <time>2026-04-13T02:15:02.000Z</time>
        <extensions>
          <ns3:TrackPointExtension/>
        </extensions>
      </trkpt>
      <trkpt lat="-41.65441724471747875213623046875" lon="145.94850487075746059417724609375">
        <ele>1061.800048828125</ele>
        <time>2026-04-13T02:15:06.000Z</time>
        <extensions>
          <ns3:TrackPointExtension/>
        </extensions>
      </trkpt>
      <trkpt lat="-41.65440735407173633575439453125" lon="145.94851325266063213348388671875">
        <ele>1061.4000244140625</ele>
        <time>2026-04-13T02:15:07.000Z</time>
        <extensions>
          <ns3:TrackPointExtension/>
        </extensions>
      </trkpt>
      <trkpt lat="-41.65439628995954990386962890625" lon="145.9485195390880107879638671875">
        <ele>1061</ele>
        <time>2026-04-13T02:15:08.000Z</time>
        <extensions>
          <ns3:TrackPointExtension/>
        </extensions>
      </trkpt>
      <trkpt lat="-41.6543547995388507843017578125" lon="145.948556922376155853271484375">
        <ele>1059.4000244140625</ele>
        <time>2026-04-13T02:15:13.000Z</time>
        <extensions>
          <ns3:TrackPointExtension/>
        </extensions>
      </trkpt>
      <trkpt lat="-41.65434566326439380645751953125" lon="145.9485731832683086395263671875">
        <ele>1058.800048828125</ele>
        <time>2026-04-13T02:15:14.000Z</time>
        <extensions>
          <ns3:TrackPointExtension/>
        </extensions>
      </trkpt>
      <trkpt lat="-41.6543237864971160888671875" lon="145.9486020170152187347412109375">
        <ele>1057.5999755859375</ele>
        <time>2026-04-13T02:15:18.000Z</time>
        <extensions>
          <ns3:TrackPointExtension/>
        </extensions>
      </trkpt>
      <trkpt lat="-41.65431163273751735687255859375" lon="145.94860293902456760406494140625">
        <ele>1057.4000244140625</ele>
        <time>2026-04-13T02:15:19.000Z</time>
        <extensions>
          <ns3:TrackPointExtension/>
        </extensions>
      </trkpt>
      <trkpt lat="-41.65427441708743572235107421875" lon="145.94861936755478382110595703125">
        <ele>1056.4000244140625</ele>
        <time>2026-04-13T02:15:23.000Z</time>
        <extensions>
          <ns3:TrackPointExtension/>
        </extensions>
      </trkpt>
      <trkpt lat="-41.6542659513652324676513671875" lon="145.94863143749535083770751953125">
        <ele>1056</ele>
        <time>2026-04-13T02:15:24.000Z</time>
        <extensions>
          <ns3:TrackPointExtension/>
        </extensions>
      </trkpt>
      <trkpt lat="-41.65425765328109264373779296875" lon="145.9486439265310764312744140625">
        <ele>1055.4000244140625</ele>
        <time>2026-04-13T02:15:25.000Z</time>
        <extensions>
          <ns3:TrackPointExtension/>
        </extensions>
      </trkpt>
      <trkpt lat="-41.65413678623735904693603515625" lon="145.94876286573708057403564453125">
        <ele>1050.199951171875</ele>
        <time>2026-04-13T02:15:39.000Z</time>
        <extensions>
          <ns3:TrackPointExtension/>
        </extensions>
      </trkpt>
      <trkpt lat="-41.6540473513305187225341796875" lon="145.94880142249166965484619140625">
        <ele>1047.800048828125</ele>
        <time>2026-04-13T02:15:48.000Z</time>
        <extensions>
          <ns3:TrackPointExtension/>
        </extensions>
      </trkpt>
      <trkpt lat="-41.65396059863269329071044921875" lon="145.94883813522756099700927734375">
        <ele>1045.4000244140625</ele>
        <time>2026-04-13T02:15:59.000Z</time>
        <extensions>
          <ns3:TrackPointExtension/>
        </extensions>
      </trkpt>
      <trkpt lat="-41.6539013385772705078125" lon="145.94888172112405300140380859375">
        <ele>1043.4000244140625</ele>
        <time>2026-04-13T02:16:11.000Z</time>
        <extensions>
          <ns3:TrackPointExtension/>
        </extensions>
      </trkpt>
      <trkpt lat="-41.65388734079897403717041015625" lon="145.94888272695243358612060546875">
        <ele>1043.199951171875</ele>
        <time>2026-04-13T02:16:12.000Z</time>
        <extensions>
          <ns3:TrackPointExtension/>
        </extensions>
      </trkpt>
      <trkpt lat="-41.6538753546774387359619140625" lon="145.9488906897604465484619140625">
        <ele>1042.800048828125</ele>
        <time>2026-04-13T02:16:13.000Z</time>
        <extensions>
          <ns3:TrackPointExtension/>
        </extensions>
      </trkpt>
      <trkpt lat="-41.65377971716225147247314453125" lon="145.94893276691436767578125">
        <ele>1040.199951171875</ele>
        <time>2026-04-13T02:16:23.000Z</time>
        <extensions>
          <ns3:TrackPointExtension/>
        </extensions>
      </trkpt>
      <trkpt lat="-41.6536580957472324371337890625" lon="145.94896637834608554840087890625">
        <ele>1037</ele>
        <time>2026-04-13T02:16:34.000Z</time>
        <extensions>
          <ns3:TrackPointExtension/>
        </extensions>
      </trkpt>
      <trkpt lat="-41.6535353846848011016845703125" lon="145.948954559862613677978515625">
        <ele>1034.5999755859375</ele>
        <time>2026-04-13T02:16:46.000Z</time>
        <extensions>
          <ns3:TrackPointExtension/>
        </extensions>
      </trkpt>
      <trkpt lat="-41.65352457202970981597900390625" lon="145.948947183787822723388671875">
        <ele>1034.4000244140625</ele>
        <time>2026-04-13T02:16:47.000Z</time>
        <extensions>
          <ns3:TrackPointExtension/>
        </extensions>
      </trkpt>
      <trkpt lat="-41.6534815728664398193359375" lon="145.9489218704402446746826171875">
        <ele>1034</ele>
        <time>2026-04-13T02:16:53.000Z</time>
        <extensions>
          <ns3:TrackPointExtension/>
        </extensions>
      </trkpt>
      <trkpt lat="-41.653469167649745941162109375" lon="145.94891675747931003570556640625">
        <ele>1033.800048828125</ele>
        <time>2026-04-13T02:16:54.000Z</time>
        <extensions>
          <ns3:TrackPointExtension/>
        </extensions>
      </trkpt>
      <trkpt lat="-41.65345533750951290130615234375" lon="145.9489128179848194122314453125">
        <ele>1033.4000244140625</ele>
        <time>2026-04-13T02:16:55.000Z</time>
        <extensions>
          <ns3:TrackPointExtension/>
        </extensions>
      </trkpt>
      <trkpt lat="-41.653443686664104461669921875" lon="145.948909632861614227294921875">
        <ele>1033</ele>
        <time>2026-04-13T02:16:56.000Z</time>
        <extensions>
          <ns3:TrackPointExtension/>
        </extensions>
      </trkpt>
      <trkpt lat="-41.65343253873288631439208984375" lon="145.94890468753874301910400390625">
        <ele>1032.800048828125</ele>
        <time>2026-04-13T02:16:57.000Z</time>
        <extensions>
          <ns3:TrackPointExtension/>
        </extensions>
      </trkpt>
      <trkpt lat="-41.653322987258434295654296875" lon="145.9488306753337383270263671875">
        <ele>1030.800048828125</ele>
        <time>2026-04-13T02:17:08.000Z</time>
        <extensions>
          <ns3:TrackPointExtension/>
        </extensions>
      </trkpt>
      <trkpt lat="-41.6533060558140277862548828125" lon="145.94881617464125156402587890625">
        <ele>1030.5999755859375</ele>
        <time>2026-04-13T02:17:10.000Z</time>
        <extensions>
          <ns3:TrackPointExtension/>
        </extensions>
      </trkpt>
      <trkpt lat="-41.6532983444631099700927734375" lon="145.9488045237958431243896484375">
        <ele>1030.5999755859375</ele>
        <time>2026-04-13T02:17:11.000Z</time>
        <extensions>
          <ns3:TrackPointExtension/>
        </extensions>
      </trkpt>
      <trkpt lat="-41.65328937582671642303466796875" lon="145.9487954713404178619384765625">
        <ele>1030.5999755859375</ele>
        <time>2026-04-13T02:17:12.000Z</time>
        <extensions>
          <ns3:TrackPointExtension/>
        </extensions>
      </trkpt>
      <trkpt lat="-41.6532782278954982757568359375" lon="145.9487884305417537689208984375">
        <ele>1030.4000244140625</ele>
        <time>2026-04-13T02:17:13.000Z</time>
        <extensions>
          <ns3:TrackPointExtension/>
        </extensions>
      </trkpt>
      <trkpt lat="-41.65316683240234851837158203125" lon="145.94871877692639827728271484375">
        <ele>1029.4000244140625</ele>
        <time>2026-04-13T02:17:23.000Z</time>
        <extensions>
          <ns3:TrackPointExtension/>
        </extensions>
      </trkpt>
      <trkpt lat="-41.653059460222721099853515625" lon="145.94864769838750362396240234375">
        <ele>1027.5999755859375</ele>
        <time>2026-04-13T02:17:33.000Z</time>
        <extensions>
          <ns3:TrackPointExtension/>
        </extensions>
      </trkpt>
      <trkpt lat="-41.65300556458532810211181640625" lon="145.94860109500586986541748046875">
        <ele>1027</ele>
        <time>2026-04-13T02:17:39.000Z</time>
        <extensions>
          <ns3:TrackPointExtension/>
        </extensions>
      </trkpt>
      <trkpt lat="-41.65295979939401149749755859375" lon="145.948538146913051605224609375">
        <ele>1026.5999755859375</ele>
        <time>2026-04-13T02:17:45.000Z</time>
        <extensions>
          <ns3:TrackPointExtension/>
        </extensions>
      </trkpt>
      <trkpt lat="-41.65295384824275970458984375" lon="145.94852364622056484222412109375">
        <ele>1026.4000244140625</ele>
        <time>2026-04-13T02:17:46.000Z</time>
        <extensions>
          <ns3:TrackPointExtension/>
        </extensions>
      </trkpt>
      <trkpt lat="-41.65294571779668331146240234375" lon="145.94851526431739330291748046875">
        <ele>1026.4000244140625</ele>
        <time>2026-04-13T02:17:47.000Z</time>
        <extensions>
          <ns3:TrackPointExtension/>
        </extensions>
      </trkpt>
      <trkpt lat="-41.652934066951274871826171875" lon="145.94850654713809490203857421875">
        <ele>1026.199951171875</ele>
        <time>2026-04-13T02:17:48.000Z</time>
        <extensions>
          <ns3:TrackPointExtension/>
        </extensions>
      </trkpt>
      <trkpt lat="-41.652922667562961578369140625" lon="145.94849816523492336273193359375">
        <ele>1026.199951171875</ele>
        <time>2026-04-13T02:17:49.000Z</time>
        <extensions>
          <ns3:TrackPointExtension/>
        </extensions>
      </trkpt>
      <trkpt lat="-41.65283859707415103912353515625" lon="145.94843856990337371826171875">
        <ele>1025.4000244140625</ele>
        <time>2026-04-13T02:17:57.000Z</time>
        <extensions>
          <ns3:TrackPointExtension/>
        </extensions>
      </trkpt>
      <trkpt lat="-41.65273549966514110565185546875" lon="145.9483656473457813262939453125">
        <ele>1024.4000244140625</ele>
        <time>2026-04-13T02:18:07.000Z</time>
        <extensions>
          <ns3:TrackPointExtension/>
        </extensions>
      </trkpt>
      <trkpt lat="-41.652645729482173919677734375" lon="145.94830202870070934295654296875">
        <ele>1023.5999755859375</ele>
        <time>2026-04-13T02:18:16.000Z</time>
        <extensions>
          <ns3:TrackPointExtension/>
        </extensions>
      </trkpt>
      <trkpt lat="-41.6526157222688198089599609375" lon="145.9482690878212451934814453125">
        <ele>1023.4000244140625</ele>
        <time>2026-04-13T02:18:19.000Z</time>
        <extensions>
          <ns3:TrackPointExtension/>
        </extensions>
      </trkpt>
      <trkpt lat="-41.65261027403175830841064453125" lon="145.948254168033599853515625">
        <ele>1023.4000244140625</ele>
        <time>2026-04-13T02:18:20.000Z</time>
        <extensions>
          <ns3:TrackPointExtension/>
        </extensions>
      </trkpt>
      <trkpt lat="-41.65260608308017253875732421875" lon="145.948239080607891082763671875">
        <ele>1023.4000244140625</ele>
        <time>2026-04-13T02:18:21.000Z</time>
        <extensions>
          <ns3:TrackPointExtension/>
        </extensions>
      </trkpt>
      <trkpt lat="-41.6525751538574695587158203125" lon="145.9481547586619853973388671875">
        <ele>1023.79998779296875</ele>
        <time>2026-04-13T02:18:27.000Z</time>
        <extensions>
          <ns3:TrackPointExtension/>
        </extensions>
      </trkpt>
      <trkpt lat="-41.6525647602975368499755859375" lon="145.9481453709304332733154296875">
        <ele>1023.5999755859375</ele>
        <time>2026-04-13T02:18:28.000Z</time>
        <extensions>
          <ns3:TrackPointExtension/>
        </extensions>
      </trkpt>
      <trkpt lat="-41.65248982608318328857421875" lon="145.9480813331902027130126953125">
        <ele>1023</ele>
        <time>2026-04-13T02:18:36.000Z</time>
        <extensions>
          <ns3:TrackPointExtension/>
        </extensions>
      </trkpt>
      <trkpt lat="-41.65247532539069652557373046875" lon="145.94806465320289134979248046875">
        <ele>1022.79998779296875</ele>
        <time>2026-04-13T02:18:38.000Z</time>
        <extensions>
          <ns3:TrackPointExtension/>
        </extensions>
      </trkpt>
      <trkpt lat="-41.65245587937533855438232421875" lon="145.94806163571774959564208984375">
        <ele>1022.4000244140625</ele>
        <time>2026-04-13T02:18:40.000Z</time>
        <extensions>
          <ns3:TrackPointExtension/>
        </extensions>
      </trkpt>
      <trkpt lat="-41.65244665928184986114501953125" lon="145.94806582666933536529541015625">
        <ele>1022.20001220703125</ele>
        <time>2026-04-13T02:18:41.000Z</time>
        <extensions>
          <ns3:TrackPointExtension/>
        </extensions>
      </trkpt>
      <trkpt lat="-41.65243827737867832183837890625" lon="145.9480739571154117584228515625">
        <ele>1021.79998779296875</ele>
        <time>2026-04-13T02:18:42.000Z</time>
        <extensions>
          <ns3:TrackPointExtension/>
        </extensions>
      </trkpt>
      <trkpt lat="-41.65243106894195079803466796875" lon="145.94808393158018589019775390625">
        <ele>1021.5999755859375</ele>
        <time>2026-04-13T02:18:43.000Z</time>
        <extensions>
          <ns3:TrackPointExtension/>
        </extensions>
      </trkpt>
      <trkpt lat="-41.65242654271423816680908203125" lon="145.94809734262526035308837890625">
        <ele>1021.4000244140625</ele>
        <time>2026-04-13T02:18:44.000Z</time>
        <extensions>
          <ns3:TrackPointExtension/>
        </extensions>
      </trkpt>
      <trkpt lat="-41.652423776686191558837890625" lon="145.948113016784191131591796875">
        <ele>1021.20001220703125</ele>
        <time>2026-04-13T02:18:45.000Z</time>
        <extensions>
          <ns3:TrackPointExtension/>
        </extensions>
      </trkpt>
      <trkpt lat="-41.6524209268391132354736328125" lon="145.94812877476215362548828125">
        <ele>1021</ele>
        <time>2026-04-13T02:18:46.000Z</time>
        <extensions>
          <ns3:TrackPointExtension/>
        </extensions>
      </trkpt>
      <trkpt lat="-41.65241849608719348907470703125" lon="145.94814461655914783477783203125">
        <ele>1020.79998779296875</ele>
        <time>2026-04-13T02:18:47.000Z</time>
        <extensions>
          <ns3:TrackPointExtension/>
        </extensions>
      </trkpt>
      <trkpt lat="-41.652417071163654327392578125" lon="145.94815936870872974395751953125">
        <ele>1020.5999755859375</ele>
        <time>2026-04-13T02:18:48.000Z</time>
        <extensions>
          <ns3:TrackPointExtension/>
        </extensions>
      </trkpt>
      <trkpt lat="-41.65239938534796237945556640625" lon="145.94827973283827304840087890625">
        <ele>1020.5999755859375</ele>
        <time>2026-04-13T02:18:56.000Z</time>
        <extensions>
          <ns3:TrackPointExtension/>
        </extensions>
      </trkpt>
      <trkpt lat="-41.65239687077701091766357421875" lon="145.94829582609236240386962890625">
        <ele>1020.5999755859375</ele>
        <time>2026-04-13T02:18:57.000Z</time>
        <extensions>
          <ns3:TrackPointExtension/>
        </extensions>
      </trkpt>
      <trkpt lat="-41.6523927636444568634033203125" lon="145.9483116678893566131591796875">
        <ele>1020.79998779296875</ele>
        <time>2026-04-13T02:18:58.000Z</time>
        <extensions>
          <ns3:TrackPointExtension/>
        </extensions>
      </trkpt>
      <trkpt lat="-41.65238915942609310150146484375" lon="145.9483274258673191070556640625">
        <ele>1020.79998779296875</ele>
        <time>2026-04-13T02:18:59.000Z</time>
        <extensions>
          <ns3:TrackPointExtension/>
        </extensions>
      </trkpt>
      <trkpt lat="-41.65239393711090087890625" lon="145.9484065510332584381103515625">
        <ele>1020.5999755859375</ele>
        <time>2026-04-13T02:19:04.000Z</time>
        <extensions>
          <ns3:TrackPointExtension/>
        </extensions>
      </trkpt>
      <trkpt lat="-41.65239393711090087890625" lon="145.94842038117349147796630859375">
        <ele>1020.5999755859375</ele>
        <time>2026-04-13T02:19:05.000Z</time>
        <extensions>
          <ns3:TrackPointExtension/>
        </extensions>
      </trkpt>
      <trkpt lat="-41.65239117108285427093505859375" lon="145.94843748025596141815185546875">
        <ele>1020.4000244140625</ele>
        <time>2026-04-13T02:19:06.000Z</time>
        <extensions>
          <ns3:TrackPointExtension/>
        </extensions>
      </trkpt>
      <trkpt lat="-41.652353368699550628662109375" lon="145.9486006759107112884521484375">
        <ele>1021.5999755859375</ele>
        <time>2026-04-13T02:19:16.000Z</time>
        <extensions>
          <ns3:TrackPointExtension/>
        </extensions>
      </trkpt>
      <trkpt lat="-41.6523330844938755035400390625" lon="145.94877074472606182098388671875">
        <ele>1022.4000244140625</ele>
        <time>2026-04-13T02:19:27.000Z</time>
        <extensions>
          <ns3:TrackPointExtension/>
        </extensions>
      </trkpt>
      <trkpt lat="-41.65230986662209033966064453125" lon="145.948950536549091339111328125">
        <ele>1023</ele>
        <time>2026-04-13T02:19:38.000Z</time>
        <extensions>
          <ns3:TrackPointExtension/>
        </extensions>
      </trkpt>
      <trkpt lat="-41.65227449499070644378662109375" lon="145.94908221624791622161865234375">
        <ele>1023</ele>
        <time>2026-04-13T02:19:46.000Z</time>
        <extensions>
          <ns3:TrackPointExtension/>
        </extensions>
      </trkpt>
      <trkpt lat="-41.65227164514362812042236328125" lon="145.94909529201686382293701171875">
        <ele>1023</ele>
        <time>2026-04-13T02:19:47.000Z</time>
        <extensions>
          <ns3:TrackPointExtension/>
        </extensions>
      </trkpt>
      <trkpt lat="-41.652266867458820343017578125" lon="145.94910987652838230133056640625">
        <ele>1023</ele>
        <time>2026-04-13T02:19:48.000Z</time>
        <extensions>
          <ns3:TrackPointExtension/>
        </extensions>
      </trkpt>
      <trkpt lat="-41.6522633470594882965087890625" lon="145.94912647269666194915771484375">
        <ele>1023</ele>
        <time>2026-04-13T02:19:49.000Z</time>
        <extensions>
          <ns3:TrackPointExtension/>
        </extensions>
      </trkpt>
      <trkpt lat="-41.6522596590220928192138671875" lon="145.949141979217529296875">
        <ele>1023</ele>
        <time>2026-04-13T02:19:50.000Z</time>
        <extensions>
          <ns3:TrackPointExtension/>
        </extensions>
      </trkpt>
      <trkpt lat="-41.65225437842309474945068359375" lon="145.94915798865258693695068359375">
        <ele>1023</ele>
        <time>2026-04-13T02:19:51.000Z</time>
        <extensions>
          <ns3:TrackPointExtension/>
        </extensions>
      </trkpt>
      <trkpt lat="-41.65215178392827510833740234375" lon="145.94926544465124607086181640625">
        <ele>1023</ele>
        <time>2026-04-13T02:20:02.000Z</time>
        <extensions>
          <ns3:TrackPointExtension/>
        </extensions>
      </trkpt>
      <trkpt lat="-41.65206561796367168426513671875" lon="145.94932948239147663116455078125">
        <ele>1023.20001220703125</ele>
        <time>2026-04-13T02:20:10.000Z</time>
        <extensions>
          <ns3:TrackPointExtension/>
        </extensions>
      </trkpt>
      <trkpt lat="-41.65205639787018299102783203125" lon="145.94934088177978992462158203125">
        <ele>1023.20001220703125</ele>
        <time>2026-04-13T02:20:11.000Z</time>
        <extensions>
          <ns3:TrackPointExtension/>
        </extensions>
      </trkpt>
      <trkpt lat="-41.652045585215091705322265625" lon="145.94934607855975627899169921875">
        <ele>1023.20001220703125</ele>
        <time>2026-04-13T02:20:12.000Z</time>
        <extensions>
          <ns3:TrackPointExtension/>
        </extensions>
      </trkpt>
      <trkpt lat="-41.65201432071626186370849609375" lon="145.9493567235767841339111328125">
        <ele>1023.20001220703125</ele>
        <time>2026-04-13T02:20:15.000Z</time>
        <extensions>
          <ns3:TrackPointExtension/>
        </extensions>
      </trkpt>
      <trkpt lat="-41.65200308896601200103759765625" lon="145.94935747794806957244873046875">
        <ele>1023.20001220703125</ele>
        <time>2026-04-13T02:20:16.000Z</time>
        <extensions>
          <ns3:TrackPointExtension/>
        </extensions>
      </trkpt>
      <trkpt lat="-41.65192966349422931671142578125" lon="145.949407853186130523681640625">
        <ele>1023.5999755859375</ele>
        <time>2026-04-13T02:20:25.000Z</time>
        <extensions>
          <ns3:TrackPointExtension/>
        </extensions>
      </trkpt>
      <trkpt lat="-41.65190602652728557586669921875" lon="145.9494157321751117706298828125">
        <ele>1023.79998779296875</ele>
        <time>2026-04-13T02:20:27.000Z</time>
        <extensions>
          <ns3:TrackPointExtension/>
        </extensions>
      </trkpt>
      <trkpt lat="-41.6518318466842174530029296875" lon="145.9494276344776153564453125">
        <ele>1024</ele>
        <time>2026-04-13T02:20:34.000Z</time>
        <extensions>
          <ns3:TrackPointExtension/>
        </extensions>
      </trkpt>
      <trkpt lat="-41.65178884752094745635986328125" lon="145.9494425542652606964111328125">
        <ele>1024</ele>
        <time>2026-04-13T02:20:39.000Z</time>
        <extensions>
          <ns3:TrackPointExtension/>
        </extensions>
      </trkpt>
      <trkpt lat="-41.65173252113163471221923828125" lon="145.94952285289764404296875">
        <ele>1024.5999755859375</ele>
        <time>2026-04-13T02:20:48.000Z</time>
        <extensions>
          <ns3:TrackPointExtension/>
        </extensions>
      </trkpt>
      <trkpt lat="-41.65172615088522434234619140625" lon="145.94953416846692562103271484375">
        <ele>1024.5999755859375</ele>
        <time>2026-04-13T02:20:49.000Z</time>
        <extensions>
          <ns3:TrackPointExtension/>
        </extensions>
      </trkpt>
      <trkpt lat="-41.65171869099140167236328125" lon="145.949543975293636322021484375">
        <ele>1024.800048828125</ele>
        <time>2026-04-13T02:20:50.000Z</time>
        <extensions>
          <ns3:TrackPointExtension/>
        </extensions>
      </trkpt>
      <trkpt lat="-41.651685498654842376708984375" lon="145.94959652982652187347412109375">
        <ele>1025.199951171875</ele>
        <time>2026-04-13T02:20:56.000Z</time>
        <extensions>
          <ns3:TrackPointExtension/>
        </extensions>
      </trkpt>
      <trkpt lat="-41.65168005041778087615966796875" lon="145.94961044378578662872314453125">
        <ele>1025.4000244140625</ele>
        <time>2026-04-13T02:20:57.000Z</time>
        <extensions>
          <ns3:TrackPointExtension/>
        </extensions>
      </trkpt>
      <trkpt lat="-41.65167183615267276763916015625" lon="145.9496225975453853607177734375">
        <ele>1025.5999755859375</ele>
        <time>2026-04-13T02:20:58.000Z</time>
        <extensions>
          <ns3:TrackPointExtension/>
        </extensions>
      </trkpt>
      <trkpt lat="-41.65163822472095489501953125" lon="145.94970784150063991546630859375">
        <ele>1026.4000244140625</ele>
        <time>2026-04-13T02:21:06.000Z</time>
        <extensions>
          <ns3:TrackPointExtension/>
        </extensions>
      </trkpt>
      <trkpt lat="-41.651629842817783355712890625" lon="145.94971354119479656219482421875">
        <ele>1026.5999755859375</ele>
        <time>2026-04-13T02:21:07.000Z</time>
        <extensions>
          <ns3:TrackPointExtension/>
        </extensions>
      </trkpt>
      <trkpt lat="-41.65158189833164215087890625" lon="145.94976232387125492095947265625">
        <ele>1027</ele>
        <time>2026-04-13T02:21:12.000Z</time>
        <extensions>
          <ns3:TrackPointExtension/>
        </extensions>
      </trkpt>
      <trkpt lat="-41.65156974457204341888427734375" lon="145.94976953230798244476318359375">
        <ele>1027.199951171875</ele>
        <time>2026-04-13T02:21:13.000Z</time>
        <extensions>
          <ns3:TrackPointExtension/>
        </extensions>
      </trkpt>
      <trkpt lat="-41.65155935101211071014404296875" lon="145.94977808184921741485595703125">
        <ele>1027.199951171875</ele>
        <time>2026-04-13T02:21:14.000Z</time>
        <extensions>
          <ns3:TrackPointExtension/>
        </extensions>
      </trkpt>
      <trkpt lat="-41.65154979564249515533447265625" lon="145.94978529028594493865966796875">
        <ele>1027.4000244140625</ele>
        <time>2026-04-13T02:21:15.000Z</time>
        <extensions>
          <ns3:TrackPointExtension/>
        </extensions>
      </trkpt>
      <trkpt lat="-41.6515401564538478851318359375" lon="145.94979316927492618560791015625">
        <ele>1027.4000244140625</ele>
        <time>2026-04-13T02:21:16.000Z</time>
        <extensions>
          <ns3:TrackPointExtension/>
        </extensions>
      </trkpt>
      <trkpt lat="-41.65153185836970806121826171875" lon="145.94980238936841487884521484375">
        <ele>1027.5999755859375</ele>
        <time>2026-04-13T02:21:17.000Z</time>
        <extensions>
          <ns3:TrackPointExtension/>
        </extensions>
      </trkpt>
      <trkpt lat="-41.65152397938072681427001953125" lon="145.9498126991093158721923828125">
        <ele>1027.5999755859375</ele>
        <time>2026-04-13T02:21:18.000Z</time>
        <extensions>
          <ns3:TrackPointExtension/>
        </extensions>
      </trkpt>
      <trkpt lat="-41.6515133343636989593505859375" lon="145.9499447979032993316650390625">
        <ele>1028.800048828125</ele>
        <time>2026-04-13T02:21:29.000Z</time>
        <extensions>
          <ns3:TrackPointExtension/>
        </extensions>
      </trkpt>
      <trkpt lat="-41.65152129717171192169189453125" lon="145.94998008571565151214599609375">
        <ele>1029</ele>
        <time>2026-04-13T02:21:38.000Z</time>
        <extensions>
          <ns3:TrackPointExtension/>
        </extensions>
      </trkpt>
      <trkpt lat="-41.651470251381397247314453125" lon="145.94998829998075962066650390625">
        <ele>1029</ele>
        <time>2026-04-13T02:21:45.000Z</time>
        <extensions>
          <ns3:TrackPointExtension/>
        </extensions>
      </trkpt>
      <trkpt lat="-41.651460193097591400146484375" lon="145.94999693334102630615234375">
        <ele>1029</ele>
        <time>2026-04-13T02:21:46.000Z</time>
        <extensions>
          <ns3:TrackPointExtension/>
        </extensions>
      </trkpt>
      <trkpt lat="-41.65134452283382415771484375" lon="145.95009206794202327728271484375">
        <ele>1027.800048828125</ele>
        <time>2026-04-13T02:21:57.000Z</time>
        <extensions>
          <ns3:TrackPointExtension/>
        </extensions>
      </trkpt>
      <trkpt lat="-41.65131124667823314666748046875" lon="145.95008016563951969146728515625">
        <ele>1027</ele>
        <time>2026-04-13T02:22:00.000Z</time>
        <extensions>
          <ns3:TrackPointExtension/>
        </extensions>
      </trkpt>
      <trkpt lat="-41.65130755864083766937255859375" lon="145.95006558112800121307373046875">
        <ele>1027</ele>
        <time>2026-04-13T02:22:01.000Z</time>
        <extensions>
          <ns3:TrackPointExtension/>
        </extensions>
      </trkpt>
      <trkpt lat="-41.65124796330928802490234375" lon="145.9500217437744140625">
        <ele>1025.4000244140625</ele>
        <time>2026-04-13T02:22:10.000Z</time>
        <extensions>
          <ns3:TrackPointExtension/>
        </extensions>
      </trkpt>
      <trkpt lat="-41.65123044513165950775146484375" lon="145.9500101767480373382568359375">
        <ele>1025.199951171875</ele>
        <time>2026-04-13T02:22:12.000Z</time>
        <extensions>
          <ns3:TrackPointExtension/>
        </extensions>
      </trkpt>
      <trkpt lat="-41.65119373239576816558837890625" lon="145.94996147789061069488525390625">
        <ele>1024.5999755859375</ele>
        <time>2026-04-13T02:22:18.000Z</time>
        <extensions>
          <ns3:TrackPointExtension/>
        </extensions>
      </trkpt>
      <trkpt lat="-41.65118568576872348785400390625" lon="145.9499548561871051788330078125">
        <ele>1024.4000244140625</ele>
        <time>2026-04-13T02:22:19.000Z</time>
        <extensions>
          <ns3:TrackPointExtension/>
        </extensions>
      </trkpt>
      <trkpt lat="-41.65116389282047748565673828125" lon="145.94992912374436855316162109375">
        <ele>1024.199951171875</ele>
        <time>2026-04-13T02:22:22.000Z</time>
        <extensions>
          <ns3:TrackPointExtension/>
        </extensions>
      </trkpt>
      <trkpt lat="-41.65110689587891101837158203125" lon="145.94985351897776126861572265625">
        <ele>1023.20001220703125</ele>
        <time>2026-04-13T02:22:30.000Z</time>
        <extensions>
          <ns3:TrackPointExtension/>
        </extensions>
      </trkpt>
      <trkpt lat="-41.6510952450335025787353515625" lon="145.9498505853116512298583984375">
        <ele>1023</ele>
        <time>2026-04-13T02:22:31.000Z</time>
        <extensions>
          <ns3:TrackPointExtension/>
        </extensions>
      </trkpt>
      <trkpt lat="-41.6510836780071258544921875" lon="145.949849076569080352783203125">
        <ele>1022.79998779296875</ele>
        <time>2026-04-13T02:22:32.000Z</time>
        <extensions>
          <ns3:TrackPointExtension/>
        </extensions>
      </trkpt>
      <trkpt lat="-41.65101033635437488555908203125" lon="145.94986072741448879241943359375">
        <ele>1021.4000244140625</ele>
        <time>2026-04-13T02:22:40.000Z</time>
        <extensions>
          <ns3:TrackPointExtension/>
        </extensions>
      </trkpt>
      <trkpt lat="-41.65099985897541046142578125" lon="145.94986525364220142364501953125">
        <ele>1021.20001220703125</ele>
        <time>2026-04-13T02:22:41.000Z</time>
        <extensions>
          <ns3:TrackPointExtension/>
        </extensions>
      </trkpt>
      <trkpt lat="-41.65092945098876953125" lon="145.9498405270278453826904296875">
        <ele>1019.79998779296875</ele>
        <time>2026-04-13T02:22:49.000Z</time>
        <extensions>
          <ns3:TrackPointExtension/>
        </extensions>
      </trkpt>
      <trkpt lat="-41.65090153925120830535888671875" lon="145.9498167224228382110595703125">
        <ele>1019</ele>
        <time>2026-04-13T02:22:52.000Z</time>
        <extensions>
          <ns3:TrackPointExtension/>
        </extensions>
      </trkpt>
      <trkpt lat="-41.65088988840579986572265625" lon="145.949806831777095794677734375">
        <ele>1018.5999755859375</ele>
        <time>2026-04-13T02:22:53.000Z</time>
        <extensions>
          <ns3:TrackPointExtension/>
        </extensions>
      </trkpt>
      <trkpt lat="-41.6508786566555500030517578125" lon="145.9498066641390323638916015625">
        <ele>1018.4000244140625</ele>
        <time>2026-04-13T02:22:54.000Z</time>
        <extensions>
          <ns3:TrackPointExtension/>
        </extensions>
      </trkpt>
      <trkpt lat="-41.6508394293487071990966796875" lon="145.9498133696615695953369140625">
        <ele>1017.4000244140625</ele>
        <time>2026-04-13T02:22:57.000Z</time>
        <extensions>
          <ns3:TrackPointExtension/>
        </extensions>
      </trkpt>
      <trkpt lat="-41.65082819759845733642578125" lon="145.94981026835739612579345703125">
        <ele>1017</ele>
        <time>2026-04-13T02:22:58.000Z</time>
        <extensions>
          <ns3:TrackPointExtension/>
        </extensions>
      </trkpt>
      <trkpt lat="-41.6508156247437000274658203125" lon="145.94980741851031780242919921875">
        <ele>1016.4000244140625</ele>
        <time>2026-04-13T02:22:59.000Z</time>
        <extensions>
          <ns3:TrackPointExtension/>
        </extensions>
      </trkpt>
      <trkpt lat="-41.65080347098410129547119140625" lon="145.94980523921549320220947265625">
        <ele>1016</ele>
        <time>2026-04-13T02:23:00.000Z</time>
        <extensions>
          <ns3:TrackPointExtension/>
        </extensions>
      </trkpt>
      <trkpt lat="-41.650791652500629425048828125" lon="145.94980423338711261749267578125">
        <ele>1015.5999755859375</ele>
        <time>2026-04-13T02:23:01.000Z</time>
        <extensions>
          <ns3:TrackPointExtension/>
        </extensions>
      </trkpt>
      <trkpt lat="-41.65077698417007923126220703125" lon="145.94980725087225437164306640625">
        <ele>1015.20001220703125</ele>
        <time>2026-04-13T02:23:02.000Z</time>
        <extensions>
          <ns3:TrackPointExtension/>
        </extensions>
      </trkpt>
      <trkpt lat="-41.6507646627724170684814453125" lon="145.94980775378644466400146484375">
        <ele>1014.79998779296875</ele>
        <time>2026-04-13T02:23:03.000Z</time>
        <extensions>
          <ns3:TrackPointExtension/>
        </extensions>
      </trkpt>
      <trkpt lat="-41.650752760469913482666015625" lon="145.94980255700647830963134765625">
        <ele>1014.4000244140625</ele>
        <time>2026-04-13T02:23:04.000Z</time>
        <extensions>
          <ns3:TrackPointExtension/>
        </extensions>
      </trkpt>
      <trkpt lat="-41.65074077434837818145751953125" lon="145.9497964382171630859375">
        <ele>1014</ele>
        <time>2026-04-13T02:23:05.000Z</time>
        <extensions>
          <ns3:TrackPointExtension/>
        </extensions>
      </trkpt>
      <trkpt lat="-41.65072895586490631103515625" lon="145.9497929178178310394287109375">
        <ele>1013.4000244140625</ele>
        <time>2026-04-13T02:23:06.000Z</time>
        <extensions>
          <ns3:TrackPointExtension/>
        </extensions>
      </trkpt>
      <trkpt lat="-41.65069676935672760009765625" lon="145.94977137632668018341064453125">
        <ele>1012.20001220703125</ele>
        <time>2026-04-13T02:23:09.000Z</time>
        <extensions>
          <ns3:TrackPointExtension/>
        </extensions>
      </trkpt>
      <trkpt lat="-41.6506882198154926300048828125" lon="145.94976249150931835174560546875">
        <ele>1011.79998779296875</ele>
        <time>2026-04-13T02:23:10.000Z</time>
        <extensions>
          <ns3:TrackPointExtension/>
        </extensions>
      </trkpt>
      <trkpt lat="-41.6506047360599040985107421875" lon="145.9497117809951305389404296875">
        <ele>1010.20001220703125</ele>
        <time>2026-04-13T02:23:20.000Z</time>
        <extensions>
          <ns3:TrackPointExtension/>
        </extensions>
      </trkpt>
      <trkpt lat="-41.65059828199446201324462890625" lon="145.949628464877605438232421875">
        <ele>1010</ele>
        <time>2026-04-13T02:23:29.000Z</time>
        <extensions>
          <ns3:TrackPointExtension/>
        </extensions>
      </trkpt>
      <trkpt lat="-41.65052485652267932891845703125" lon="145.9496266208589076995849609375">
        <ele>1007.79998779296875</ele>
        <time>2026-04-13T02:23:40.000Z</time>
        <extensions>
          <ns3:TrackPointExtension/>
        </extensions>
      </trkpt>
      <trkpt lat="-41.6504944302141666412353515625" lon="145.94963458366692066192626953125">
        <ele>1007</ele>
        <time>2026-04-13T02:23:46.000Z</time>
        <extensions>
          <ns3:TrackPointExtension/>
        </extensions>
      </trkpt>
      <trkpt lat="-41.650454364717006683349609375" lon="145.94962988980114459991455078125">
        <ele>1006.20001220703125</ele>
        <time>2026-04-13T02:23:54.000Z</time>
        <extensions>
          <ns3:TrackPointExtension/>
        </extensions>
      </trkpt>
      <trkpt lat="-41.65044824592769145965576171875" lon="145.94963022507727146148681640625">
        <ele>1006.20001220703125</ele>
        <time>2026-04-13T02:24:10.000Z</time>
        <extensions>
          <ns3:TrackPointExtension/>
        </extensions>
      </trkpt>
      <trkpt lat="-41.65041756816208362579345703125" lon="145.94958647154271602630615234375">
        <ele>1006</ele>
        <time>2026-04-13T02:24:16.000Z</time>
        <extensions>
          <ns3:TrackPointExtension/>
        </extensions>
      </trkpt>
      <trkpt lat="-41.6504169814288616180419921875" lon="145.94957322813570499420166015625">
        <ele>1006</ele>
        <time>2026-04-13T02:24:17.000Z</time>
        <extensions>
          <ns3:TrackPointExtension/>
        </extensions>
      </trkpt>
      <trkpt lat="-41.65038454346358776092529296875" lon="145.949520170688629150390625">
        <ele>1004.79998779296875</ele>
        <time>2026-04-13T02:24:24.000Z</time>
        <extensions>
          <ns3:TrackPointExtension/>
        </extensions>
      </trkpt>
      <trkpt lat="-41.65037431754171848297119140625" lon="145.94951279461383819580078125">
        <ele>1004.5999755859375</ele>
        <time>2026-04-13T02:24:25.000Z</time>
        <extensions>
          <ns3:TrackPointExtension/>
        </extensions>
      </trkpt>
      <trkpt lat="-41.650317572057247161865234375" lon="145.94947968609631061553955078125">
        <ele>1004.4000244140625</ele>
        <time>2026-04-13T02:24:35.000Z</time>
        <extensions>
          <ns3:TrackPointExtension/>
        </extensions>
      </trkpt>
      <trkpt lat="-41.65030675940215587615966796875" lon="145.9494750760495662689208984375">
        <ele>1004.20001220703125</ele>
        <time>2026-04-13T02:24:36.000Z</time>
        <extensions>
          <ns3:TrackPointExtension/>
        </extensions>
      </trkpt>
      <trkpt lat="-41.65029502473771572113037109375" lon="145.949475578963756561279296875">
        <ele>1004.20001220703125</ele>
        <time>2026-04-13T02:24:37.000Z</time>
        <extensions>
          <ns3:TrackPointExtension/>
        </extensions>
      </trkpt>
      <trkpt lat="-41.65028178133070468902587890625" lon="145.9494750760495662689208984375">
        <ele>1004</ele>
        <time>2026-04-13T02:24:38.000Z</time>
        <extensions>
          <ns3:TrackPointExtension/>
        </extensions>
      </trkpt>
      <trkpt lat="-41.650252528488636016845703125" lon="145.9494589827954769134521484375">
        <ele>1004</ele>
        <time>2026-04-13T02:24:41.000Z</time>
        <extensions>
          <ns3:TrackPointExtension/>
        </extensions>
      </trkpt>
      <trkpt lat="-41.65020483545958995819091796875" lon="145.949396789073944091796875">
        <ele>1003.79998779296875</ele>
        <time>2026-04-13T02:24:47.000Z</time>
        <extensions>
          <ns3:TrackPointExtension/>
        </extensions>
      </trkpt>
      <trkpt lat="-41.65014113299548625946044921875" lon="145.94937063753604888916015625">
        <ele>1004.20001220703125</ele>
        <time>2026-04-13T02:24:56.000Z</time>
        <extensions>
          <ns3:TrackPointExtension/>
        </extensions>
      </trkpt>
      <trkpt lat="-41.65007307194173336029052734375" lon="145.94940483570098876953125">
        <ele>1003.79998779296875</ele>
        <time>2026-04-13T02:25:08.000Z</time>
        <extensions>
          <ns3:TrackPointExtension/>
        </extensions>
      </trkpt>
      <trkpt lat="-41.65006184019148349761962890625" lon="145.9494482539594173431396484375">
        <ele>1003.4000244140625</ele>
        <time>2026-04-13T02:25:12.000Z</time>
        <extensions>
          <ns3:TrackPointExtension/>
        </extensions>
      </trkpt>
      <trkpt lat="-41.650057733058929443359375" lon="145.94946124590933322906494140625">
        <ele>1003.20001220703125</ele>
        <time>2026-04-13T02:25:13.000Z</time>
        <extensions>
          <ns3:TrackPointExtension/>
        </extensions>
      </trkpt>
      <trkpt lat="-41.65005228482186794281005859375" lon="145.94947482459247112274169921875">
        <ele>1003</ele>
        <time>2026-04-13T02:25:14.000Z</time>
        <extensions>
          <ns3:TrackPointExtension/>
        </extensions>
      </trkpt>
      <trkpt lat="-41.65003803558647632598876953125" lon="145.94950072467327117919921875">
        <ele>1002.79998779296875</ele>
        <time>2026-04-13T02:25:16.000Z</time>
        <extensions>
          <ns3:TrackPointExtension/>
        </extensions>
      </trkpt>
      <trkpt lat="-41.65003082714974880218505859375" lon="145.94951539300382137298583984375">
        <ele>1002.5999755859375</ele>
        <time>2026-04-13T02:25:17.000Z</time>
        <extensions>
          <ns3:TrackPointExtension/>
        </extensions>
      </trkpt>
      <trkpt lat="-41.65002613328397274017333984375" lon="145.94952964223921298980712890625">
        <ele>1002.4000244140625</ele>
        <time>2026-04-13T02:25:18.000Z</time>
        <extensions>
          <ns3:TrackPointExtension/>
        </extensions>
      </trkpt>
      <trkpt lat="-41.650023199617862701416015625" lon="145.949545986950397491455078125">
        <ele>1002.4000244140625</ele>
        <time>2026-04-13T02:25:19.000Z</time>
        <extensions>
          <ns3:TrackPointExtension/>
        </extensions>
      </trkpt>
      <trkpt lat="-41.6500206850469112396240234375" lon="145.9495615772902965545654296875">
        <ele>1002.20001220703125</ele>
        <time>2026-04-13T02:25:20.000Z</time>
        <extensions>
          <ns3:TrackPointExtension/>
        </extensions>
      </trkpt>
      <trkpt lat="-41.65000869892537593841552734375" lon="145.94958177767693996429443359375">
        <ele>1001.79998779296875</ele>
        <time>2026-04-13T02:25:22.000Z</time>
        <extensions>
          <ns3:TrackPointExtension/>
        </extensions>
      </trkpt>
      <trkpt lat="-41.64995916187763214111328125" lon="145.94963676296174526214599609375">
        <ele>1001</ele>
        <time>2026-04-13T02:25:32.000Z</time>
        <extensions>
          <ns3:TrackPointExtension/>
        </extensions>
      </trkpt>
      <trkpt lat="-41.6499383747577667236328125" lon="145.94963676296174526214599609375">
        <ele>1001.20001220703125</ele>
        <time>2026-04-13T02:25:34.000Z</time>
        <extensions>
          <ns3:TrackPointExtension/>
        </extensions>
      </trkpt>
      <trkpt lat="-41.64990157820284366607666015625" lon="145.94965369440615177154541015625">
        <ele>1001</ele>
        <time>2026-04-13T02:25:38.000Z</time>
        <extensions>
          <ns3:TrackPointExtension/>
        </extensions>
      </trkpt>
      <trkpt lat="-41.64989068172872066497802734375" lon="145.94965763390064239501953125">
        <ele>1001</ele>
        <time>2026-04-13T02:25:39.000Z</time>
        <extensions>
          <ns3:TrackPointExtension/>
        </extensions>
      </trkpt>
      <trkpt lat="-41.64987844415009021759033203125" lon="145.94966174103319644927978515625">
        <ele>1001</ele>
        <time>2026-04-13T02:25:40.000Z</time>
        <extensions>
          <ns3:TrackPointExtension/>
        </extensions>
      </trkpt>
      <trkpt lat="-41.6498672962188720703125" lon="145.94966928474605083465576171875">
        <ele>1000.79998779296875</ele>
        <time>2026-04-13T02:25:41.000Z</time>
        <extensions>
          <ns3:TrackPointExtension/>
        </extensions>
      </trkpt>
      <trkpt lat="-41.64985279552638530731201171875" lon="145.94968956895172595977783203125">
        <ele>1000.5999755859375</ele>
        <time>2026-04-13T02:25:50.000Z</time>
        <extensions>
          <ns3:TrackPointExtension/>
        </extensions>
      </trkpt>
      <trkpt lat="-41.6497940383851528167724609375" lon="145.9497717954218387603759765625">
        <ele>999.20001220703125</ele>
        <time>2026-04-13T02:26:03.000Z</time>
        <extensions>
          <ns3:TrackPointExtension/>
        </extensions>
      </trkpt>
      <trkpt lat="-41.6497130692005157470703125" lon="145.94983465969562530517578125">
        <ele>998.20001220703125</ele>
        <time>2026-04-13T02:26:12.000Z</time>
        <extensions>
          <ns3:TrackPointExtension/>
        </extensions>
      </trkpt>
      <trkpt lat="-41.64970309473574161529541015625" lon="145.94984781928360462188720703125">
        <ele>998</ele>
        <time>2026-04-13T02:26:13.000Z</time>
        <extensions>
          <ns3:TrackPointExtension/>
        </extensions>
      </trkpt>
      <trkpt lat="-41.6496914438903331756591796875" lon="145.9498569555580615997314453125">
        <ele>997.79998779296875</ele>
        <time>2026-04-13T02:26:14.000Z</time>
        <extensions>
          <ns3:TrackPointExtension/>
        </extensions>
      </trkpt>
      <trkpt lat="-41.64953445084393024444580078125" lon="145.94995913095772266387939453125">
        <ele>996.4000244140625</ele>
        <time>2026-04-13T02:26:27.000Z</time>
        <extensions>
          <ns3:TrackPointExtension/>
        </extensions>
      </trkpt>
      <trkpt lat="-41.6495281644165515899658203125" lon="145.94997405074536800384521484375">
        <ele>996.20001220703125</ele>
        <time>2026-04-13T02:26:28.000Z</time>
        <extensions>
          <ns3:TrackPointExtension/>
        </extensions>
      </trkpt>
      <trkpt lat="-41.64941945113241672515869140625" lon="145.9500792436301708221435546875">
        <ele>994.4000244140625</ele>
        <time>2026-04-13T02:26:39.000Z</time>
        <extensions>
          <ns3:TrackPointExtension/>
        </extensions>
      </trkpt>
      <trkpt lat="-41.6492827422916889190673828125" lon="145.95025534741580486297607421875">
        <ele>991.79998779296875</ele>
        <time>2026-04-13T02:26:54.000Z</time>
        <extensions>
          <ns3:TrackPointExtension/>
        </extensions>
      </trkpt>
      <trkpt lat="-41.64913329295814037322998046875" lon="145.950455926358699798583984375">
        <ele>989.4000244140625</ele>
        <time>2026-04-13T02:27:10.000Z</time>
        <extensions>
          <ns3:TrackPointExtension/>
        </extensions>
      </trkpt>
      <trkpt lat="-41.64912709034979343414306640625" lon="145.9505194611847400665283203125">
        <ele>989.4000244140625</ele>
        <time>2026-04-13T02:27:14.000Z</time>
        <extensions>
          <ns3:TrackPointExtension/>
        </extensions>
      </trkpt>
      <trkpt lat="-41.6491784714162349700927734375" lon="145.95063085667788982391357421875">
        <ele>989.79998779296875</ele>
        <time>2026-04-13T02:27:22.000Z</time>
        <extensions>
          <ns3:TrackPointExtension/>
        </extensions>
      </trkpt>
      <trkpt lat="-41.64918492548167705535888671875" lon="145.950642339885234832763671875">
        <ele>989.79998779296875</ele>
        <time>2026-04-13T02:27:23.000Z</time>
        <extensions>
          <ns3:TrackPointExtension/>
        </extensions>
      </trkpt>
      <trkpt lat="-41.64919045753777027130126953125" lon="145.9506560862064361572265625">
        <ele>989.79998779296875</ele>
        <time>2026-04-13T02:27:24.000Z</time>
        <extensions>
          <ns3:TrackPointExtension/>
        </extensions>
      </trkpt>
      <trkpt lat="-41.6492059640586376190185546875" lon="145.9506907872855663299560546875">
        <ele>990</ele>
        <time>2026-04-13T02:27:27.000Z</time>
        <extensions>
          <ns3:TrackPointExtension/>
        </extensions>
      </trkpt>
      <trkpt lat="-41.64921543560922145843505859375" lon="145.95069774426519870758056640625">
        <ele>990.20001220703125</ele>
        <time>2026-04-13T02:27:28.000Z</time>
        <extensions>
          <ns3:TrackPointExtension/>
        </extensions>
      </trkpt>
      <trkpt lat="-41.64922348223626613616943359375" lon="145.9507511369884014129638671875">
        <ele>990.79998779296875</ele>
        <time>2026-04-13T02:27:34.000Z</time>
        <extensions>
          <ns3:TrackPointExtension/>
        </extensions>
      </trkpt>
      <trkpt lat="-41.64922432042658329010009765625" lon="145.950765050947666168212890625">
        <ele>991</ele>
        <time>2026-04-13T02:27:35.000Z</time>
        <extensions>
          <ns3:TrackPointExtension/>
        </extensions>
      </trkpt>
      <trkpt lat="-41.649222560226917266845703125" lon="145.950791873037815093994140625">
        <ele>991.20001220703125</ele>
        <time>2026-04-13T02:27:37.000Z</time>
        <extensions>
          <ns3:TrackPointExtension/>
        </extensions>
      </trkpt>
      <trkpt lat="-41.6492294333875179290771484375" lon="145.950816683471202850341796875">
        <ele>991.4000244140625</ele>
        <time>2026-04-13T02:27:39.000Z</time>
        <extensions>
          <ns3:TrackPointExtension/>
        </extensions>
      </trkpt>
      <trkpt lat="-41.6492344625294208526611328125" lon="145.95082984305918216705322265625">
        <ele>991.5999755859375</ele>
        <time>2026-04-13T02:27:40.000Z</time>
        <extensions>
          <ns3:TrackPointExtension/>
        </extensions>
      </trkpt>
      <trkpt lat="-41.64929355494678020477294921875" lon="145.950954146683216094970703125">
        <ele>993</ele>
        <time>2026-04-13T02:27:51.000Z</time>
        <extensions>
          <ns3:TrackPointExtension/>
        </extensions>
      </trkpt>
      <trkpt lat="-41.64929623715579509735107421875" lon="145.9509995765984058380126953125">
        <ele>993.79998779296875</ele>
        <time>2026-04-13T02:27:55.000Z</time>
        <extensions>
          <ns3:TrackPointExtension/>
        </extensions>
      </trkpt>
      <trkpt lat="-41.64929724298417568206787109375" lon="145.951027236878871917724609375">
        <ele>994.4000244140625</ele>
        <time>2026-04-13T02:27:57.000Z</time>
        <extensions>
          <ns3:TrackPointExtension/>
        </extensions>
      </trkpt>
      <trkpt lat="-41.64930109865963459014892578125" lon="145.9510414861142635345458984375">
        <ele>994.79998779296875</ele>
        <time>2026-04-13T02:27:58.000Z</time>
        <extensions>
          <ns3:TrackPointExtension/>
        </extensions>
      </trkpt>
      <trkpt lat="-41.649309732019901275634765625" lon="145.9510545618832111358642578125">
        <ele>995</ele>
        <time>2026-04-13T02:27:59.000Z</time>
        <extensions>
          <ns3:TrackPointExtension/>
        </extensions>
      </trkpt>
      <trkpt lat="-41.6493182815611362457275390625" lon="145.9510646201670169830322265625">
        <ele>995.20001220703125</ele>
        <time>2026-04-13T02:28:00.000Z</time>
        <extensions>
          <ns3:TrackPointExtension/>
        </extensions>
      </trkpt>
      <trkpt lat="-41.64937955327332019805908203125" lon="145.95113553106784820556640625">
        <ele>996.4000244140625</ele>
        <time>2026-04-13T02:28:10.000Z</time>
        <extensions>
          <ns3:TrackPointExtension/>
        </extensions>
      </trkpt>
      <trkpt lat="-41.649409644305706024169921875" lon="145.95117869786918163299560546875">
        <ele>996.79998779296875</ele>
        <time>2026-04-13T02:28:15.000Z</time>
        <extensions>
          <ns3:TrackPointExtension/>
        </extensions>
      </trkpt>
      <trkpt lat="-41.64941928349435329437255859375" lon="145.95118557102978229522705078125">
        <ele>996.79998779296875</ele>
        <time>2026-04-13T02:28:16.000Z</time>
        <extensions>
          <ns3:TrackPointExtension/>
        </extensions>
      </trkpt>
      <trkpt lat="-41.6495013423264026641845703125" lon="145.9512523747980594635009765625">
        <ele>997.20001220703125</ele>
        <time>2026-04-13T02:28:24.000Z</time>
        <extensions>
          <ns3:TrackPointExtension/>
        </extensions>
      </trkpt>
      <trkpt lat="-41.64953461848199367523193359375" lon="145.9512818790972232818603515625">
        <ele>997.4000244140625</ele>
        <time>2026-04-13T02:28:28.000Z</time>
        <extensions>
          <ns3:TrackPointExtension/>
        </extensions>
      </trkpt>
      <trkpt lat="-41.64954341948032379150390625" lon="145.95129218883812427520751953125">
        <ele>997.4000244140625</ele>
        <time>2026-04-13T02:28:29.000Z</time>
        <extensions>
          <ns3:TrackPointExtension/>
        </extensions>
      </trkpt>
      <trkpt lat="-41.64955171756446361541748046875" lon="145.951301157474517822265625">
        <ele>997.4000244140625</ele>
        <time>2026-04-13T02:28:30.000Z</time>
        <extensions>
          <ns3:TrackPointExtension/>
        </extensions>
      </trkpt>
      <trkpt lat="-41.6495878435671329498291015625" lon="145.95136075280606746673583984375">
        <ele>998</ele>
        <time>2026-04-13T02:28:36.000Z</time>
        <extensions>
          <ns3:TrackPointExtension/>
        </extensions>
      </trkpt>
      <trkpt lat="-41.6495950520038604736328125" lon="145.9514464996755123138427734375">
        <ele>999</ele>
        <time>2026-04-13T02:28:42.000Z</time>
        <extensions>
          <ns3:TrackPointExtension/>
        </extensions>
      </trkpt>
      <trkpt lat="-41.64959195069968700408935546875" lon="145.95145949162542819976806640625">
        <ele>999.20001220703125</ele>
        <time>2026-04-13T02:28:43.000Z</time>
        <extensions>
          <ns3:TrackPointExtension/>
        </extensions>
      </trkpt>
      <trkpt lat="-41.649583987891674041748046875" lon="145.951496623456478118896484375">
        <ele>999.79998779296875</ele>
        <time>2026-04-13T02:28:46.000Z</time>
        <extensions>
          <ns3:TrackPointExtension/>
        </extensions>
      </trkpt>
      <trkpt lat="-41.649585999548435211181640625" lon="145.95151062123477458953857421875">
        <ele>999.79998779296875</ele>
        <time>2026-04-13T02:28:47.000Z</time>
        <extensions>
          <ns3:TrackPointExtension/>
        </extensions>
      </trkpt>
      <trkpt lat="-41.649589352309703826904296875" lon="145.9515232779085636138916015625">
        <ele>1000</ele>
        <time>2026-04-13T02:28:48.000Z</time>
        <extensions>
          <ns3:TrackPointExtension/>
        </extensions>
      </trkpt>
      <trkpt lat="-41.64959262125194072723388671875" lon="145.95153576694428920745849609375">
        <ele>1000</ele>
        <time>2026-04-13T02:28:49.000Z</time>
        <extensions>
          <ns3:TrackPointExtension/>
        </extensions>
      </trkpt>
      <trkpt lat="-41.64959429763257503509521484375" lon="145.95157331787049770355224609375">
        <ele>1000.4000244140625</ele>
        <time>2026-04-13T02:28:51.000Z</time>
        <extensions>
          <ns3:TrackPointExtension/>
        </extensions>
      </trkpt>
      <trkpt lat="-41.64963134564459323883056640625" lon="145.95177968032658100128173828125">
        <ele>1002.20001220703125</ele>
        <time>2026-04-13T02:29:03.000Z</time>
        <extensions>
          <ns3:TrackPointExtension/>
        </extensions>
      </trkpt>
      <trkpt lat="-41.64962799288332462310791015625" lon="145.9517955221235752105712890625">
        <ele>1002.4000244140625</ele>
        <time>2026-04-13T02:29:04.000Z</time>
        <extensions>
          <ns3:TrackPointExtension/>
        </extensions>
      </trkpt>
      <trkpt lat="-41.6496203653514385223388671875" lon="145.95180951990187168121337890625">
        <ele>1002.5999755859375</ele>
        <time>2026-04-13T02:29:05.000Z</time>
        <extensions>
          <ns3:TrackPointExtension/>
        </extensions>
      </trkpt>
      <trkpt lat="-41.64959077723324298858642578125" lon="145.95193642191588878631591796875">
        <ele>1002.79998779296875</ele>
        <time>2026-04-13T02:29:14.000Z</time>
        <extensions>
          <ns3:TrackPointExtension/>
        </extensions>
      </trkpt>
      <trkpt lat="-41.64967426098883152008056640625" lon="145.95205192454159259796142578125">
        <ele>1000.79998779296875</ele>
        <time>2026-04-13T02:29:24.000Z</time>
        <extensions>
          <ns3:TrackPointExtension/>
        </extensions>
      </trkpt>
      <trkpt lat="-41.649677194654941558837890625" lon="145.95206516794860363006591796875">
        <ele>1000.5999755859375</ele>
        <time>2026-04-13T02:29:25.000Z</time>
        <extensions>
          <ns3:TrackPointExtension/>
        </extensions>
      </trkpt>
      <trkpt lat="-41.64969756267964839935302734375" lon="145.95216725952923297882080078125">
        <ele>998.5999755859375</ele>
        <time>2026-04-13T02:29:37.000Z</time>
        <extensions>
          <ns3:TrackPointExtension/>
        </extensions>
      </trkpt>
      <trkpt lat="-41.64969622157514095306396484375" lon="145.9521822631359100341796875">
        <ele>998.4000244140625</ele>
        <time>2026-04-13T02:29:38.000Z</time>
        <extensions>
          <ns3:TrackPointExtension/>
        </extensions>
      </trkpt>
      <trkpt lat="-41.64971985854208469390869140625" lon="145.9522855281829833984375">
        <ele>996</ele>
        <time>2026-04-13T02:29:47.000Z</time>
        <extensions>
          <ns3:TrackPointExtension/>
        </extensions>
      </trkpt>
      <trkpt lat="-41.6497189365327358245849609375" lon="145.9523165412247180938720703125">
        <ele>995.5999755859375</ele>
        <time>2026-04-13T02:29:50.000Z</time>
        <extensions>
          <ns3:TrackPointExtension/>
        </extensions>
      </trkpt>
      <trkpt lat="-41.64971415884792804718017578125" lon="145.9523299522697925567626953125">
        <ele>995.4000244140625</ele>
        <time>2026-04-13T02:29:51.000Z</time>
        <extensions>
          <ns3:TrackPointExtension/>
        </extensions>
      </trkpt>
      <trkpt lat="-41.64970845915377140045166015625" lon="145.952342189848423004150390625">
        <ele>995.20001220703125</ele>
        <time>2026-04-13T02:29:52.000Z</time>
        <extensions>
          <ns3:TrackPointExtension/>
        </extensions>
      </trkpt>
      <trkpt lat="-41.64970158599317073822021484375" lon="145.95235786400735378265380859375">
        <ele>995</ele>
        <time>2026-04-13T02:29:53.000Z</time>
        <extensions>
          <ns3:TrackPointExtension/>
        </extensions>
      </trkpt>
      <trkpt lat="-41.649695970118045806884765625" lon="145.95237328670918941497802734375">
        <ele>994.79998779296875</ele>
        <time>2026-04-13T02:29:54.000Z</time>
        <extensions>
          <ns3:TrackPointExtension/>
        </extensions>
      </trkpt>
      <trkpt lat="-41.64969219826161861419677734375" lon="145.9523886255919933319091796875">
        <ele>994.4000244140625</ele>
        <time>2026-04-13T02:29:55.000Z</time>
        <extensions>
          <ns3:TrackPointExtension/>
        </extensions>
      </trkpt>
      <trkpt lat="-41.6496813856065273284912109375" lon="145.95243372023105621337890625">
        <ele>993.4000244140625</ele>
        <time>2026-04-13T02:29:58.000Z</time>
        <extensions>
          <ns3:TrackPointExtension/>
        </extensions>
      </trkpt>
      <trkpt lat="-41.64967291988432407379150390625" lon="145.9524469636380672454833984375">
        <ele>993.20001220703125</ele>
        <time>2026-04-13T02:29:59.000Z</time>
        <extensions>
          <ns3:TrackPointExtension/>
        </extensions>
      </trkpt>
      <trkpt lat="-41.6496599279344081878662109375" lon="145.9525041282176971435546875">
        <ele>991.79998779296875</ele>
        <time>2026-04-13T02:30:04.000Z</time>
        <extensions>
          <ns3:TrackPointExtension/>
        </extensions>
      </trkpt>
      <trkpt lat="-41.64964827708899974822998046875" lon="145.9525277651846408843994140625">
        <ele>991.4000244140625</ele>
        <time>2026-04-13T02:30:06.000Z</time>
        <extensions>
          <ns3:TrackPointExtension/>
        </extensions>
      </trkpt>
      <trkpt lat="-41.649601422250270843505859375" lon="145.952630527317523956298828125">
        <ele>989.4000244140625</ele>
        <time>2026-04-13T02:30:16.000Z</time>
        <extensions>
          <ns3:TrackPointExtension/>
        </extensions>
      </trkpt>
      <trkpt lat="-41.6495848260819911956787109375" lon="145.95268727280199527740478515625">
        <ele>988.4000244140625</ele>
        <time>2026-04-13T02:30:21.000Z</time>
        <extensions>
          <ns3:TrackPointExtension/>
        </extensions>
      </trkpt>
      <trkpt lat="-41.649577617645263671875" lon="145.9526997618377208709716796875">
        <ele>988.20001220703125</ele>
        <time>2026-04-13T02:30:22.000Z</time>
        <extensions>
          <ns3:TrackPointExtension/>
        </extensions>
      </trkpt>
      <trkpt lat="-41.64956345222890377044677734375" lon="145.95272482372820377349853515625">
        <ele>987.79998779296875</ele>
        <time>2026-04-13T02:30:24.000Z</time>
        <extensions>
          <ns3:TrackPointExtension/>
        </extensions>
      </trkpt>
      <trkpt lat="-41.64949606172740459442138671875" lon="145.9528301842510700225830078125">
        <ele>986.5999755859375</ele>
        <time>2026-04-13T02:30:34.000Z</time>
        <extensions>
          <ns3:TrackPointExtension/>
        </extensions>
      </trkpt>
      <trkpt lat="-41.6494448482990264892578125" lon="145.9529451839625835418701171875">
        <ele>985</ele>
        <time>2026-04-13T02:30:42.000Z</time>
        <extensions>
          <ns3:TrackPointExtension/>
        </extensions>
      </trkpt>
      <trkpt lat="-41.6494416631758213043212890625" lon="145.95296169631183147430419921875">
        <ele>984.79998779296875</ele>
        <time>2026-04-13T02:30:43.000Z</time>
        <extensions>
          <ns3:TrackPointExtension/>
        </extensions>
      </trkpt>
      <trkpt lat="-41.64944157935678958892822265625" lon="145.95297913067042827606201171875">
        <ele>984.4000244140625</ele>
        <time>2026-04-13T02:30:44.000Z</time>
        <extensions>
          <ns3:TrackPointExtension/>
        </extensions>
      </trkpt>
      <trkpt lat="-41.64944526739418506622314453125" lon="145.9530762769281864166259765625">
        <ele>982.20001220703125</ele>
        <time>2026-04-13T02:30:50.000Z</time>
        <extensions>
          <ns3:TrackPointExtension/>
        </extensions>
      </trkpt>
      <trkpt lat="-41.649439148604869842529296875" lon="145.9531064517796039581298828125">
        <ele>981.5999755859375</ele>
        <time>2026-04-13T02:30:52.000Z</time>
        <extensions>
          <ns3:TrackPointExtension/>
        </extensions>
      </trkpt>
      <trkpt lat="-41.64944124408066272735595703125" lon="145.9531218744814395904541015625">
        <ele>981.20001220703125</ele>
        <time>2026-04-13T02:30:53.000Z</time>
        <extensions>
          <ns3:TrackPointExtension/>
        </extensions>
      </trkpt>
      <trkpt lat="-41.6494453512132167816162109375" lon="145.95313704572618007659912109375">
        <ele>980.79998779296875</ele>
        <time>2026-04-13T02:30:54.000Z</time>
        <extensions>
          <ns3:TrackPointExtension/>
        </extensions>
      </trkpt>
      <trkpt lat="-41.64945063181221485137939453125" lon="145.9531505405902862548828125">
        <ele>980.4000244140625</ele>
        <time>2026-04-13T02:30:55.000Z</time>
        <extensions>
          <ns3:TrackPointExtension/>
        </extensions>
      </trkpt>
      <trkpt lat="-41.6494560800492763519287109375" lon="145.9531644545495510101318359375">
        <ele>980</ele>
        <time>2026-04-13T02:30:56.000Z</time>
        <extensions>
          <ns3:TrackPointExtension/>
        </extensions>
      </trkpt>
      <trkpt lat="-41.64945566095411777496337890625" lon="145.9531795419752597808837890625">
        <ele>979.5999755859375</ele>
        <time>2026-04-13T02:30:57.000Z</time>
        <extensions>
          <ns3:TrackPointExtension/>
        </extensions>
      </trkpt>
      <trkpt lat="-41.64944794960319995880126953125" lon="145.95325539819896221160888671875">
        <ele>977.79998779296875</ele>
        <time>2026-04-13T02:31:01.000Z</time>
        <extensions>
          <ns3:TrackPointExtension/>
        </extensions>
      </trkpt>
      <trkpt lat="-41.6494530625641345977783203125" lon="145.95327467657625675201416015625">
        <ele>977.20001220703125</ele>
        <time>2026-04-13T02:31:02.000Z</time>
        <extensions>
          <ns3:TrackPointExtension/>
        </extensions>
      </trkpt>
      <trkpt lat="-41.64945867843925952911376953125" lon="145.95329412259161472320556640625">
        <ele>976.5999755859375</ele>
        <time>2026-04-13T02:31:03.000Z</time>
        <extensions>
          <ns3:TrackPointExtension/>
        </extensions>
      </trkpt>
      <trkpt lat="-41.64946353994309902191162109375" lon="145.95332622528076171875">
        <ele>975.79998779296875</ele>
        <time>2026-04-13T02:31:05.000Z</time>
        <extensions>
          <ns3:TrackPointExtension/>
        </extensions>
      </trkpt>
      <trkpt lat="-41.649470664560794830322265625" lon="145.9533672966063022613525390625">
        <ele>974.5999755859375</ele>
        <time>2026-04-13T02:31:08.000Z</time>
        <extensions>
          <ns3:TrackPointExtension/>
        </extensions>
      </trkpt>
      <trkpt lat="-41.6494808904826641082763671875" lon="145.95339839346706867218017578125">
        <ele>973.5999755859375</ele>
        <time>2026-04-13T02:31:11.000Z</time>
        <extensions>
          <ns3:TrackPointExtension/>
        </extensions>
      </trkpt>
      <trkpt lat="-41.64953805506229400634765625" lon="145.95345991663634777069091796875">
        <ele>970.5999755859375</ele>
        <time>2026-04-13T02:31:20.000Z</time>
        <extensions>
          <ns3:TrackPointExtension/>
        </extensions>
      </trkpt>
      <trkpt lat="-41.64960167370736598968505859375" lon="145.95349495299160480499267578125">
        <ele>968</ele>
        <time>2026-04-13T02:31:30.000Z</time>
        <extensions>
          <ns3:TrackPointExtension/>
        </extensions>
      </trkpt>
      <trkpt lat="-41.6496662981808185577392578125" lon="145.95354817807674407958984375">
        <ele>964.79998779296875</ele>
        <time>2026-04-13T02:31:40.000Z</time>
        <extensions>
          <ns3:TrackPointExtension/>
        </extensions>
      </trkpt>
      <trkpt lat="-41.6496699862182140350341796875" lon="145.95358648337423801422119140625">
        <ele>963.79998779296875</ele>
        <time>2026-04-13T02:31:43.000Z</time>
        <extensions>
          <ns3:TrackPointExtension/>
        </extensions>
      </trkpt>
      <trkpt lat="-41.649670489132404327392578125" lon="145.95363727770745754241943359375">
        <ele>962.5999755859375</ele>
        <time>2026-04-13T02:31:47.000Z</time>
        <extensions>
          <ns3:TrackPointExtension/>
        </extensions>
      </trkpt>
      <trkpt lat="-41.64967308752238750457763671875" lon="145.95365303568542003631591796875">
        <ele>962</ele>
        <time>2026-04-13T02:31:48.000Z</time>
        <extensions>
          <ns3:TrackPointExtension/>
        </extensions>
      </trkpt>
      <trkpt lat="-41.649675182998180389404296875" lon="145.95371556468307971954345703125">
        <ele>960.4000244140625</ele>
        <time>2026-04-13T02:31:53.000Z</time>
        <extensions>
          <ns3:TrackPointExtension/>
        </extensions>
      </trkpt>
      <trkpt lat="-41.64966604672372341156005859375" lon="145.9537263773381710052490234375">
        <ele>960.4000244140625</ele>
        <time>2026-04-13T02:31:54.000Z</time>
        <extensions>
          <ns3:TrackPointExtension/>
        </extensions>
      </trkpt>
      <trkpt lat="-41.6495801322162151336669921875" lon="145.95381413586437702178955078125">
        <ele>959.79998779296875</ele>
        <time>2026-04-13T02:32:05.000Z</time>
        <extensions>
          <ns3:TrackPointExtension/>
        </extensions>
      </trkpt>
      <trkpt lat="-41.6495563276112079620361328125" lon="145.95385638065636157989501953125">
        <ele>959</ele>
        <time>2026-04-13T02:32:09.000Z</time>
        <extensions>
          <ns3:TrackPointExtension/>
        </extensions>
      </trkpt>
      <trkpt lat="-41.64954903535544872283935546875" lon="145.9538678638637065887451171875">
        <ele>958.79998779296875</ele>
        <time>2026-04-13T02:32:10.000Z</time>
        <extensions>
          <ns3:TrackPointExtension/>
        </extensions>
      </trkpt>
      <trkpt lat="-41.64944442920386791229248046875" lon="145.95398697070777416229248046875">
        <ele>958</ele>
        <time>2026-04-13T02:32:23.000Z</time>
        <extensions>
          <ns3:TrackPointExtension/>
        </extensions>
      </trkpt>
      <trkpt lat="-41.64933127351105213165283203125" lon="145.95414094626903533935546875">
        <ele>956.79998779296875</ele>
        <time>2026-04-13T02:32:35.000Z</time>
        <extensions>
          <ns3:TrackPointExtension/>
        </extensions>
      </trkpt>
      <trkpt lat="-41.6492356359958648681640625" lon="145.95428687520325183868408203125">
        <ele>955.4000244140625</ele>
        <time>2026-04-13T02:32:47.000Z</time>
        <extensions>
          <ns3:TrackPointExtension/>
        </extensions>
      </trkpt>
      <trkpt lat="-41.64922599680721759796142578125" lon="145.95429785549640655517578125">
        <ele>955.4000244140625</ele>
        <time>2026-04-13T02:32:48.000Z</time>
        <extensions>
          <ns3:TrackPointExtension/>
        </extensions>
      </trkpt>
      <trkpt lat="-41.64921543560922145843505859375" lon="145.9543060697615146636962890625">
        <ele>955.5999755859375</ele>
        <time>2026-04-13T02:32:49.000Z</time>
        <extensions>
          <ns3:TrackPointExtension/>
        </extensions>
      </trkpt>
      <trkpt lat="-41.6492066346108913421630859375" lon="145.95431453548371791839599609375">
        <ele>955.5999755859375</ele>
        <time>2026-04-13T02:32:50.000Z</time>
        <extensions>
          <ns3:TrackPointExtension/>
        </extensions>
      </trkpt>
      <trkpt lat="-41.6491980850696563720703125" lon="145.95432526431977748870849609375">
        <ele>955.5999755859375</ele>
        <time>2026-04-13T02:32:51.000Z</time>
        <extensions>
          <ns3:TrackPointExtension/>
        </extensions>
      </trkpt>
      <trkpt lat="-41.64918928407132625579833984375" lon="145.95433834008872509002685546875">
        <ele>955.4000244140625</ele>
        <time>2026-04-13T02:32:52.000Z</time>
        <extensions>
          <ns3:TrackPointExtension/>
        </extensions>
      </trkpt>
      <trkpt lat="-41.64909976534545421600341796875" lon="145.954449735581874847412109375">
        <ele>955.4000244140625</ele>
        <time>2026-04-13T02:33:02.000Z</time>
        <extensions>
          <ns3:TrackPointExtension/>
        </extensions>
      </trkpt>
      <trkpt lat="-41.64904042147099971771240234375" lon="145.9545533359050750732421875">
        <ele>954.5999755859375</ele>
        <time>2026-04-13T02:33:13.000Z</time>
        <extensions>
          <ns3:TrackPointExtension/>
        </extensions>
      </trkpt>
      <trkpt lat="-41.64898954331874847412109375" lon="145.95463908277451992034912109375">
        <ele>954.20001220703125</ele>
        <time>2026-04-13T02:33:22.000Z</time>
        <extensions>
          <ns3:TrackPointExtension/>
        </extensions>
      </trkpt>
      <trkpt lat="-41.64895509369671344757080078125" lon="145.95469054765999317169189453125">
        <ele>954.20001220703125</ele>
        <time>2026-04-13T02:33:31.000Z</time>
        <extensions>
          <ns3:TrackPointExtension/>
        </extensions>
      </trkpt>
      <trkpt lat="-41.6489296965301036834716796875" lon="145.9547342173755168914794921875">
        <ele>954</ele>
        <time>2026-04-13T02:33:35.000Z</time>
        <extensions>
          <ns3:TrackPointExtension/>
        </extensions>
      </trkpt>
      <trkpt lat="-41.64892248809337615966796875" lon="145.95474368892610073089599609375">
        <ele>954</ele>
        <time>2026-04-13T02:33:36.000Z</time>
        <extensions>
          <ns3:TrackPointExtension/>
        </extensions>
      </trkpt>
      <trkpt lat="-41.64880354888737201690673828125" lon="145.954936556518077850341796875">
        <ele>951.4000244140625</ele>
        <time>2026-04-13T02:33:52.000Z</time>
        <extensions>
          <ns3:TrackPointExtension/>
        </extensions>
      </trkpt>
      <trkpt lat="-41.64871922694146633148193359375" lon="145.95509036444127559661865234375">
        <ele>949</ele>
        <time>2026-04-13T02:34:05.000Z</time>
        <extensions>
          <ns3:TrackPointExtension/>
        </extensions>
      </trkpt>
      <trkpt lat="-41.6487157903611660003662109375" lon="145.95510394312441349029541015625">
        <ele>948.5999755859375</ele>
        <time>2026-04-13T02:34:06.000Z</time>
        <extensions>
          <ns3:TrackPointExtension/>
        </extensions>
      </trkpt>
      <trkpt lat="-41.64871193468570709228515625" lon="145.95511819235980510711669921875">
        <ele>948.4000244140625</ele>
        <time>2026-04-13T02:34:07.000Z</time>
        <extensions>
          <ns3:TrackPointExtension/>
        </extensions>
      </trkpt>
      <trkpt lat="-41.648708246648311614990234375" lon="145.9551331959664821624755859375">
        <ele>948</ele>
        <time>2026-04-13T02:34:08.000Z</time>
        <extensions>
          <ns3:TrackPointExtension/>
        </extensions>
      </trkpt>
      <trkpt lat="-41.6487278603017330169677734375" lon="145.955262444913387298583984375">
        <ele>943.5999755859375</ele>
        <time>2026-04-13T02:34:22.000Z</time>
        <extensions>
          <ns3:TrackPointExtension/>
        </extensions>
      </trkpt>
      <trkpt lat="-41.64878175593912601470947265625" lon="145.95527686178684234619140625">
        <ele>942.20001220703125</ele>
        <time>2026-04-13T02:34:26.000Z</time>
        <extensions>
          <ns3:TrackPointExtension/>
        </extensions>
      </trkpt>
      <trkpt lat="-41.6487975977361202239990234375" lon="145.95527627505362033843994140625">
        <ele>942.20001220703125</ele>
        <time>2026-04-13T02:34:27.000Z</time>
        <extensions>
          <ns3:TrackPointExtension/>
        </extensions>
      </trkpt>
      <trkpt lat="-41.648807823657989501953125" lon="145.9552775323390960693359375">
        <ele>942</ele>
        <time>2026-04-13T02:34:28.000Z</time>
        <extensions>
          <ns3:TrackPointExtension/>
        </extensions>
      </trkpt>
      <trkpt lat="-41.64884202182292938232421875" lon="145.9552756883203983306884765625">
        <ele>941.5999755859375</ele>
        <time>2026-04-13T02:34:31.000Z</time>
        <extensions>
          <ns3:TrackPointExtension/>
        </extensions>
      </trkpt>
      <trkpt lat="-41.64885082282125949859619140625" lon="145.9552810527384281158447265625">
        <ele>941.4000244140625</ele>
        <time>2026-04-13T02:34:32.000Z</time>
        <extensions>
          <ns3:TrackPointExtension/>
        </extensions>
      </trkpt>
      <trkpt lat="-41.64886406622827053070068359375" lon="145.955284573137760162353515625">
        <ele>941.20001220703125</ele>
        <time>2026-04-13T02:34:33.000Z</time>
        <extensions>
          <ns3:TrackPointExtension/>
        </extensions>
      </trkpt>
      <trkpt lat="-41.64900588802993297576904296875" lon="145.955367721617221832275390625">
        <ele>936.4000244140625</ele>
        <time>2026-04-13T02:34:47.000Z</time>
        <extensions>
          <ns3:TrackPointExtension/>
        </extensions>
      </trkpt>
      <trkpt lat="-41.6490728594362735748291015625" lon="145.955415330827236175537109375">
        <ele>934.20001220703125</ele>
        <time>2026-04-13T02:34:53.000Z</time>
        <extensions>
          <ns3:TrackPointExtension/>
        </extensions>
      </trkpt>
      <trkpt lat="-41.64921845309436321258544921875" lon="145.95540937967598438262939453125">
        <ele>931.79998779296875</ele>
        <time>2026-04-13T02:35:06.000Z</time>
        <extensions>
          <ns3:TrackPointExtension/>
        </extensions>
      </trkpt>
      <trkpt lat="-41.64926673285663127899169921875" lon="145.9553859941661357879638671875">
        <ele>931.79998779296875</ele>
        <time>2026-04-13T02:35:10.000Z</time>
        <extensions>
          <ns3:TrackPointExtension/>
        </extensions>
      </trkpt>
      <trkpt lat="-41.64928458631038665771484375" lon="145.95537635497748851776123046875">
        <ele>931.79998779296875</ele>
        <time>2026-04-13T02:35:11.000Z</time>
        <extensions>
          <ns3:TrackPointExtension/>
        </extensions>
      </trkpt>
      <trkpt lat="-41.64938039146363735198974609375" lon="145.9553177654743194580078125">
        <ele>932</ele>
        <time>2026-04-13T02:35:20.000Z</time>
        <extensions>
          <ns3:TrackPointExtension/>
        </extensions>
      </trkpt>
      <trkpt lat="-41.64939246140420436859130859375" lon="145.95530929975211620330810546875">
        <ele>932</ele>
        <time>2026-04-13T02:35:21.000Z</time>
        <extensions>
          <ns3:TrackPointExtension/>
        </extensions>
      </trkpt>
      <trkpt lat="-41.64940553717315196990966796875" lon="145.95530276186764240264892578125">
        <ele>932</ele>
        <time>2026-04-13T02:35:22.000Z</time>
        <extensions>
          <ns3:TrackPointExtension/>
        </extensions>
      </trkpt>
      <trkpt lat="-41.6494191996753215789794921875" lon="145.9552964754402637481689453125">
        <ele>932</ele>
        <time>2026-04-13T02:35:23.000Z</time>
        <extensions>
          <ns3:TrackPointExtension/>
        </extensions>
      </trkpt>
      <trkpt lat="-41.64943336509168148040771484375" lon="145.9552934579551219940185546875">
        <ele>932</ele>
        <time>2026-04-13T02:35:24.000Z</time>
        <extensions>
          <ns3:TrackPointExtension/>
        </extensions>
      </trkpt>
      <trkpt lat="-41.649445183575153350830078125" lon="145.95529236830770969390869140625">
        <ele>932</ele>
        <time>2026-04-13T02:35:25.000Z</time>
        <extensions>
          <ns3:TrackPointExtension/>
        </extensions>
      </trkpt>
      <trkpt lat="-41.6495871730148792266845703125" lon="145.9552609361708164215087890625">
        <ele>931.4000244140625</ele>
        <time>2026-04-13T02:35:37.000Z</time>
        <extensions>
          <ns3:TrackPointExtension/>
        </extensions>
      </trkpt>
      <trkpt lat="-41.64961449801921844482421875" lon="145.95527392812073230743408203125">
        <ele>931</ele>
        <time>2026-04-13T02:35:40.000Z</time>
        <extensions>
          <ns3:TrackPointExtension/>
        </extensions>
      </trkpt>
      <trkpt lat="-41.64966487325727939605712890625" lon="145.95531768165528774261474609375">
        <ele>930.5999755859375</ele>
        <time>2026-04-13T02:35:47.000Z</time>
        <extensions>
          <ns3:TrackPointExtension/>
        </extensions>
      </trkpt>
      <trkpt lat="-41.6496726684272289276123046875" lon="145.955326817929744720458984375">
        <ele>930.5999755859375</ele>
        <time>2026-04-13T02:35:48.000Z</time>
        <extensions>
          <ns3:TrackPointExtension/>
        </extensions>
      </trkpt>
      <trkpt lat="-41.6496808826923370361328125" lon="145.9553365409374237060546875">
        <ele>930.4000244140625</ele>
        <time>2026-04-13T02:35:49.000Z</time>
        <extensions>
          <ns3:TrackPointExtension/>
        </extensions>
      </trkpt>
      <trkpt lat="-41.64969001896679401397705078125" lon="145.9553447552025318145751953125">
        <ele>930.4000244140625</ele>
        <time>2026-04-13T02:35:50.000Z</time>
        <extensions>
          <ns3:TrackPointExtension/>
        </extensions>
      </trkpt>
      <trkpt lat="-41.649699322879314422607421875" lon="145.9553544782102108001708984375">
        <ele>930.4000244140625</ele>
        <time>2026-04-13T02:35:51.000Z</time>
        <extensions>
          <ns3:TrackPointExtension/>
        </extensions>
      </trkpt>
      <trkpt lat="-41.64982639253139495849609375" lon="145.95547207631170749664306640625">
        <ele>929.5999755859375</ele>
        <time>2026-04-13T02:36:04.000Z</time>
        <extensions>
          <ns3:TrackPointExtension/>
        </extensions>
      </trkpt>
      <trkpt lat="-41.64988632313907146453857421875" lon="145.95553594641387462615966796875">
        <ele>929</ele>
        <time>2026-04-13T02:36:12.000Z</time>
        <extensions>
          <ns3:TrackPointExtension/>
        </extensions>
      </trkpt>
      <trkpt lat="-41.6498875804245471954345703125" lon="145.95556176267564296722412109375">
        <ele>929</ele>
        <time>2026-04-13T02:36:14.000Z</time>
        <extensions>
          <ns3:TrackPointExtension/>
        </extensions>
      </trkpt>
      <trkpt lat="-41.64992856793105602264404296875" lon="145.95564122311770915985107421875">
        <ele>929.4000244140625</ele>
        <time>2026-04-13T02:36:23.000Z</time>
        <extensions>
          <ns3:TrackPointExtension/>
        </extensions>
      </trkpt>
      <trkpt lat="-41.650001071393489837646484375" lon="145.95568983815610408782958984375">
        <ele>929.79998779296875</ele>
        <time>2026-04-13T02:36:31.000Z</time>
        <extensions>
          <ns3:TrackPointExtension/>
        </extensions>
      </trkpt>
      <trkpt lat="-41.65001305751502513885498046875" lon="145.9556934423744678497314453125">
        <ele>930</ele>
        <time>2026-04-13T02:36:32.000Z</time>
        <extensions>
          <ns3:TrackPointExtension/>
        </extensions>
      </trkpt>
      <trkpt lat="-41.65003367699682712554931640625" lon="145.9557202644646167755126953125">
        <ele>930.20001220703125</ele>
        <time>2026-04-13T02:36:41.000Z</time>
        <extensions>
          <ns3:TrackPointExtension/>
        </extensions>
      </trkpt>
      <trkpt lat="-41.6500414721667766571044921875" lon="145.9557309933006763458251953125">
        <ele>930.4000244140625</ele>
        <time>2026-04-13T02:36:42.000Z</time>
        <extensions>
          <ns3:TrackPointExtension/>
        </extensions>
      </trkpt>
      <trkpt lat="-41.65004909969866275787353515625" lon="145.955740548670291900634765625">
        <ele>930.4000244140625</ele>
        <time>2026-04-13T02:36:43.000Z</time>
        <extensions>
          <ns3:TrackPointExtension/>
        </extensions>
      </trkpt>
      <trkpt lat="-41.6501152329146862030029296875" lon="145.95586937852203845977783203125">
        <ele>931.4000244140625</ele>
        <time>2026-04-13T02:36:57.000Z</time>
        <extensions>
          <ns3:TrackPointExtension/>
        </extensions>
      </trkpt>
      <trkpt lat="-41.650254540145397186279296875" lon="145.95593224279582500457763671875">
        <ele>933.20001220703125</ele>
        <time>2026-04-13T02:37:09.000Z</time>
        <extensions>
          <ns3:TrackPointExtension/>
        </extensions>
      </trkpt>
      <trkpt lat="-41.65036845020949840545654296875" lon="145.9559452347457408905029296875">
        <ele>933.79998779296875</ele>
        <time>2026-04-13T02:37:19.000Z</time>
        <extensions>
          <ns3:TrackPointExtension/>
        </extensions>
      </trkpt>
      <trkpt lat="-41.65038286708295345306396484375" lon="145.955949090421199798583984375">
        <ele>933.79998779296875</ele>
        <time>2026-04-13T02:37:20.000Z</time>
        <extensions>
          <ns3:TrackPointExtension/>
        </extensions>
      </trkpt>
      <trkpt lat="-41.65039326064288616180419921875" lon="145.9559546224772930145263671875">
        <ele>934</ele>
        <time>2026-04-13T02:37:21.000Z</time>
        <extensions>
          <ns3:TrackPointExtension/>
        </extensions>
      </trkpt>
      <trkpt lat="-41.65047205053269863128662109375" lon="145.9560116194188594818115234375">
        <ele>935.20001220703125</ele>
        <time>2026-04-13T02:37:33.000Z</time>
        <extensions>
          <ns3:TrackPointExtension/>
        </extensions>
      </trkpt>
      <trkpt lat="-41.65055637247860431671142578125" lon="145.95604103989899158477783203125">
        <ele>935.79998779296875</ele>
        <time>2026-04-13T02:37:43.000Z</time>
        <extensions>
          <ns3:TrackPointExtension/>
        </extensions>
      </trkpt>
      <trkpt lat="-41.6506238467991352081298828125" lon="145.9561063349246978759765625">
        <ele>937.79998779296875</ele>
        <time>2026-04-13T02:37:53.000Z</time>
        <extensions>
          <ns3:TrackPointExtension/>
        </extensions>
      </trkpt>
      <trkpt lat="-41.65064044296741485595703125" lon="145.95612846314907073974609375">
        <ele>938.4000244140625</ele>
        <time>2026-04-13T02:37:55.000Z</time>
        <extensions>
          <ns3:TrackPointExtension/>
        </extensions>
      </trkpt>
      <trkpt lat="-41.65073088370263576507568359375" lon="145.95621236599981784820556640625">
        <ele>940</ele>
        <time>2026-04-13T02:38:09.000Z</time>
        <extensions>
          <ns3:TrackPointExtension/>
        </extensions>
      </trkpt>
      <trkpt lat="-41.65081269107758998870849609375" lon="145.9563195705413818359375">
        <ele>942.79998779296875</ele>
        <time>2026-04-13T02:38:23.000Z</time>
        <extensions>
          <ns3:TrackPointExtension/>
        </extensions>
      </trkpt>
      <trkpt lat="-41.65093674324452877044677734375" lon="145.9564548544585704803466796875">
        <ele>947</ele>
        <time>2026-04-13T02:38:40.000Z</time>
        <extensions>
          <ns3:TrackPointExtension/>
        </extensions>
      </trkpt>
      <trkpt lat="-41.6510332189500331878662109375" lon="145.956586785614490509033203125">
        <ele>948.79998779296875</ele>
        <time>2026-04-13T02:38:53.000Z</time>
        <extensions>
          <ns3:TrackPointExtension/>
        </extensions>
      </trkpt>
      <trkpt lat="-41.65110974572598934173583984375" lon="145.95670379698276519775390625">
        <ele>951</ele>
        <time>2026-04-13T02:39:06.000Z</time>
        <extensions>
          <ns3:TrackPointExtension/>
        </extensions>
      </trkpt>
      <trkpt lat="-41.6511907987296581268310546875" lon="145.95684352330863475799560546875">
        <ele>953.20001220703125</ele>
        <time>2026-04-13T02:39:19.000Z</time>
        <extensions>
          <ns3:TrackPointExtension/>
        </extensions>
      </trkpt>
      <trkpt lat="-41.651230193674564361572265625" lon="145.95691032707691192626953125">
        <ele>953.5999755859375</ele>
        <time>2026-04-13T02:39:25.000Z</time>
        <extensions>
          <ns3:TrackPointExtension/>
        </extensions>
      </trkpt>
      <trkpt lat="-41.65123857557773590087890625" lon="145.9569272585213184356689453125">
        <ele>953.79998779296875</ele>
        <time>2026-04-13T02:39:26.000Z</time>
        <extensions>
          <ns3:TrackPointExtension/>
        </extensions>
      </trkpt>
      <trkpt lat="-41.6512464545667171478271484375" lon="145.95694444142282009124755859375">
        <ele>954</ele>
        <time>2026-04-13T02:39:27.000Z</time>
        <extensions>
          <ns3:TrackPointExtension/>
        </extensions>
      </trkpt>
      <trkpt lat="-41.65127838961780071258544921875" lon="145.9570375643670558929443359375">
        <ele>954.79998779296875</ele>
        <time>2026-04-13T02:39:34.000Z</time>
        <extensions>
          <ns3:TrackPointExtension/>
        </extensions>
      </trkpt>
      <trkpt lat="-41.65128408931195735931396484375" lon="145.95705407671630382537841796875">
        <ele>955</ele>
        <time>2026-04-13T02:39:35.000Z</time>
        <extensions>
          <ns3:TrackPointExtension/>
        </extensions>
      </trkpt>
      <trkpt lat="-41.65146362967789173126220703125" lon="145.9572387300431728363037109375">
        <ele>953</ele>
        <time>2026-04-13T02:39:48.000Z</time>
        <extensions>
          <ns3:TrackPointExtension/>
        </extensions>
      </trkpt>
      <trkpt lat="-41.65157879702746868133544921875" lon="145.95742874778807163238525390625">
        <ele>952.5999755859375</ele>
        <time>2026-04-13T02:40:01.000Z</time>
        <extensions>
          <ns3:TrackPointExtension/>
        </extensions>
      </trkpt>
      <trkpt lat="-41.65164249949157238006591796875" lon="145.95754022710025310516357421875">
        <ele>952.79998779296875</ele>
        <time>2026-04-13T02:40:09.000Z</time>
        <extensions>
          <ns3:TrackPointExtension/>
        </extensions>
      </trkpt>
      <trkpt lat="-41.65165029466152191162109375" lon="145.95755615271627902984619140625">
        <ele>953</ele>
        <time>2026-04-13T02:40:10.000Z</time>
        <extensions>
          <ns3:TrackPointExtension/>
        </extensions>
      </trkpt>
      <trkpt lat="-41.65165758691728115081787109375" lon="145.95757207833230495452880859375">
        <ele>953.20001220703125</ele>
        <time>2026-04-13T02:40:11.000Z</time>
        <extensions>
          <ns3:TrackPointExtension/>
        </extensions>
      </trkpt>
      <trkpt lat="-41.65166529826819896697998046875" lon="145.957588255405426025390625">
        <ele>953.20001220703125</ele>
        <time>2026-04-13T02:40:12.000Z</time>
        <extensions>
          <ns3:TrackPointExtension/>
        </extensions>
      </trkpt>
      <trkpt lat="-41.6516705788671970367431640625" lon="145.9576065279543399810791015625">
        <ele>953.4000244140625</ele>
        <time>2026-04-13T02:40:13.000Z</time>
        <extensions>
          <ns3:TrackPointExtension/>
        </extensions>
      </trkpt>
      <trkpt lat="-41.65167535655200481414794921875" lon="145.9576232917606830596923828125">
        <ele>953.5999755859375</ele>
        <time>2026-04-13T02:40:14.000Z</time>
        <extensions>
          <ns3:TrackPointExtension/>
        </extensions>
      </trkpt>
      <trkpt lat="-41.65168122388422489166259765625" lon="145.95763913355767726898193359375">
        <ele>953.79998779296875</ele>
        <time>2026-04-13T02:40:15.000Z</time>
        <extensions>
          <ns3:TrackPointExtension/>
        </extensions>
      </trkpt>
      <trkpt lat="-41.6516876779496669769287109375" lon="145.95765673555433750152587890625">
        <ele>953.79998779296875</ele>
        <time>2026-04-13T02:40:16.000Z</time>
        <extensions>
          <ns3:TrackPointExtension/>
        </extensions>
      </trkpt>
      <trkpt lat="-41.651694886386394500732421875" lon="145.95767383463680744171142578125">
        <ele>953.79998779296875</ele>
        <time>2026-04-13T02:40:17.000Z</time>
        <extensions>
          <ns3:TrackPointExtension/>
        </extensions>
      </trkpt>
      <trkpt lat="-41.65170033462345600128173828125" lon="145.95768925733864307403564453125">
        <ele>953.79998779296875</ele>
        <time>2026-04-13T02:40:18.000Z</time>
        <extensions>
          <ns3:TrackPointExtension/>
        </extensions>
      </trkpt>
      <trkpt lat="-41.65175347588956356048583984375" lon="145.95781959593296051025390625">
        <ele>954</ele>
        <time>2026-04-13T02:40:27.000Z</time>
        <extensions>
          <ns3:TrackPointExtension/>
        </extensions>
      </trkpt>
      <trkpt lat="-41.651761941611766815185546875" lon="145.95783376134932041168212890625">
        <ele>953.79998779296875</ele>
        <time>2026-04-13T02:40:28.000Z</time>
        <extensions>
          <ns3:TrackPointExtension/>
        </extensions>
      </trkpt>
      <trkpt lat="-41.65177359245717525482177734375" lon="145.95785915851593017578125">
        <ele>953.79998779296875</ele>
        <time>2026-04-13T02:40:30.000Z</time>
        <extensions>
          <ns3:TrackPointExtension/>
        </extensions>
      </trkpt>
      <trkpt lat="-41.6517805494368076324462890625" lon="145.9578720666468143463134765625">
        <ele>953.79998779296875</ele>
        <time>2026-04-13T02:40:31.000Z</time>
        <extensions>
          <ns3:TrackPointExtension/>
        </extensions>
      </trkpt>
      <trkpt lat="-41.6517890989780426025390625" lon="145.9578874893486499786376953125">
        <ele>953.79998779296875</ele>
        <time>2026-04-13T02:40:32.000Z</time>
        <extensions>
          <ns3:TrackPointExtension/>
        </extensions>
      </trkpt>
      <trkpt lat="-41.6518308408558368682861328125" lon="145.95797709189355373382568359375">
        <ele>953.4000244140625</ele>
        <time>2026-04-13T02:40:38.000Z</time>
        <extensions>
          <ns3:TrackPointExtension/>
        </extensions>
      </trkpt>
      <trkpt lat="-41.6518368758261203765869140625" lon="145.95799167640507221221923828125">
        <ele>953.4000244140625</ele>
        <time>2026-04-13T02:40:39.000Z</time>
        <extensions>
          <ns3:TrackPointExtension/>
        </extensions>
      </trkpt>
      <trkpt lat="-41.6518435813486576080322265625" lon="145.958006680011749267578125">
        <ele>953.4000244140625</ele>
        <time>2026-04-13T02:40:40.000Z</time>
        <extensions>
          <ns3:TrackPointExtension/>
        </extensions>
      </trkpt>
      <trkpt lat="-41.65192178450524806976318359375" lon="145.958149842917919158935546875">
        <ele>953</ele>
        <time>2026-04-13T02:40:50.000Z</time>
        <extensions>
          <ns3:TrackPointExtension/>
        </extensions>
      </trkpt>
      <trkpt lat="-41.65192664600908756256103515625" lon="145.9581650979816913604736328125">
        <ele>953.20001220703125</ele>
        <time>2026-04-13T02:40:51.000Z</time>
        <extensions>
          <ns3:TrackPointExtension/>
        </extensions>
      </trkpt>
      <trkpt lat="-41.652014739811420440673828125" lon="145.95829593949019908905029296875">
        <ele>952.4000244140625</ele>
        <time>2026-04-13T02:41:00.000Z</time>
        <extensions>
          <ns3:TrackPointExtension/>
        </extensions>
      </trkpt>
      <trkpt lat="-41.65210048668086528778076171875" lon="145.9584859572350978851318359375">
        <ele>952.4000244140625</ele>
        <time>2026-04-13T02:41:12.000Z</time>
        <extensions>
          <ns3:TrackPointExtension/>
        </extensions>
      </trkpt>
      <trkpt lat="-41.652107946574687957763671875" lon="145.95852241851389408111572265625">
        <ele>952.4000244140625</ele>
        <time>2026-04-13T02:41:21.000Z</time>
        <extensions>
          <ns3:TrackPointExtension/>
        </extensions>
      </trkpt>
      <trkpt lat="-41.652132757008075714111328125" lon="145.958531387150287628173828125">
        <ele>952.20001220703125</ele>
        <time>2026-04-13T02:41:24.000Z</time>
        <extensions>
          <ns3:TrackPointExtension/>
        </extensions>
      </trkpt>
      <trkpt lat="-41.652141474187374114990234375" lon="145.9585432894527912139892578125">
        <ele>952</ele>
        <time>2026-04-13T02:41:25.000Z</time>
        <extensions>
          <ns3:TrackPointExtension/>
        </extensions>
      </trkpt>
      <trkpt lat="-41.652150861918926239013671875" lon="145.9585563652217388153076171875">
        <ele>952</ele>
        <time>2026-04-13T02:41:26.000Z</time>
        <extensions>
          <ns3:TrackPointExtension/>
        </extensions>
      </trkpt>
      <trkpt lat="-41.6521590761840343475341796875" lon="145.9585684351623058319091796875">
        <ele>951.79998779296875</ele>
        <time>2026-04-13T02:41:27.000Z</time>
        <extensions>
          <ns3:TrackPointExtension/>
        </extensions>
      </trkpt>
      <trkpt lat="-41.652166284620761871337890625" lon="145.95858058892190456390380859375">
        <ele>951.79998779296875</ele>
        <time>2026-04-13T02:41:28.000Z</time>
        <extensions>
          <ns3:TrackPointExtension/>
        </extensions>
      </trkpt>
      <trkpt lat="-41.652176342904567718505859375" lon="145.95859207212924957275390625">
        <ele>951.5999755859375</ele>
        <time>2026-04-13T02:41:29.000Z</time>
        <extensions>
          <ns3:TrackPointExtension/>
        </extensions>
      </trkpt>
      <trkpt lat="-41.65218866430222988128662109375" lon="145.95860204659402370452880859375">
        <ele>951.4000244140625</ele>
        <time>2026-04-13T02:41:30.000Z</time>
        <extensions>
          <ns3:TrackPointExtension/>
        </extensions>
      </trkpt>
      <trkpt lat="-41.65219956077635288238525390625" lon="145.95861017704010009765625">
        <ele>951.20001220703125</ele>
        <time>2026-04-13T02:41:31.000Z</time>
        <extensions>
          <ns3:TrackPointExtension/>
        </extensions>
      </trkpt>
      <trkpt lat="-41.65221163071691989898681640625" lon="145.95861478708684444427490234375">
        <ele>951</ele>
        <time>2026-04-13T02:41:32.000Z</time>
        <extensions>
          <ns3:TrackPointExtension/>
        </extensions>
      </trkpt>
      <trkpt lat="-41.65222487412393093109130859375" lon="145.95861646346747875213623046875">
        <ele>950.79998779296875</ele>
        <time>2026-04-13T02:41:33.000Z</time>
        <extensions>
          <ns3:TrackPointExtension/>
        </extensions>
      </trkpt>
      <trkpt lat="-41.65223895572125911712646484375" lon="145.95861713401973247528076171875">
        <ele>950.4000244140625</ele>
        <time>2026-04-13T02:41:34.000Z</time>
        <extensions>
          <ns3:TrackPointExtension/>
        </extensions>
      </trkpt>
      <trkpt lat="-41.65237507782876491546630859375" lon="145.958589054644107818603515625">
        <ele>949.20001220703125</ele>
        <time>2026-04-13T02:41:44.000Z</time>
        <extensions>
          <ns3:TrackPointExtension/>
        </extensions>
      </trkpt>
      <trkpt lat="-41.6524688713252544403076171875" lon="145.95859634689986705780029296875">
        <ele>948.5999755859375</ele>
        <time>2026-04-13T02:41:51.000Z</time>
        <extensions>
          <ns3:TrackPointExtension/>
        </extensions>
      </trkpt>
      <trkpt lat="-41.65247909724712371826171875" lon="145.9586079977452754974365234375">
        <ele>948.4000244140625</ele>
        <time>2026-04-13T02:41:52.000Z</time>
        <extensions>
          <ns3:TrackPointExtension/>
        </extensions>
      </trkpt>
      <trkpt lat="-41.6524886526167392730712890625" lon="145.9586200676858425140380859375">
        <ele>948.4000244140625</ele>
        <time>2026-04-13T02:41:53.000Z</time>
        <extensions>
          <ns3:TrackPointExtension/>
        </extensions>
      </trkpt>
      <trkpt lat="-41.65256048552691936492919921875" lon="145.9587813355028629302978515625">
        <ele>948</ele>
        <time>2026-04-13T02:42:05.000Z</time>
        <extensions>
          <ns3:TrackPointExtension/>
        </extensions>
      </trkpt>
      <trkpt lat="-41.6525657661259174346923828125" lon="145.9587967582046985626220703125">
        <ele>948</ele>
        <time>2026-04-13T02:42:06.000Z</time>
        <extensions>
          <ns3:TrackPointExtension/>
        </extensions>
      </trkpt>
      <trkpt lat="-41.6526715457439422607421875" lon="145.9589744545519351959228515625">
        <ele>948.20001220703125</ele>
        <time>2026-04-13T02:42:20.000Z</time>
        <extensions>
          <ns3:TrackPointExtension/>
        </extensions>
      </trkpt>
      <trkpt lat="-41.65280858986079692840576171875" lon="145.9591333754360675811767578125">
        <ele>947.20001220703125</ele>
        <time>2026-04-13T02:42:34.000Z</time>
        <extensions>
          <ns3:TrackPointExtension/>
        </extensions>
      </trkpt>
      <trkpt lat="-41.6529389284551143646240234375" lon="145.95926924608647823333740234375">
        <ele>945.79998779296875</ele>
        <time>2026-04-13T02:42:46.000Z</time>
        <extensions>
          <ns3:TrackPointExtension/>
        </extensions>
      </trkpt>
      <trkpt lat="-41.65303858928382396697998046875" lon="145.95939078368246555328369140625">
        <ele>944.79998779296875</ele>
        <time>2026-04-13T02:42:56.000Z</time>
        <extensions>
          <ns3:TrackPointExtension/>
        </extensions>
      </trkpt>
      <trkpt lat="-41.65305116213858127593994140625" lon="145.959395729005336761474609375">
        <ele>944.5999755859375</ele>
        <time>2026-04-13T02:42:57.000Z</time>
        <extensions>
          <ns3:TrackPointExtension/>
        </extensions>
      </trkpt>
      <trkpt lat="-41.6530631482601165771484375" lon="145.9594027698040008544921875">
        <ele>944.4000244140625</ele>
        <time>2026-04-13T02:42:58.000Z</time>
        <extensions>
          <ns3:TrackPointExtension/>
        </extensions>
      </trkpt>
      <trkpt lat="-41.6530750505626201629638671875" lon="145.95940855331718921661376953125">
        <ele>944.4000244140625</ele>
        <time>2026-04-13T02:42:59.000Z</time>
        <extensions>
          <ns3:TrackPointExtension/>
        </extensions>
      </trkpt>
      <trkpt lat="-41.6530867852270603179931640625" lon="145.9594134986400604248046875">
        <ele>944.20001220703125</ele>
        <time>2026-04-13T02:43:00.000Z</time>
        <extensions>
          <ns3:TrackPointExtension/>
        </extensions>
      </trkpt>
      <trkpt lat="-41.653099022805690765380859375" lon="145.95941961742937564849853515625">
        <ele>944</ele>
        <time>2026-04-13T02:43:01.000Z</time>
        <extensions>
          <ns3:TrackPointExtension/>
        </extensions>
      </trkpt>
      <trkpt lat="-41.6532145254313945770263671875" lon="145.95947711728513240814208984375">
        <ele>943</ele>
        <time>2026-04-13T02:43:13.000Z</time>
        <extensions>
          <ns3:TrackPointExtension/>
        </extensions>
      </trkpt>
      <trkpt lat="-41.65336598642170429229736328125" lon="145.95954702235758304595947265625">
        <ele>942.20001220703125</ele>
        <time>2026-04-13T02:43:27.000Z</time>
        <extensions>
          <ns3:TrackPointExtension/>
        </extensions>
      </trkpt>
      <trkpt lat="-41.65339238941669464111328125" lon="145.9594713337719440460205078125">
        <ele>942.20001220703125</ele>
        <time>2026-04-13T02:43:38.000Z</time>
        <extensions>
          <ns3:TrackPointExtension/>
        </extensions>
      </trkpt>
      <trkpt lat="-41.653412170708179473876953125" lon="145.959458090364933013916015625">
        <ele>942.20001220703125</ele>
        <time>2026-04-13T02:43:40.000Z</time>
        <extensions>
          <ns3:TrackPointExtension/>
        </extensions>
      </trkpt>
      <trkpt lat="-41.6534240730106830596923828125" lon="145.95945172011852264404296875">
        <ele>942</ele>
        <time>2026-04-13T02:43:41.000Z</time>
        <extensions>
          <ns3:TrackPointExtension/>
        </extensions>
      </trkpt>
      <trkpt lat="-41.65343522094190120697021484375" lon="145.95944493077695369720458984375">
        <ele>942</ele>
        <time>2026-04-13T02:43:42.000Z</time>
        <extensions>
          <ns3:TrackPointExtension/>
        </extensions>
      </trkpt>
      <trkpt lat="-41.65353563614189624786376953125" lon="145.95943629741668701171875">
        <ele>941.20001220703125</ele>
        <time>2026-04-13T02:43:53.000Z</time>
        <extensions>
          <ns3:TrackPointExtension/>
        </extensions>
      </trkpt>
      <trkpt lat="-41.65354435332119464874267578125" lon="145.959424562752246856689453125">
        <ele>941.20001220703125</ele>
        <time>2026-04-13T02:43:54.000Z</time>
        <extensions>
          <ns3:TrackPointExtension/>
        </extensions>
      </trkpt>
      <trkpt lat="-41.65355323813855648040771484375" lon="145.95941282808780670166015625">
        <ele>941.20001220703125</ele>
        <time>2026-04-13T02:43:55.000Z</time>
        <extensions>
          <ns3:TrackPointExtension/>
        </extensions>
      </trkpt>
      <trkpt lat="-41.653562374413013458251953125" lon="145.95940603874623775482177734375">
        <ele>941.20001220703125</ele>
        <time>2026-04-13T02:43:56.000Z</time>
        <extensions>
          <ns3:TrackPointExtension/>
        </extensions>
      </trkpt>
      <trkpt lat="-41.65357352234423160552978515625" lon="145.95940318889915943145751953125">
        <ele>941</ele>
        <time>2026-04-13T02:43:57.000Z</time>
        <extensions>
          <ns3:TrackPointExtension/>
        </extensions>
      </trkpt>
      <trkpt lat="-41.65362297557294368743896484375" lon="145.95943889580667018890380859375">
        <ele>940.20001220703125</ele>
        <time>2026-04-13T02:44:06.000Z</time>
        <extensions>
          <ns3:TrackPointExtension/>
        </extensions>
      </trkpt>
      <trkpt lat="-41.6536255739629268646240234375" lon="145.9594552405178546905517578125">
        <ele>940.20001220703125</ele>
        <time>2026-04-13T02:44:07.000Z</time>
        <extensions>
          <ns3:TrackPointExtension/>
        </extensions>
      </trkpt>
      <trkpt lat="-41.653627417981624603271484375" lon="145.9594703279435634613037109375">
        <ele>940</ele>
        <time>2026-04-13T02:44:08.000Z</time>
        <extensions>
          <ns3:TrackPointExtension/>
        </extensions>
      </trkpt>
      <trkpt lat="-41.65365926921367645263671875" lon="145.95950058661401271820068359375">
        <ele>939.4000244140625</ele>
        <time>2026-04-13T02:44:18.000Z</time>
        <extensions>
          <ns3:TrackPointExtension/>
        </extensions>
      </trkpt>
      <trkpt lat="-41.6536701656877994537353515625" lon="145.9595276601612567901611328125">
        <ele>939.20001220703125</ele>
        <time>2026-04-13T02:44:29.000Z</time>
        <extensions>
          <ns3:TrackPointExtension/>
        </extensions>
      </trkpt>
      <trkpt lat="-41.6536322794854640960693359375" lon="145.9595115669071674346923828125">
        <ele>939.5999755859375</ele>
        <time>2026-04-13T02:44:34.000Z</time>
        <extensions>
          <ns3:TrackPointExtension/>
        </extensions>
      </trkpt>
      <trkpt lat="-41.653624065220355987548828125" lon="145.95950427465140819549560546875">
        <ele>939.79998779296875</ele>
        <time>2026-04-13T02:44:35.000Z</time>
        <extensions>
          <ns3:TrackPointExtension/>
        </extensions>
      </trkpt>
      <trkpt lat="-41.65361794643104076385498046875" lon="145.959492959082126617431640625">
        <ele>940</ele>
        <time>2026-04-13T02:44:36.000Z</time>
        <extensions>
          <ns3:TrackPointExtension/>
        </extensions>
      </trkpt>
      <trkpt lat="-41.65361442603170871734619140625" lon="145.95947845838963985443115234375">
        <ele>940</ele>
        <time>2026-04-13T02:44:37.000Z</time>
        <extensions>
          <ns3:TrackPointExtension/>
        </extensions>
      </trkpt>
      <trkpt lat="-41.6536131687462329864501953125" lon="145.95946337096393108367919921875">
        <ele>940.20001220703125</ele>
        <time>2026-04-13T02:44:38.000Z</time>
        <extensions>
          <ns3:TrackPointExtension/>
        </extensions>
      </trkpt>
      <trkpt lat="-41.65361207909882068634033203125" lon="145.9594481997191905975341796875">
        <ele>940.4000244140625</ele>
        <time>2026-04-13T02:44:39.000Z</time>
        <extensions>
          <ns3:TrackPointExtension/>
        </extensions>
      </trkpt>
      <trkpt lat="-41.6535953991115093231201171875" lon="145.95940084196627140045166015625">
        <ele>940.79998779296875</ele>
        <time>2026-04-13T02:44:44.000Z</time>
        <extensions>
          <ns3:TrackPointExtension/>
        </extensions>
      </trkpt>
      <trkpt lat="-41.65355742909014225006103515625" lon="145.95940335653722286224365234375">
        <ele>941.20001220703125</ele>
        <time>2026-04-13T02:44:48.000Z</time>
        <extensions>
          <ns3:TrackPointExtension/>
        </extensions>
      </trkpt>
      <trkpt lat="-41.65350546129047870635986328125" lon="145.95946303568780422210693359375">
        <ele>941.4000244140625</ele>
        <time>2026-04-13T02:44:57.000Z</time>
        <extensions>
          <ns3:TrackPointExtension/>
        </extensions>
      </trkpt>
      <trkpt lat="-41.6534773819148540496826171875" lon="145.9594240598380565643310546875">
        <ele>941.79998779296875</ele>
        <time>2026-04-13T02:45:04.000Z</time>
        <extensions>
          <ns3:TrackPointExtension/>
        </extensions>
      </trkpt>
      <trkpt lat="-41.65346438996493816375732421875" lon="145.95942347310483455657958984375">
        <ele>941.79998779296875</ele>
        <time>2026-04-13T02:45:05.000Z</time>
        <extensions>
          <ns3:TrackPointExtension/>
        </extensions>
      </trkpt>
      <trkpt lat="-41.65345232002437114715576171875" lon="145.95942548476159572601318359375">
        <ele>942</ele>
        <time>2026-04-13T02:45:06.000Z</time>
        <extensions>
          <ns3:TrackPointExtension/>
        </extensions>
      </trkpt>
      <trkpt lat="-41.6534408368170261383056640625" lon="145.95942967571318149566650390625">
        <ele>942</ele>
        <time>2026-04-13T02:45:07.000Z</time>
        <extensions>
          <ns3:TrackPointExtension/>
        </extensions>
      </trkpt>
      <trkpt lat="-41.65343019179999828338623046875" lon="145.959435291588306427001953125">
        <ele>942.20001220703125</ele>
        <time>2026-04-13T02:45:08.000Z</time>
        <extensions>
          <ns3:TrackPointExtension/>
        </extensions>
      </trkpt>
      <trkpt lat="-41.6534200496971607208251953125" lon="145.95944174565374851226806640625">
        <ele>942.20001220703125</ele>
        <time>2026-04-13T02:45:09.000Z</time>
        <extensions>
          <ns3:TrackPointExtension/>
        </extensions>
      </trkpt>
      <trkpt lat="-41.65338099002838134765625" lon="145.95948516391217708587646484375">
        <ele>942.20001220703125</ele>
        <time>2026-04-13T02:45:14.000Z</time>
        <extensions>
          <ns3:TrackPointExtension/>
        </extensions>
      </trkpt>
      <trkpt lat="-41.6533814929425716400146484375" lon="145.9594994969666004180908203125">
        <ele>942.20001220703125</ele>
        <time>2026-04-13T02:45:15.000Z</time>
        <extensions>
          <ns3:TrackPointExtension/>
        </extensions>
      </trkpt>
      <trkpt lat="-41.653355844318866729736328125" lon="145.95954819582402706146240234375">
        <ele>942.20001220703125</ele>
        <time>2026-04-13T02:45:23.000Z</time>
        <extensions>
          <ns3:TrackPointExtension/>
        </extensions>
      </trkpt>
      <trkpt lat="-41.65334402583539485931396484375" lon="145.9595464356243610382080078125">
        <ele>942.20001220703125</ele>
        <time>2026-04-13T02:45:24.000Z</time>
        <extensions>
          <ns3:TrackPointExtension/>
        </extensions>
      </trkpt>
      <trkpt lat="-41.6533342190086841583251953125" lon="145.95954157412052154541015625">
        <ele>942.20001220703125</ele>
        <time>2026-04-13T02:45:25.000Z</time>
        <extensions>
          <ns3:TrackPointExtension/>
        </extensions>
      </trkpt>
      <trkpt lat="-41.65332323871552944183349609375" lon="145.95953729934990406036376953125">
        <ele>942.4000244140625</ele>
        <time>2026-04-13T02:45:26.000Z</time>
        <extensions>
          <ns3:TrackPointExtension/>
        </extensions>
      </trkpt>
      <trkpt lat="-41.6533100791275501251220703125" lon="145.95953528769314289093017578125">
        <ele>942.4000244140625</ele>
        <time>2026-04-13T02:45:27.000Z</time>
        <extensions>
          <ns3:TrackPointExtension/>
        </extensions>
      </trkpt>
      <trkpt lat="-41.6532963328063488006591796875" lon="145.9595313481986522674560546875">
        <ele>942.4000244140625</ele>
        <time>2026-04-13T02:45:28.000Z</time>
        <extensions>
          <ns3:TrackPointExtension/>
        </extensions>
      </trkpt>
      <trkpt lat="-41.65328468196094036102294921875" lon="145.95952506177127361297607421875">
        <ele>942.4000244140625</ele>
        <time>2026-04-13T02:45:29.000Z</time>
        <extensions>
          <ns3:TrackPointExtension/>
        </extensions>
      </trkpt>
      <trkpt lat="-41.653273366391658782958984375" lon="145.9595162607729434967041015625">
        <ele>942.5999755859375</ele>
        <time>2026-04-13T02:45:30.000Z</time>
        <extensions>
          <ns3:TrackPointExtension/>
        </extensions>
      </trkpt>
      <trkpt lat="-41.65326003916561603546142578125" lon="145.95950745977461338043212890625">
        <ele>942.5999755859375</ele>
        <time>2026-04-13T02:45:31.000Z</time>
        <extensions>
          <ns3:TrackPointExtension/>
        </extensions>
      </trkpt>
      <trkpt lat="-41.6532487235963344573974609375" lon="145.9595008380711078643798828125">
        <ele>942.79998779296875</ele>
        <time>2026-04-13T02:45:32.000Z</time>
        <extensions>
          <ns3:TrackPointExtension/>
        </extensions>
      </trkpt>
      <trkpt lat="-41.6531355679035186767578125" lon="145.95944493077695369720458984375">
        <ele>943.5999755859375</ele>
        <time>2026-04-13T02:45:41.000Z</time>
        <extensions>
          <ns3:TrackPointExtension/>
        </extensions>
      </trkpt>
      <trkpt lat="-41.6529878787696361541748046875" lon="145.959314592182636260986328125">
        <ele>945.4000244140625</ele>
        <time>2026-04-13T02:45:54.000Z</time>
        <extensions>
          <ns3:TrackPointExtension/>
        </extensions>
      </trkpt>
      <trkpt lat="-41.652868688106536865234375" lon="145.95917335711419582366943359375">
        <ele>946.79998779296875</ele>
        <time>2026-04-13T02:46:05.000Z</time>
        <extensions>
          <ns3:TrackPointExtension/>
        </extensions>
      </trkpt>
      <trkpt lat="-41.6527555324137210845947265625" lon="145.95905886031687259674072265625">
        <ele>947.79998779296875</ele>
        <time>2026-04-13T02:46:15.000Z</time>
        <extensions>
          <ns3:TrackPointExtension/>
        </extensions>
      </trkpt>
      <trkpt lat="-41.65271152742207050323486328125" lon="145.9589741192758083343505859375">
        <ele>948.20001220703125</ele>
        <time>2026-04-13T02:46:20.000Z</time>
        <extensions>
          <ns3:TrackPointExtension/>
        </extensions>
      </trkpt>
      <trkpt lat="-41.65269895456731319427490234375" lon="145.95896364189684391021728515625">
        <ele>948.20001220703125</ele>
        <time>2026-04-13T02:46:21.000Z</time>
        <extensions>
          <ns3:TrackPointExtension/>
        </extensions>
      </trkpt>
      <trkpt lat="-41.6525922529399394989013671875" lon="145.958843193948268890380859375">
        <ele>948.20001220703125</ele>
        <time>2026-04-13T02:46:32.000Z</time>
        <extensions>
          <ns3:TrackPointExtension/>
        </extensions>
      </trkpt>
      <trkpt lat="-41.65255327709019184112548828125" lon="145.95872643403708934783935546875">
        <ele>948</ele>
        <time>2026-04-13T02:46:43.000Z</time>
        <extensions>
          <ns3:TrackPointExtension/>
        </extensions>
      </trkpt>
      <trkpt lat="-41.6525481641292572021484375" lon="145.9587122686207294464111328125">
        <ele>948</ele>
        <time>2026-04-13T02:46:44.000Z</time>
        <extensions>
          <ns3:TrackPointExtension/>
        </extensions>
      </trkpt>
      <trkpt lat="-41.6525422967970371246337890625" lon="145.9586975164711475372314453125">
        <ele>948</ele>
        <time>2026-04-13T02:46:45.000Z</time>
        <extensions>
          <ns3:TrackPointExtension/>
        </extensions>
      </trkpt>
      <trkpt lat="-41.652534417808055877685546875" lon="145.95868117175996303558349609375">
        <ele>948</ele>
        <time>2026-04-13T02:46:46.000Z</time>
        <extensions>
          <ns3:TrackPointExtension/>
        </extensions>
      </trkpt>
      <trkpt lat="-41.65252561680972576141357421875" lon="145.9586639888584613800048828125">
        <ele>948.20001220703125</ele>
        <time>2026-04-13T02:46:47.000Z</time>
        <extensions>
          <ns3:TrackPointExtension/>
        </extensions>
      </trkpt>
      <trkpt lat="-41.6524517722427845001220703125" lon="145.9585771523416042327880859375">
        <ele>948.5999755859375</ele>
        <time>2026-04-13T02:46:54.000Z</time>
        <extensions>
          <ns3:TrackPointExtension/>
        </extensions>
      </trkpt>
      <trkpt lat="-41.652437187731266021728515625" lon="145.958575643599033355712890625">
        <ele>948.79998779296875</ele>
        <time>2026-04-13T02:46:55.000Z</time>
        <extensions>
          <ns3:TrackPointExtension/>
        </extensions>
      </trkpt>
      <trkpt lat="-41.65242453105747699737548828125" lon="145.9585766494274139404296875">
        <ele>948.79998779296875</ele>
        <time>2026-04-13T02:46:56.000Z</time>
        <extensions>
          <ns3:TrackPointExtension/>
        </extensions>
      </trkpt>
      <trkpt lat="-41.65241028182208538055419921875" lon="145.95857589505612850189208984375">
        <ele>949</ele>
        <time>2026-04-13T02:46:57.000Z</time>
        <extensions>
          <ns3:TrackPointExtension/>
        </extensions>
      </trkpt>
      <trkpt lat="-41.65239502675831317901611328125" lon="145.9585751406848430633544921875">
        <ele>949</ele>
        <time>2026-04-13T02:46:58.000Z</time>
        <extensions>
          <ns3:TrackPointExtension/>
        </extensions>
      </trkpt>
      <trkpt lat="-41.652381531894207000732421875" lon="145.95857455395162105560302734375">
        <ele>949.20001220703125</ele>
        <time>2026-04-13T02:46:59.000Z</time>
        <extensions>
          <ns3:TrackPointExtension/>
        </extensions>
      </trkpt>
      <trkpt lat="-41.652368120849132537841796875" lon="145.958574973046779632568359375">
        <ele>949.20001220703125</ele>
        <time>2026-04-13T02:47:00.000Z</time>
        <extensions>
          <ns3:TrackPointExtension/>
        </extensions>
      </trkpt>
      <trkpt lat="-41.65235437452793121337890625" lon="145.9585784934461116790771484375">
        <ele>949.4000244140625</ele>
        <time>2026-04-13T02:47:01.000Z</time>
        <extensions>
          <ns3:TrackPointExtension/>
        </extensions>
      </trkpt>
      <trkpt lat="-41.6523434780538082122802734375" lon="145.9585848636925220489501953125">
        <ele>949.4000244140625</ele>
        <time>2026-04-13T02:47:02.000Z</time>
        <extensions>
          <ns3:TrackPointExtension/>
        </extensions>
      </trkpt>
      <trkpt lat="-41.65233367122709751129150390625" lon="145.95858913846313953399658203125">
        <ele>949.5999755859375</ele>
        <time>2026-04-13T02:47:03.000Z</time>
        <extensions>
          <ns3:TrackPointExtension/>
        </extensions>
      </trkpt>
      <trkpt lat="-41.6523226909339427947998046875" lon="145.95859182067215442657470703125">
        <ele>949.5999755859375</ele>
        <time>2026-04-13T02:47:04.000Z</time>
        <extensions>
          <ns3:TrackPointExtension/>
        </extensions>
      </trkpt>
      <trkpt lat="-41.65230668149888515472412109375" lon="145.95859735272824764251708984375">
        <ele>949.5999755859375</ele>
        <time>2026-04-13T02:47:05.000Z</time>
        <extensions>
          <ns3:TrackPointExtension/>
        </extensions>
      </trkpt>
      <trkpt lat="-41.65227927267551422119140625" lon="145.95860204659402370452880859375">
        <ele>949.79998779296875</ele>
        <time>2026-04-13T02:47:07.000Z</time>
        <extensions>
          <ns3:TrackPointExtension/>
        </extensions>
      </trkpt>
      <trkpt lat="-41.65226586163043975830078125" lon="145.958599783480167388916015625">
        <ele>950</ele>
        <time>2026-04-13T02:47:08.000Z</time>
        <extensions>
          <ns3:TrackPointExtension/>
        </extensions>
      </trkpt>
      <trkpt lat="-41.652250774204730987548828125" lon="145.9586002863943576812744140625">
        <ele>950.20001220703125</ele>
        <time>2026-04-13T02:47:09.000Z</time>
        <extensions>
          <ns3:TrackPointExtension/>
        </extensions>
      </trkpt>
      <trkpt lat="-41.65223828516900539398193359375" lon="145.9585989452898502349853515625">
        <ele>950.4000244140625</ele>
        <time>2026-04-13T02:47:10.000Z</time>
        <extensions>
          <ns3:TrackPointExtension/>
        </extensions>
      </trkpt>
      <trkpt lat="-41.652226634323596954345703125" lon="145.9585965983569622039794921875">
        <ele>950.5999755859375</ele>
        <time>2026-04-13T02:47:11.000Z</time>
        <extensions>
          <ns3:TrackPointExtension/>
        </extensions>
      </trkpt>
      <trkpt lat="-41.6522120498120784759521484375" lon="145.958591066300868988037109375">
        <ele>951</ele>
        <time>2026-04-13T02:47:12.000Z</time>
        <extensions>
          <ns3:TrackPointExtension/>
        </extensions>
      </trkpt>
      <trkpt lat="-41.65215882472693920135498046875" lon="145.95855544321238994598388671875">
        <ele>951.79998779296875</ele>
        <time>2026-04-13T02:47:17.000Z</time>
        <extensions>
          <ns3:TrackPointExtension/>
        </extensions>
      </trkpt>
      <trkpt lat="-41.65210752747952938079833984375" lon="145.95852225087583065032958984375">
        <ele>952.4000244140625</ele>
        <time>2026-04-13T02:47:22.000Z</time>
        <extensions>
          <ns3:TrackPointExtension/>
        </extensions>
      </trkpt>
      <trkpt lat="-41.65209663100540637969970703125" lon="145.95854454673826694488525390625">
        <ele>952.79998779296875</ele>
        <time>2026-04-13T02:47:24.000Z</time>
        <extensions>
          <ns3:TrackPointExtension/>
        </extensions>
      </trkpt>
      <trkpt lat="-41.6520963795483112335205078125" lon="145.95856114290654659271240234375">
        <ele>952.79998779296875</ele>
        <time>2026-04-13T02:47:25.000Z</time>
        <extensions>
          <ns3:TrackPointExtension/>
        </extensions>
      </trkpt>
      <trkpt lat="-41.65206142701208591461181640625" lon="145.958749316632747650146484375">
        <ele>953.5999755859375</ele>
        <time>2026-04-13T02:47:35.000Z</time>
        <extensions>
          <ns3:TrackPointExtension/>
        </extensions>
      </trkpt>
      <trkpt lat="-41.652011387050151824951171875" lon="145.95898023806512355804443359375">
        <ele>952.79998779296875</ele>
        <time>2026-04-13T02:47:48.000Z</time>
        <extensions>
          <ns3:TrackPointExtension/>
        </extensions>
      </trkpt>
      <trkpt lat="-41.6520122252404689788818359375" lon="145.95899918116629123687744140625">
        <ele>952.5999755859375</ele>
        <time>2026-04-13T02:47:49.000Z</time>
        <extensions>
          <ns3:TrackPointExtension/>
        </extensions>
      </trkpt>
      <trkpt lat="-41.65201365016400814056396484375" lon="145.95901795662939548492431640625">
        <ele>952.5999755859375</ele>
        <time>2026-04-13T02:47:50.000Z</time>
        <extensions>
          <ns3:TrackPointExtension/>
        </extensions>
      </trkpt>
      <trkpt lat="-41.6520130634307861328125" lon="145.959035642445087432861328125">
        <ele>952.5999755859375</ele>
        <time>2026-04-13T02:47:51.000Z</time>
        <extensions>
          <ns3:TrackPointExtension/>
        </extensions>
      </trkpt>
      <trkpt lat="-41.652007363736629486083984375" lon="145.959087945520877838134765625">
        <ele>952.4000244140625</ele>
        <time>2026-04-13T02:47:54.000Z</time>
        <extensions>
          <ns3:TrackPointExtension/>
        </extensions>
      </trkpt>
      <trkpt lat="-41.65196545422077178955078125" lon="145.95916765742003917694091796875">
        <ele>952.79998779296875</ele>
        <time>2026-04-13T02:47:59.000Z</time>
        <extensions>
          <ns3:TrackPointExtension/>
        </extensions>
      </trkpt>
      <trkpt lat="-41.6519602574408054351806640625" lon="145.9591870196163654327392578125">
        <ele>952.79998779296875</ele>
        <time>2026-04-13T02:48:00.000Z</time>
        <extensions>
          <ns3:TrackPointExtension/>
        </extensions>
      </trkpt>
      <trkpt lat="-41.6519575752317905426025390625" lon="145.95920437015593051910400390625">
        <ele>952.79998779296875</ele>
        <time>2026-04-13T02:48:01.000Z</time>
        <extensions>
          <ns3:TrackPointExtension/>
        </extensions>
      </trkpt>
      <trkpt lat="-41.65195447392761707305908203125" lon="145.95922012813389301300048828125">
        <ele>952.79998779296875</ele>
        <time>2026-04-13T02:48:02.000Z</time>
        <extensions>
          <ns3:TrackPointExtension/>
        </extensions>
      </trkpt>
      <trkpt lat="-41.6519501991569995880126953125" lon="145.95923722721636295318603515625">
        <ele>952.79998779296875</ele>
        <time>2026-04-13T02:48:03.000Z</time>
        <extensions>
          <ns3:TrackPointExtension/>
        </extensions>
      </trkpt>
      <trkpt lat="-41.6519253887236118316650390625" lon="145.95946253277361392974853515625">
        <ele>951.79998779296875</ele>
        <time>2026-04-13T02:48:14.000Z</time>
        <extensions>
          <ns3:TrackPointExtension/>
        </extensions>
      </trkpt>
      <trkpt lat="-41.651843078434467315673828125" lon="145.95964886248111724853515625">
        <ele>951.20001220703125</ele>
        <time>2026-04-13T02:48:25.000Z</time>
        <extensions>
          <ns3:TrackPointExtension/>
        </extensions>
      </trkpt>
      <trkpt lat="-41.65175649337470531463623046875" lon="145.95979847945272922515869140625">
        <ele>950.20001220703125</ele>
        <time>2026-04-13T02:48:35.000Z</time>
        <extensions>
          <ns3:TrackPointExtension/>
        </extensions>
      </trkpt>
      <trkpt lat="-41.6517453454434871673583984375" lon="145.959848351776599884033203125">
        <ele>949.79998779296875</ele>
        <time>2026-04-13T02:48:38.000Z</time>
        <extensions>
          <ns3:TrackPointExtension/>
        </extensions>
      </trkpt>
      <trkpt lat="-41.65174995549023151397705078125" lon="145.95986503176391124725341796875">
        <ele>949.4000244140625</ele>
        <time>2026-04-13T02:48:39.000Z</time>
        <extensions>
          <ns3:TrackPointExtension/>
        </extensions>
      </trkpt>
      <trkpt lat="-41.65184115059673786163330078125" lon="145.9600345976650714874267578125">
        <ele>946</ele>
        <time>2026-04-13T02:48:50.000Z</time>
        <extensions>
          <ns3:TrackPointExtension/>
        </extensions>
      </trkpt>
      <trkpt lat="-41.65183997713029384613037109375" lon="145.960233919322490692138671875">
        <ele>943.4000244140625</ele>
        <time>2026-04-13T02:49:00.000Z</time>
        <extensions>
          <ns3:TrackPointExtension/>
        </extensions>
      </trkpt>
      <trkpt lat="-41.65183176286518573760986328125" lon="145.96025294624269008636474609375">
        <ele>943.20001220703125</ele>
        <time>2026-04-13T02:49:01.000Z</time>
        <extensions>
          <ns3:TrackPointExtension/>
        </extensions>
      </trkpt>
      <trkpt lat="-41.65182597935199737548828125" lon="145.960273481905460357666015625">
        <ele>943</ele>
        <time>2026-04-13T02:49:02.000Z</time>
        <extensions>
          <ns3:TrackPointExtension/>
        </extensions>
      </trkpt>
      <trkpt lat="-41.651769317686557769775390625" lon="145.96047942526638507843017578125">
        <ele>940.5999755859375</ele>
        <time>2026-04-13T02:49:13.000Z</time>
        <extensions>
          <ns3:TrackPointExtension/>
        </extensions>
      </trkpt>
      <trkpt lat="-41.65175112895667552947998046875" lon="145.9605753980576992034912109375">
        <ele>940</ele>
        <time>2026-04-13T02:49:18.000Z</time>
        <extensions>
          <ns3:TrackPointExtension/>
        </extensions>
      </trkpt>
      <trkpt lat="-41.65174392051994800567626953125" lon="145.9605921618640422821044921875">
        <ele>939.79998779296875</ele>
        <time>2026-04-13T02:49:19.000Z</time>
        <extensions>
          <ns3:TrackPointExtension/>
        </extensions>
      </trkpt>
      <trkpt lat="-41.65166965685784816741943359375" lon="145.9606669284403324127197265625">
        <ele>939</ele>
        <time>2026-04-13T02:49:26.000Z</time>
        <extensions>
          <ns3:TrackPointExtension/>
        </extensions>
      </trkpt>
      <trkpt lat="-41.65165624581277370452880859375" lon="145.9606716223061084747314453125">
        <ele>938.79998779296875</ele>
        <time>2026-04-13T02:49:27.000Z</time>
        <extensions>
          <ns3:TrackPointExtension/>
        </extensions>
      </trkpt>
      <trkpt lat="-41.65164367295801639556884765625" lon="145.96067748963832855224609375">
        <ele>938.79998779296875</ele>
        <time>2026-04-13T02:49:28.000Z</time>
        <extensions>
          <ns3:TrackPointExtension/>
        </extensions>
      </trkpt>
      <trkpt lat="-41.6516316868364810943603515625" lon="145.96068092621862888336181640625">
        <ele>938.79998779296875</ele>
        <time>2026-04-13T02:49:29.000Z</time>
        <extensions>
          <ns3:TrackPointExtension/>
        </extensions>
      </trkpt>
      <trkpt lat="-41.6516182757914066314697265625" lon="145.96068763174116611480712890625">
        <ele>938.5999755859375</ele>
        <time>2026-04-13T02:49:30.000Z</time>
        <extensions>
          <ns3:TrackPointExtension/>
        </extensions>
      </trkpt>
      <trkpt lat="-41.65160603821277618408203125" lon="145.96069852821528911590576171875">
        <ele>938.5999755859375</ele>
        <time>2026-04-13T02:49:31.000Z</time>
        <extensions>
          <ns3:TrackPointExtension/>
        </extensions>
      </trkpt>
      <trkpt lat="-41.65159589610993862152099609375" lon="145.96070967614650726318359375">
        <ele>938.4000244140625</ele>
        <time>2026-04-13T02:49:32.000Z</time>
        <extensions>
          <ns3:TrackPointExtension/>
        </extensions>
      </trkpt>
      <trkpt lat="-41.6514945589005947113037109375" lon="145.96084537915885448455810546875">
        <ele>937.5999755859375</ele>
        <time>2026-04-13T02:49:43.000Z</time>
        <extensions>
          <ns3:TrackPointExtension/>
        </extensions>
      </trkpt>
      <trkpt lat="-41.651484668254852294921875" lon="145.9608640708029270172119140625">
        <ele>937.5999755859375</ele>
        <time>2026-04-13T02:49:44.000Z</time>
        <extensions>
          <ns3:TrackPointExtension/>
        </extensions>
      </trkpt>
      <trkpt lat="-41.65147486142814159393310546875" lon="145.96088125370442867279052734375">
        <ele>937.4000244140625</ele>
        <time>2026-04-13T02:49:45.000Z</time>
        <extensions>
          <ns3:TrackPointExtension/>
        </extensions>
      </trkpt>
      <trkpt lat="-41.65146731771528720855712890625" lon="145.96089768223464488983154296875">
        <ele>937.4000244140625</ele>
        <time>2026-04-13T02:49:46.000Z</time>
        <extensions>
          <ns3:TrackPointExtension/>
        </extensions>
      </trkpt>
      <trkpt lat="-41.65146077983081340789794921875" lon="145.96091561950743198394775390625">
        <ele>937.20001220703125</ele>
        <time>2026-04-13T02:49:47.000Z</time>
        <extensions>
          <ns3:TrackPointExtension/>
        </extensions>
      </trkpt>
      <trkpt lat="-41.65145449340343475341796875" lon="145.96093364059925079345703125">
        <ele>937.20001220703125</ele>
        <time>2026-04-13T02:49:48.000Z</time>
        <extensions>
          <ns3:TrackPointExtension/>
        </extensions>
      </trkpt>
      <trkpt lat="-41.651447452604770660400390625" lon="145.96094747073948383331298828125">
        <ele>937.20001220703125</ele>
        <time>2026-04-13T02:49:49.000Z</time>
        <extensions>
          <ns3:TrackPointExtension/>
        </extensions>
      </trkpt>
      <trkpt lat="-41.65143948979675769805908203125" lon="145.9609626419842243194580078125">
        <ele>937</ele>
        <time>2026-04-13T02:49:50.000Z</time>
        <extensions>
          <ns3:TrackPointExtension/>
        </extensions>
      </trkpt>
      <trkpt lat="-41.651397161185741424560546875" lon="145.96113136969506740570068359375">
        <ele>937</ele>
        <time>2026-04-13T02:50:00.000Z</time>
        <extensions>
          <ns3:TrackPointExtension/>
        </extensions>
      </trkpt>
      <trkpt lat="-41.651316694915294647216796875" lon="145.96129196695983409881591796875">
        <ele>936.79998779296875</ele>
        <time>2026-04-13T02:50:10.000Z</time>
        <extensions>
          <ns3:TrackPointExtension/>
        </extensions>
      </trkpt>
      <trkpt lat="-41.65129766799509525299072265625" lon="145.96131979487836360931396484375">
        <ele>936.79998779296875</ele>
        <time>2026-04-13T02:50:12.000Z</time>
        <extensions>
          <ns3:TrackPointExtension/>
        </extensions>
      </trkpt>
      <trkpt lat="-41.65129146538674831390380859375" lon="145.961334966123104095458984375">
        <ele>936.5999755859375</ele>
        <time>2026-04-13T02:50:13.000Z</time>
        <extensions>
          <ns3:TrackPointExtension/>
        </extensions>
      </trkpt>
      <trkpt lat="-41.6512821614742279052734375" lon="145.96134896390140056610107421875">
        <ele>936.5999755859375</ele>
        <time>2026-04-13T02:50:14.000Z</time>
        <extensions>
          <ns3:TrackPointExtension/>
        </extensions>
      </trkpt>
      <trkpt lat="-41.65120848454535007476806640625" lon="145.96144535578787326812744140625">
        <ele>936.20001220703125</ele>
        <time>2026-04-13T02:50:22.000Z</time>
        <extensions>
          <ns3:TrackPointExtension/>
        </extensions>
      </trkpt>
      <trkpt lat="-41.6511954925954341888427734375" lon="145.96144326031208038330078125">
        <ele>936.20001220703125</ele>
        <time>2026-04-13T02:50:23.000Z</time>
        <extensions>
          <ns3:TrackPointExtension/>
        </extensions>
      </trkpt>
      <trkpt lat="-41.65118216536939144134521484375" lon="145.96143932081758975982666015625">
        <ele>936.20001220703125</ele>
        <time>2026-04-13T02:50:24.000Z</time>
        <extensions>
          <ns3:TrackPointExtension/>
        </extensions>
      </trkpt>
      <trkpt lat="-41.651167832314968109130859375" lon="145.96143747679889202117919921875">
        <ele>936.20001220703125</ele>
        <time>2026-04-13T02:50:25.000Z</time>
        <extensions>
          <ns3:TrackPointExtension/>
        </extensions>
      </trkpt>
      <trkpt lat="-41.651153750717639923095703125" lon="145.96143563278019428253173828125">
        <ele>936.20001220703125</ele>
        <time>2026-04-13T02:50:26.000Z</time>
        <extensions>
          <ns3:TrackPointExtension/>
        </extensions>
      </trkpt>
      <trkpt lat="-41.65114126168191432952880859375" lon="145.9614303521811962127685546875">
        <ele>936.4000244140625</ele>
        <time>2026-04-13T02:50:27.000Z</time>
        <extensions>
          <ns3:TrackPointExtension/>
        </extensions>
      </trkpt>
      <trkpt lat="-41.65112935937941074371337890625" lon="145.9614229761064052581787109375">
        <ele>936.5999755859375</ele>
        <time>2026-04-13T02:50:28.000Z</time>
        <extensions>
          <ns3:TrackPointExtension/>
        </extensions>
      </trkpt>
      <trkpt lat="-41.6511173732578754425048828125" lon="145.96141283400356769561767578125">
        <ele>936.5999755859375</ele>
        <time>2026-04-13T02:50:29.000Z</time>
        <extensions>
          <ns3:TrackPointExtension/>
        </extensions>
      </trkpt>
      <trkpt lat="-41.65101234801113605499267578125" lon="145.96131627447903156280517578125">
        <ele>937.5999755859375</ele>
        <time>2026-04-13T02:50:39.000Z</time>
        <extensions>
          <ns3:TrackPointExtension/>
        </extensions>
      </trkpt>
      <trkpt lat="-41.6509388387203216552734375" lon="145.96111443825066089630126953125">
        <ele>938.4000244140625</ele>
        <time>2026-04-13T02:50:51.000Z</time>
        <extensions>
          <ns3:TrackPointExtension/>
        </extensions>
      </trkpt>
      <trkpt lat="-41.6508575342595577239990234375" lon="145.96100966446101665496826171875">
        <ele>939.79998779296875</ele>
        <time>2026-04-13T02:50:59.000Z</time>
        <extensions>
          <ns3:TrackPointExtension/>
        </extensions>
      </trkpt>
      <trkpt lat="-41.65082325227558612823486328125" lon="145.9609864465892314910888671875">
        <ele>940.20001220703125</ele>
        <time>2026-04-13T02:51:02.000Z</time>
        <extensions>
          <ns3:TrackPointExtension/>
        </extensions>
      </trkpt>
      <trkpt lat="-41.6507036425173282623291015625" lon="145.9609130211174488067626953125">
        <ele>941.5999755859375</ele>
        <time>2026-04-13T02:51:12.000Z</time>
        <extensions>
          <ns3:TrackPointExtension/>
        </extensions>
      </trkpt>
      <trkpt lat="-41.65067665278911590576171875" lon="145.9609076566994190216064453125">
        <ele>941.79998779296875</ele>
        <time>2026-04-13T02:51:14.000Z</time>
        <extensions>
          <ns3:TrackPointExtension/>
        </extensions>
      </trkpt>
      <trkpt lat="-41.65065326727926731109619140625" lon="145.96090304665267467498779296875">
        <ele>942</ele>
        <time>2026-04-13T02:51:16.000Z</time>
        <extensions>
          <ns3:TrackPointExtension/>
        </extensions>
      </trkpt>
      <trkpt lat="-41.6505933366715908050537109375" lon="145.9608969278633594512939453125">
        <ele>943</ele>
        <time>2026-04-13T02:51:21.000Z</time>
        <extensions>
          <ns3:TrackPointExtension/>
        </extensions>
      </trkpt>
      <trkpt lat="-41.65051043964922428131103515625" lon="145.96101544797420501708984375">
        <ele>942.4000244140625</ele>
        <time>2026-04-13T02:51:31.000Z</time>
        <extensions>
          <ns3:TrackPointExtension/>
        </extensions>
      </trkpt>
      <trkpt lat="-41.6505123674869537353515625" lon="145.961031876504421234130859375">
        <ele>942.20001220703125</ele>
        <time>2026-04-13T02:51:32.000Z</time>
        <extensions>
          <ns3:TrackPointExtension/>
        </extensions>
      </trkpt>
      <trkpt lat="-41.65047473274171352386474609375" lon="145.96108694560825824737548828125">
        <ele>942</ele>
        <time>2026-04-13T02:51:37.000Z</time>
        <extensions>
          <ns3:TrackPointExtension/>
        </extensions>
      </trkpt>
      <trkpt lat="-41.65039644576609134674072265625" lon="145.961188785731792449951171875">
        <ele>941.79998779296875</ele>
        <time>2026-04-13T02:51:50.000Z</time>
        <extensions>
          <ns3:TrackPointExtension/>
        </extensions>
      </trkpt>
      <trkpt lat="-41.65037817321717739105224609375" lon="145.961177051067352294921875">
        <ele>942</ele>
        <time>2026-04-13T02:52:05.000Z</time>
        <extensions>
          <ns3:TrackPointExtension/>
        </extensions>
      </trkpt>
      <trkpt lat="-41.65042947046458721160888671875" lon="145.96118886955082416534423828125">
        <ele>941.5999755859375</ele>
        <time>2026-04-13T02:52:17.000Z</time>
        <extensions>
          <ns3:TrackPointExtension/>
        </extensions>
      </trkpt>
      <trkpt lat="-41.65045344270765781402587890625" lon="145.96127905882894992828369140625">
        <ele>940.79998779296875</ele>
        <time>2026-04-13T02:52:28.000Z</time>
        <extensions>
          <ns3:TrackPointExtension/>
        </extensions>
      </trkpt>
      <trkpt lat="-41.6503998823463916778564453125" lon="145.96143898554146289825439453125">
        <ele>940</ele>
        <time>2026-04-13T02:52:41.000Z</time>
        <extensions>
          <ns3:TrackPointExtension/>
        </extensions>
      </trkpt>
      <trkpt lat="-41.65033894591033458709716796875" lon="145.9615123271942138671875">
        <ele>940</ele>
        <time>2026-04-13T02:52:55.000Z</time>
        <extensions>
          <ns3:TrackPointExtension/>
        </extensions>
      </trkpt>
      <trkpt lat="-41.65033592842519283294677734375" lon="145.96149816177785396575927734375">
        <ele>940</ele>
        <time>2026-04-13T02:53:11.000Z</time>
        <extensions>
          <ns3:TrackPointExtension/>
        </extensions>
      </trkpt>
      <trkpt lat="-41.6503851301968097686767578125" lon="145.96156337298452854156494140625">
        <ele>939.5999755859375</ele>
        <time>2026-04-13T02:53:29.000Z</time>
        <extensions>
          <ns3:TrackPointExtension/>
        </extensions>
      </trkpt>
      <trkpt lat="-41.65017147548496723175048828125" lon="145.96142406575381755828857421875">
        <ele>942.20001220703125</ele>
        <time>2026-04-13T02:53:55.000Z</time>
        <extensions>
          <ns3:TrackPointExtension/>
        </extensions>
      </trkpt>
      <trkpt lat="-41.6501551307737827301025390625" lon="145.961420796811580657958984375">
        <ele>942.4000244140625</ele>
        <time>2026-04-13T02:53:57.000Z</time>
        <extensions>
          <ns3:TrackPointExtension/>
        </extensions>
      </trkpt>
      <trkpt lat="-41.6501038335263729095458984375" lon="145.96142507158219814300537109375">
        <ele>943</ele>
        <time>2026-04-13T02:54:01.000Z</time>
        <extensions>
          <ns3:TrackPointExtension/>
        </extensions>
      </trkpt>
      <trkpt lat="-41.6498808749020099639892578125" lon="145.96148483455181121826171875">
        <ele>943.20001220703125</ele>
        <time>2026-04-13T02:54:19.000Z</time>
        <extensions>
          <ns3:TrackPointExtension/>
        </extensions>
      </trkpt>
      <trkpt lat="-41.6497403942048549652099609375" lon="145.9615458548069000244140625">
        <ele>942.79998779296875</ele>
        <time>2026-04-13T02:54:31.000Z</time>
        <extensions>
          <ns3:TrackPointExtension/>
        </extensions>
      </trkpt>
      <trkpt lat="-41.649608127772808074951171875" lon="145.9616378881037235260009765625">
        <ele>942.20001220703125</ele>
        <time>2026-04-13T02:54:43.000Z</time>
        <extensions>
          <ns3:TrackPointExtension/>
        </extensions>
      </trkpt>
      <trkpt lat="-41.64953763596713542938232421875" lon="145.96166613511741161346435546875">
        <ele>942</ele>
        <time>2026-04-13T02:54:49.000Z</time>
        <extensions>
          <ns3:TrackPointExtension/>
        </extensions>
      </trkpt>
      <trkpt lat="-41.64952573366463184356689453125" lon="145.9616719186305999755859375">
        <ele>941.79998779296875</ele>
        <time>2026-04-13T02:54:50.000Z</time>
        <extensions>
          <ns3:TrackPointExtension/>
        </extensions>
      </trkpt>
      <trkpt lat="-41.64951265789568424224853515625" lon="145.96167267300188541412353515625">
        <ele>941.79998779296875</ele>
        <time>2026-04-13T02:54:51.000Z</time>
        <extensions>
          <ns3:TrackPointExtension/>
        </extensions>
      </trkpt>
      <trkpt lat="-41.64949907921254634857177734375" lon="145.9616710804402828216552734375">
        <ele>941.79998779296875</ele>
        <time>2026-04-13T02:54:52.000Z</time>
        <extensions>
          <ns3:TrackPointExtension/>
        </extensions>
      </trkpt>
      <trkpt lat="-41.64948667399585247039794921875" lon="145.961669571697711944580078125">
        <ele>942</ele>
        <time>2026-04-13T02:54:53.000Z</time>
        <extensions>
          <ns3:TrackPointExtension/>
        </extensions>
      </trkpt>
      <trkpt lat="-41.64947242476046085357666015625" lon="145.9616687335073947906494140625">
        <ele>942</ele>
        <time>2026-04-13T02:54:54.000Z</time>
        <extensions>
          <ns3:TrackPointExtension/>
        </extensions>
      </trkpt>
      <trkpt lat="-41.649329848587512969970703125" lon="145.96166898496448993682861328125">
        <ele>942</ele>
        <time>2026-04-13T02:55:05.000Z</time>
        <extensions>
          <ns3:TrackPointExtension/>
        </extensions>
      </trkpt>
      <trkpt lat="-41.6493152640759944915771484375" lon="145.96166814677417278289794921875">
        <ele>942</ele>
        <time>2026-04-13T02:55:06.000Z</time>
        <extensions>
          <ns3:TrackPointExtension/>
        </extensions>
      </trkpt>
      <trkpt lat="-41.64930202066898345947265625" lon="145.96166999079287052154541015625">
        <ele>942</ele>
        <time>2026-04-13T02:55:07.000Z</time>
        <extensions>
          <ns3:TrackPointExtension/>
        </extensions>
      </trkpt>
      <trkpt lat="-41.64916564710438251495361328125" lon="145.96175833605229854583740234375">
        <ele>941.4000244140625</ele>
        <time>2026-04-13T02:55:19.000Z</time>
        <extensions>
          <ns3:TrackPointExtension/>
        </extensions>
      </trkpt>
      <trkpt lat="-41.649147458374500274658203125" lon="145.96178247593343257904052734375">
        <ele>941.20001220703125</ele>
        <time>2026-04-13T02:55:30.000Z</time>
        <extensions>
          <ns3:TrackPointExtension/>
        </extensions>
      </trkpt>
      <trkpt lat="-41.6491479612886905670166015625" lon="145.961783230304718017578125">
        <ele>941.20001220703125</ele>
        <time>2026-04-13T02:55:35.000Z</time>
        <extensions>
          <ns3:TrackPointExtension/>
        </extensions>
      </trkpt>
      <trkpt lat="-41.64914921857416629791259765625" lon="145.96178767271339893341064453125">
        <ele>941</ele>
        <time>2026-04-13T02:55:43.000Z</time>
        <extensions>
          <ns3:TrackPointExtension/>
        </extensions>
      </trkpt>
      <trkpt lat="-41.64914913475513458251953125" lon="145.96178784035146236419677734375">
        <ele>941</ele>
        <time>2026-04-13T02:56:07.000Z</time>
        <extensions>
          <ns3:TrackPointExtension/>
        </extensions>
      </trkpt>
      <trkpt lat="-41.64915139786899089813232421875" lon="145.96179521642625331878662109375">
        <ele>941</ele>
        <time>2026-04-13T02:56:41.000Z</time>
        <extensions>
          <ns3:TrackPointExtension/>
        </extensions>
      </trkpt>
      <trkpt lat="-41.64915123023092746734619140625" lon="145.9618006646633148193359375">
        <ele>941</ele>
        <time>2026-04-13T02:57:12.000Z</time>
        <extensions>
          <ns3:TrackPointExtension/>
        </extensions>
      </trkpt>
      <trkpt lat="-41.64914217777550220489501953125" lon="145.9618033468723297119140625">
        <ele>940.79998779296875</ele>
        <time>2026-04-13T02:57:40.000Z</time>
        <extensions>
          <ns3:TrackPointExtension/>
        </extensions>
      </trkpt>
      <trkpt lat="-41.649135388433933258056640625" lon="145.96179597079753875732421875">
        <ele>941</ele>
        <time>2026-04-13T02:58:19.000Z</time>
        <extensions>
          <ns3:TrackPointExtension/>
        </extensions>
      </trkpt>
      <trkpt lat="-41.64913346059620380401611328125" lon="145.96180267632007598876953125">
        <ele>940.79998779296875</ele>
        <time>2026-04-13T02:58:46.000Z</time>
        <extensions>
          <ns3:TrackPointExtension/>
        </extensions>
      </trkpt>
      <trkpt lat="-41.64913731627166271209716796875" lon="145.96180678345263004302978515625">
        <ele>940.79998779296875</ele>
        <time>2026-04-13T02:59:17.000Z</time>
        <extensions>
          <ns3:TrackPointExtension/>
        </extensions>
      </trkpt>
      <trkpt lat="-41.6491352207958698272705078125" lon="145.96181214787065982818603515625">
        <ele>940.79998779296875</ele>
        <time>2026-04-13T02:59:43.000Z</time>
        <extensions>
          <ns3:TrackPointExtension/>
        </extensions>
      </trkpt>
      <trkpt lat="-41.64913245476782321929931640625" lon="145.96181365661323070526123046875">
        <ele>940.79998779296875</ele>
        <time>2026-04-13T02:59:49.000Z</time>
        <extensions>
          <ns3:TrackPointExtension/>
        </extensions>
      </trkpt>
      <trkpt lat="-41.6491310298442840576171875" lon="145.961813740432262420654296875">
        <ele>940.79998779296875</ele>
        <time>2026-04-13T02:59:53.000Z</time>
        <extensions>
          <ns3:TrackPointExtension/>
        </extensions>
      </trkpt>
      <trkpt lat="-41.64912633597850799560546875" lon="145.96181399188935756683349609375">
        <ele>940.79998779296875</ele>
        <time>2026-04-13T03:00:19.000Z</time>
        <extensions>
          <ns3:TrackPointExtension/>
        </extensions>
      </trkpt>
      <trkpt lat="-41.64912038482725620269775390625" lon="145.96181206405162811279296875">
        <ele>940.79998779296875</ele>
        <time>2026-04-13T03:00:41.000Z</time>
        <extensions>
          <ns3:TrackPointExtension/>
        </extensions>
      </trkpt>
      <trkpt lat="-41.64912105537950992584228515625" lon="145.9618113934993743896484375">
        <ele>940.79998779296875</ele>
        <time>2026-04-13T03:01:11.000Z</time>
        <extensions>
          <ns3:TrackPointExtension/>
        </extensions>
      </trkpt>
      <trkpt lat="-41.64912457577884197235107421875" lon="145.961808376014232635498046875">
        <ele>940.79998779296875</ele>
        <time>2026-04-13T03:01:45.000Z</time>
        <extensions>
          <ns3:TrackPointExtension/>
        </extensions>
      </trkpt>
      <trkpt lat="-41.64912625215947628021240234375" lon="145.96180778928101062774658203125">
        <ele>940.79998779296875</ele>
        <time>2026-04-13T03:01:48.000Z</time>
        <extensions>
          <ns3:TrackPointExtension/>
        </extensions>
      </trkpt>
    </trkseg>
  </trk>
</gpx>
