<?xml version="1.0" encoding="UTF-8"?>
<TrainingCenterDatabase
  xsi:schemaLocation="http://www.garmin.com/xmlschemas/TrainingCenterDatabase/v2 http://www.garmin.com/xmlschemas/TrainingCenterDatabasev2.xsd"
  xmlns:ns5="http://www.garmin.com/xmlschemas/ActivityGoals/v1"
  xmlns:ns3="http://www.garmin.com/xmlschemas/ActivityExtension/v2"
  xmlns:ns2="http://www.garmin.com/xmlschemas/UserProfile/v2"
  xmlns="http://www.garmin.com/xmlschemas/TrainingCenterDatabase/v2"
  xmlns:xsi="http://www.w3.org/2001/XMLSchema-instance" xmlns:ns4="http://www.garmin.com/xmlschemas/ProfileExtension/v1">
  <Activities>
    <Activity Sport="Other">
      <Id>2026-04-13T00:22:57.000Z</Id>
      <Lap StartTime="2026-04-13T00:22:57.000Z">
        <TotalTimeSeconds>9531.0</TotalTimeSeconds>
        <DistanceMeters>7378.77</DistanceMeters>
        <MaximumSpeed>1.9600000381469729</MaximumSpeed>
        <Calories>0</Calories>
        <Intensity>Active</Intensity>
        <TriggerMethod>Manual</TriggerMethod>
        <Track>
          <Trackpoint>
            <Time>2026-04-13T00:22:57.000Z</Time>
            <Position>
              <LatitudeDegrees>-41.65018916130066</LatitudeDegrees>
              <LongitudeDegrees>145.96100253984332</LongitudeDegrees>
            </Position>
            <AltitudeMeters>943.4000244140625</AltitudeMeters>
            <Extensions>
              <ns3:TPX>
                <ns3:Speed>0.2199999988079071</ns3:Speed>
              </ns3:TPX>
            </Extensions>
          </Trackpoint>
          <Trackpoint>
            <Time>2026-04-13T00:22:58.000Z</Time>
            <Position>
              <LatitudeDegrees>-41.65018932893872</LatitudeDegrees>
              <LongitudeDegrees>145.96100253984332</LongitudeDegrees>
            </Position>
            <AltitudeMeters>943.4000244140625</AltitudeMeters>
            <DistanceMeters>0.019999999552965164</DistanceMeters>
            <Extensions>
              <ns3:TPX>
                <ns3:Speed>0.0</ns3:Speed>
              </ns3:TPX>
            </Extensions>
          </Trackpoint>
          <Trackpoint>
            <Time>2026-04-13T00:23:03.000Z</Time>
            <Position>
              <LatitudeDegrees>-41.650195363909006</LatitudeDegrees>
              <LongitudeDegrees>145.96102986484766</LongitudeDegrees>
            </Position>
            <AltitudeMeters>943.4000244140625</AltitudeMeters>
            <DistanceMeters>2.4100000858306885</DistanceMeters>
            <Extensions>
              <ns3:TPX>
                <ns3:Speed>1.059999942779541</ns3:Speed>
              </ns3:TPX>
            </Extensions>
          </Trackpoint>
          <Trackpoint>
            <Time>2026-04-13T00:23:08.000Z</Time>
            <Position>
              <LatitudeDegrees>-41.650226628407836</LatitudeDegrees>
              <LongitudeDegrees>145.96110647544265</LongitudeDegrees>
            </Position>
            <AltitudeMeters>949.4000244140625</AltitudeMeters>
            <DistanceMeters>9.729999542236328</DistanceMeters>
            <Extensions>
              <ns3:TPX>
                <ns3:Speed>1.5499999523162842</ns3:Speed>
              </ns3:TPX>
            </Extensions>
          </Trackpoint>
          <Trackpoint>
            <Time>2026-04-13T00:23:19.000Z</Time>
            <Position>
              <LatitudeDegrees>-41.65025822818279</LatitudeDegrees>
              <LongitudeDegrees>145.9611224848777</LongitudeDegrees>
            </Position>
            <AltitudeMeters>951.4000244140625</AltitudeMeters>
            <DistanceMeters>13.529999732971191</DistanceMeters>
            <Extensions>
              <ns3:TPX>
                <ns3:Speed>0.0</ns3:Speed>
              </ns3:TPX>
            </Extensions>
          </Trackpoint>
          <Trackpoint>
            <Time>2026-04-13T00:23:29.000Z</Time>
            <Position>
              <LatitudeDegrees>-41.650258898735046</LatitudeDegrees>
              <LongitudeDegrees>145.96112315542996</LongitudeDegrees>
            </Position>
            <AltitudeMeters>954.4000244140625</AltitudeMeters>
            <DistanceMeters>13.630000114440918</DistanceMeters>
            <Extensions>
              <ns3:TPX>
                <ns3:Speed>0.0</ns3:Speed>
              </ns3:TPX>
            </Extensions>
          </Trackpoint>
          <Trackpoint>
            <Time>2026-04-13T00:23:36.000Z</Time>
            <Position>
              <LatitudeDegrees>-41.65025554597378</LatitudeDegrees>
              <LongitudeDegrees>145.96113136969507</LongitudeDegrees>
            </Position>
            <AltitudeMeters>957.5999755859375</AltitudeMeters>
            <DistanceMeters>14.430000305175781</DistanceMeters>
            <Extensions>
              <ns3:TPX>
                <ns3:Speed>0.0</ns3:Speed>
              </ns3:TPX>
            </Extensions>
          </Trackpoint>
          <Trackpoint>
            <Time>2026-04-13T00:23:39.000Z</Time>
            <Position>
              <LatitudeDegrees>-41.65026292204857</LatitudeDegrees>
              <LongitudeDegrees>145.9611372370273</LongitudeDegrees>
            </Position>
            <AltitudeMeters>959.0</AltitudeMeters>
            <DistanceMeters>15.399999618530273</DistanceMeters>
            <Extensions>
              <ns3:TPX>
                <ns3:Speed>0.11999999731779099</ns3:Speed>
              </ns3:TPX>
            </Extensions>
          </Trackpoint>
          <Trackpoint>
            <Time>2026-04-13T00:23:56.000Z</Time>
            <Position>
              <LatitudeDegrees>-41.65026308968663</LatitudeDegrees>
              <LongitudeDegrees>145.96114587038755</LongitudeDegrees>
            </Position>
            <AltitudeMeters>960.4000244140625</AltitudeMeters>
            <DistanceMeters>16.1200008392334</DistanceMeters>
            <Extensions>
              <ns3:TPX>
                <ns3:Speed>0.949999988079071</ns3:Speed>
              </ns3:TPX>
            </Extensions>
          </Trackpoint>
          <Trackpoint>
            <Time>2026-04-13T00:23:59.000Z</Time>
            <Position>
              <LatitudeDegrees>-41.650281278416514</LatitudeDegrees>
              <LongitudeDegrees>145.9611726924777</LongitudeDegrees>
            </Position>
            <AltitudeMeters>960.5999755859375</AltitudeMeters>
            <DistanceMeters>19.170000076293945</DistanceMeters>
            <Extensions>
              <ns3:TPX>
                <ns3:Speed>1.0700000524520874</ns3:Speed>
              </ns3:TPX>
            </Extensions>
          </Trackpoint>
          <Trackpoint>
            <Time>2026-04-13T00:24:07.000Z</Time>
            <Position>
              <LatitudeDegrees>-41.65036425925791</LatitudeDegrees>
              <LongitudeDegrees>145.96109423786402</LongitudeDegrees>
            </Position>
            <AltitudeMeters>964.4000244140625</AltitudeMeters>
            <DistanceMeters>30.579999923706055</DistanceMeters>
            <Extensions>
              <ns3:TPX>
                <ns3:Speed>1.3200000524520874</ns3:Speed>
              </ns3:TPX>
            </Extensions>
          </Trackpoint>
          <Trackpoint>
            <Time>2026-04-13T00:24:09.000Z</Time>
            <Position>
              <LatitudeDegrees>-41.65038278326392</LatitudeDegrees>
              <LongitudeDegrees>145.96107286401093</LongitudeDegrees>
            </Position>
            <AltitudeMeters>965.2000122070312</AltitudeMeters>
            <DistanceMeters>33.31999969482422</DistanceMeters>
            <Extensions>
              <ns3:TPX>
                <ns3:Speed>1.3600000143051147</ns3:Speed>
              </ns3:TPX>
            </Extensions>
          </Trackpoint>
          <Trackpoint>
            <Time>2026-04-13T00:24:10.000Z</Time>
            <Position>
              <LatitudeDegrees>-41.650393260642886</LatitudeDegrees>
              <LongitudeDegrees>145.96106439828873</LongitudeDegrees>
            </Position>
            <AltitudeMeters>965.4000244140625</AltitudeMeters>
            <DistanceMeters>34.689998626708984</DistanceMeters>
            <Extensions>
              <ns3:TPX>
                <ns3:Speed>1.3700000047683716</ns3:Speed>
              </ns3:TPX>
            </Extensions>
          </Trackpoint>
          <Trackpoint>
            <Time>2026-04-13T00:24:26.000Z</Time>
            <Position>
              <LatitudeDegrees>-41.65054438635707</LatitudeDegrees>
              <LongitudeDegrees>145.96091645769775</LongitudeDegrees>
            </Position>
            <AltitudeMeters>966.5999755859375</AltitudeMeters>
            <DistanceMeters>55.720001220703125</DistanceMeters>
            <Extensions>
              <ns3:TPX>
                <ns3:Speed>1.1100000143051147</ns3:Speed>
              </ns3:TPX>
            </Extensions>
          </Trackpoint>
          <Trackpoint>
            <Time>2026-04-13T00:24:37.000Z</Time>
            <Position>
              <LatitudeDegrees>-41.65057028643787</LatitudeDegrees>
              <LongitudeDegrees>145.96090857870877</LongitudeDegrees>
            </Position>
            <AltitudeMeters>968.5999755859375</AltitudeMeters>
            <DistanceMeters>58.709999084472656</DistanceMeters>
            <Extensions>
              <ns3:TPX>
                <ns3:Speed>0.1599999964237213</ns3:Speed>
              </ns3:TPX>
            </Extensions>
          </Trackpoint>
          <Trackpoint>
            <Time>2026-04-13T00:24:41.000Z</Time>
            <Position>
              <LatitudeDegrees>-41.650575399398804</LatitudeDegrees>
              <LongitudeDegrees>145.9609102550894</LongitudeDegrees>
            </Position>
            <AltitudeMeters>969.2000122070312</AltitudeMeters>
            <DistanceMeters>59.29999923706055</DistanceMeters>
            <Extensions>
              <ns3:TPX>
                <ns3:Speed>1.100000023841858</ns3:Speed>
              </ns3:TPX>
            </Extensions>
          </Trackpoint>
          <Trackpoint>
            <Time>2026-04-13T00:24:47.000Z</Time>
            <Position>
              <LatitudeDegrees>-41.65064203552902</LatitudeDegrees>
              <LongitudeDegrees>145.96091335639358</LongitudeDegrees>
            </Position>
            <AltitudeMeters>971.4000244140625</AltitudeMeters>
            <DistanceMeters>66.80000305175781</DistanceMeters>
            <Extensions>
              <ns3:TPX>
                <ns3:Speed>1.3600000143051147</ns3:Speed>
              </ns3:TPX>
            </Extensions>
          </Trackpoint>
          <Trackpoint>
            <Time>2026-04-13T00:24:50.000Z</Time>
            <Position>
              <LatitudeDegrees>-41.6506686899811</LatitudeDegrees>
              <LongitudeDegrees>145.96092098392546</LongitudeDegrees>
            </Position>
            <AltitudeMeters>971.7999877929688</AltitudeMeters>
            <DistanceMeters>69.86000061035156</DistanceMeters>
            <Extensions>
              <ns3:TPX>
                <ns3:Speed>0.7400000095367432</ns3:Speed>
              </ns3:TPX>
            </Extensions>
          </Trackpoint>
          <Trackpoint>
            <Time>2026-04-13T00:24:57.000Z</Time>
            <Position>
              <LatitudeDegrees>-41.65073842741549</LatitudeDegrees>
              <LongitudeDegrees>145.96095987595618</LongitudeDegrees>
            </Position>
            <AltitudeMeters>973.4000244140625</AltitudeMeters>
            <DistanceMeters>78.36000061035156</DistanceMeters>
            <Extensions>
              <ns3:TPX>
                <ns3:Speed>1.3200000524520874</ns3:Speed>
              </ns3:TPX>
            </Extensions>
          </Trackpoint>
          <Trackpoint>
            <Time>2026-04-13T00:25:11.000Z</Time>
            <Position>
              <LatitudeDegrees>-41.65089474990964</LatitudeDegrees>
              <LongitudeDegrees>145.96107085235417</LongitudeDegrees>
            </Position>
            <AltitudeMeters>974.5999755859375</AltitudeMeters>
            <DistanceMeters>98.26000213623047</DistanceMeters>
            <Extensions>
              <ns3:TPX>
                <ns3:Speed>1.059999942779541</ns3:Speed>
              </ns3:TPX>
            </Extensions>
          </Trackpoint>
          <Trackpoint>
            <Time>2026-04-13T00:25:14.000Z</Time>
            <Position>
              <LatitudeDegrees>-41.650913525372744</LatitudeDegrees>
              <LongitudeDegrees>145.96109465695918</LongitudeDegrees>
            </Position>
            <AltitudeMeters>974.4000244140625</AltitudeMeters>
            <DistanceMeters>101.16000366210938</DistanceMeters>
            <Extensions>
              <ns3:TPX>
                <ns3:Speed>1.0</ns3:Speed>
              </ns3:TPX>
            </Extensions>
          </Trackpoint>
          <Trackpoint>
            <Time>2026-04-13T00:25:27.000Z</Time>
            <Position>
              <LatitudeDegrees>-41.65098678320646</LatitudeDegrees>
              <LongitudeDegrees>145.96128333359957</LongitudeDegrees>
            </Position>
            <AltitudeMeters>975.5999755859375</AltitudeMeters>
            <DistanceMeters>118.9800033569336</DistanceMeters>
            <Extensions>
              <ns3:TPX>
                <ns3:Speed>1.340000033378601</ns3:Speed>
              </ns3:TPX>
            </Extensions>
          </Trackpoint>
          <Trackpoint>
            <Time>2026-04-13T00:25:30.000Z</Time>
            <Position>
              <LatitudeDegrees>-41.65099935606122</LatitudeDegrees>
              <LongitudeDegrees>145.96133035607636</LongitudeDegrees>
            </Position>
            <AltitudeMeters>976.4000244140625</AltitudeMeters>
            <DistanceMeters>123.16000366210938</DistanceMeters>
            <Extensions>
              <ns3:TPX>
                <ns3:Speed>1.4299999475479126</ns3:Speed>
              </ns3:TPX>
            </Extensions>
          </Trackpoint>
          <Trackpoint>
            <Time>2026-04-13T00:25:41.000Z</Time>
            <Position>
              <LatitudeDegrees>-41.65111628361046</LatitudeDegrees>
              <LongitudeDegrees>145.96142339520156</LongitudeDegrees>
            </Position>
            <AltitudeMeters>979.0</AltitudeMeters>
            <DistanceMeters>138.4499969482422</DistanceMeters>
            <Extensions>
              <ns3:TPX>
                <ns3:Speed>1.690000057220459</ns3:Speed>
              </ns3:TPX>
            </Extensions>
          </Trackpoint>
          <Trackpoint>
            <Time>2026-04-13T00:25:50.000Z</Time>
            <Position>
              <LatitudeDegrees>-41.65121988393366</LatitudeDegrees>
              <LongitudeDegrees>145.9614308550954</LongitudeDegrees>
            </Position>
            <AltitudeMeters>981.0</AltitudeMeters>
            <DistanceMeters>150.1300048828125</DistanceMeters>
            <Extensions>
              <ns3:TPX>
                <ns3:Speed>1.2300000190734863</ns3:Speed>
              </ns3:TPX>
            </Extensions>
          </Trackpoint>
          <Trackpoint>
            <Time>2026-04-13T00:25:51.000Z</Time>
            <Position>
              <LatitudeDegrees>-41.65122617036104</LatitudeDegrees>
              <LongitudeDegrees>145.96142197027802</LongitudeDegrees>
            </Position>
            <AltitudeMeters>981.4000244140625</AltitudeMeters>
            <DistanceMeters>151.14999389648438</DistanceMeters>
            <Extensions>
              <ns3:TPX>
                <ns3:Speed>1.2200000286102295</ns3:Speed>
              </ns3:TPX>
            </Extensions>
          </Trackpoint>
          <Trackpoint>
            <Time>2026-04-13T00:25:52.000Z</Time>
            <Position>
              <LatitudeDegrees>-41.651235558092594</LatitudeDegrees>
              <LongitudeDegrees>145.9614099841565</LongitudeDegrees>
            </Position>
            <AltitudeMeters>981.5999755859375</AltitudeMeters>
            <DistanceMeters>152.60000610351562</DistanceMeters>
            <Extensions>
              <ns3:TPX>
                <ns3:Speed>1.3200000524520874</ns3:Speed>
              </ns3:TPX>
            </Extensions>
          </Trackpoint>
          <Trackpoint>
            <Time>2026-04-13T00:25:53.000Z</Time>
            <Position>
              <LatitudeDegrees>-41.65124301798642</LatitudeDegrees>
              <LongitudeDegrees>145.9613973274827</LongitudeDegrees>
            </Position>
            <AltitudeMeters>981.7999877929688</AltitudeMeters>
            <DistanceMeters>153.9499969482422</DistanceMeters>
            <Extensions>
              <ns3:TPX>
                <ns3:Speed>1.409999966621399</ns3:Speed>
              </ns3:TPX>
            </Extensions>
          </Trackpoint>
          <Trackpoint>
            <Time>2026-04-13T00:25:54.000Z</Time>
            <Position>
              <LatitudeDegrees>-41.65125005878508</LatitudeDegrees>
              <LongitudeDegrees>145.96138416789472</LongitudeDegrees>
            </Position>
            <AltitudeMeters>981.7999877929688</AltitudeMeters>
            <DistanceMeters>155.3000030517578</DistanceMeters>
            <Extensions>
              <ns3:TPX>
                <ns3:Speed>1.2699999809265137</ns3:Speed>
              </ns3:TPX>
            </Extensions>
          </Trackpoint>
          <Trackpoint>
            <Time>2026-04-13T00:25:55.000Z</Time>
            <Position>
              <LatitudeDegrees>-41.65125735104084</LatitudeDegrees>
              <LongitudeDegrees>145.96137025393546</LongitudeDegrees>
            </Position>
            <AltitudeMeters>982.0</AltitudeMeters>
            <DistanceMeters>156.7100067138672</DistanceMeters>
            <Extensions>
              <ns3:TPX>
                <ns3:Speed>1.3700000047683716</ns3:Speed>
              </ns3:TPX>
            </Extensions>
          </Trackpoint>
          <Trackpoint>
            <Time>2026-04-13T00:25:56.000Z</Time>
            <Position>
              <LatitudeDegrees>-41.65126598440111</LatitudeDegrees>
              <LongitudeDegrees>145.96135667525232</LongitudeDegrees>
            </Position>
            <AltitudeMeters>982.2000122070312</AltitudeMeters>
            <DistanceMeters>158.1999969482422</DistanceMeters>
            <Extensions>
              <ns3:TPX>
                <ns3:Speed>1.5299999713897705</ns3:Speed>
              </ns3:TPX>
            </Extensions>
          </Trackpoint>
          <Trackpoint>
            <Time>2026-04-13T00:25:57.000Z</Time>
            <Position>
              <LatitudeDegrees>-41.65127428248525</LatitudeDegrees>
              <LongitudeDegrees>145.96134267747402</LongitudeDegrees>
            </Position>
            <AltitudeMeters>982.2000122070312</AltitudeMeters>
            <DistanceMeters>159.69000244140625</DistanceMeters>
            <Extensions>
              <ns3:TPX>
                <ns3:Speed>1.3899999856948853</ns3:Speed>
              </ns3:TPX>
            </Extensions>
          </Trackpoint>
          <Trackpoint>
            <Time>2026-04-13T00:25:58.000Z</Time>
            <Position>
              <LatitudeDegrees>-41.65128333494067</LatitudeDegrees>
              <LongitudeDegrees>145.96132893115282</LongitudeDegrees>
            </Position>
            <AltitudeMeters>982.4000244140625</AltitudeMeters>
            <DistanceMeters>161.22999572753906</DistanceMeters>
            <Extensions>
              <ns3:TPX>
                <ns3:Speed>1.3600000143051147</ns3:Speed>
              </ns3:TPX>
            </Extensions>
          </Trackpoint>
          <Trackpoint>
            <Time>2026-04-13T00:25:59.000Z</Time>
            <Position>
              <LatitudeDegrees>-41.65129356086254</LatitudeDegrees>
              <LongitudeDegrees>145.9613166935742</LongitudeDegrees>
            </Position>
            <AltitudeMeters>982.4000244140625</AltitudeMeters>
            <DistanceMeters>162.75999450683594</DistanceMeters>
            <Extensions>
              <ns3:TPX>
                <ns3:Speed>1.5499999523162842</ns3:Speed>
              </ns3:TPX>
            </Extensions>
          </Trackpoint>
          <Trackpoint>
            <Time>2026-04-13T00:26:00.000Z</Time>
            <Position>
              <LatitudeDegrees>-41.6513008531183</LatitudeDegrees>
              <LongitudeDegrees>145.9613047912717</LongitudeDegrees>
            </Position>
            <AltitudeMeters>982.5999755859375</AltitudeMeters>
            <DistanceMeters>164.02999877929688</DistanceMeters>
            <Extensions>
              <ns3:TPX>
                <ns3:Speed>1.190000057220459</ns3:Speed>
              </ns3:TPX>
            </Extensions>
          </Trackpoint>
          <Trackpoint>
            <Time>2026-04-13T00:26:01.000Z</Time>
            <Position>
              <LatitudeDegrees>-41.651308899745345</LatitudeDegrees>
              <LongitudeDegrees>145.96129414625466</LongitudeDegrees>
            </Position>
            <AltitudeMeters>982.7999877929688</AltitudeMeters>
            <DistanceMeters>165.3000030517578</DistanceMeters>
            <Extensions>
              <ns3:TPX>
                <ns3:Speed>1.2200000286102295</ns3:Speed>
              </ns3:TPX>
            </Extensions>
          </Trackpoint>
          <Trackpoint>
            <Time>2026-04-13T00:26:02.000Z</Time>
            <Position>
              <LatitudeDegrees>-41.65131853893399</LatitudeDegrees>
              <LongitudeDegrees>145.9612839203328</LongitudeDegrees>
            </Position>
            <AltitudeMeters>983.0</AltitudeMeters>
            <DistanceMeters>166.6699981689453</DistanceMeters>
            <Extensions>
              <ns3:TPX>
                <ns3:Speed>1.5199999809265137</ns3:Speed>
              </ns3:TPX>
            </Extensions>
          </Trackpoint>
          <Trackpoint>
            <Time>2026-04-13T00:26:03.000Z</Time>
            <Position>
              <LatitudeDegrees>-41.65133027359843</LatitudeDegrees>
              <LongitudeDegrees>145.96127218566835</LongitudeDegrees>
            </Position>
            <AltitudeMeters>983.0</AltitudeMeters>
            <DistanceMeters>168.32000732421875</DistanceMeters>
            <Extensions>
              <ns3:TPX>
                <ns3:Speed>1.399999976158142</ns3:Speed>
              </ns3:TPX>
            </Extensions>
          </Trackpoint>
          <Trackpoint>
            <Time>2026-04-13T00:26:04.000Z</Time>
            <Position>
              <LatitudeDegrees>-41.65133706294</LatitudeDegrees>
              <LongitudeDegrees>145.96125927753747</LongitudeDegrees>
            </Position>
            <AltitudeMeters>983.0</AltitudeMeters>
            <DistanceMeters>169.6300048828125</DistanceMeters>
            <Extensions>
              <ns3:TPX>
                <ns3:Speed>1.409999966621399</ns3:Speed>
              </ns3:TPX>
            </Extensions>
          </Trackpoint>
          <Trackpoint>
            <Time>2026-04-13T00:26:05.000Z</Time>
            <Position>
              <LatitudeDegrees>-41.65134485810995</LatitudeDegrees>
              <LongitudeDegrees>145.96124578267336</LongitudeDegrees>
            </Position>
            <AltitudeMeters>983.2000122070312</AltitudeMeters>
            <DistanceMeters>171.05999755859375</DistanceMeters>
            <Extensions>
              <ns3:TPX>
                <ns3:Speed>1.309999942779541</ns3:Speed>
              </ns3:TPX>
            </Extensions>
          </Trackpoint>
          <Trackpoint>
            <Time>2026-04-13T00:26:06.000Z</Time>
            <Position>
              <LatitudeDegrees>-41.65135147981346</LatitudeDegrees>
              <LongitudeDegrees>145.96123203635216</LongitudeDegrees>
            </Position>
            <AltitudeMeters>983.2000122070312</AltitudeMeters>
            <DistanceMeters>172.4199981689453</DistanceMeters>
            <Extensions>
              <ns3:TPX>
                <ns3:Speed>1.1699999570846558</ns3:Speed>
              </ns3:TPX>
            </Extensions>
          </Trackpoint>
          <Trackpoint>
            <Time>2026-04-13T00:26:07.000Z</Time>
            <Position>
              <LatitudeDegrees>-41.65135692805052</LatitudeDegrees>
              <LongitudeDegrees>145.96121912822127</LongitudeDegrees>
            </Position>
            <AltitudeMeters>983.2000122070312</AltitudeMeters>
            <DistanceMeters>173.64999389648438</DistanceMeters>
            <Extensions>
              <ns3:TPX>
                <ns3:Speed>1.309999942779541</ns3:Speed>
              </ns3:TPX>
            </Extensions>
          </Trackpoint>
          <Trackpoint>
            <Time>2026-04-13T00:26:19.000Z</Time>
            <Position>
              <LatitudeDegrees>-41.651372853666544</LatitudeDegrees>
              <LongitudeDegrees>145.9611887857318</LongitudeDegrees>
            </Position>
            <AltitudeMeters>984.2000122070312</AltitudeMeters>
            <DistanceMeters>176.75999450683594</DistanceMeters>
            <Extensions>
              <ns3:TPX>
                <ns3:Speed>1.100000023841858</ns3:Speed>
              </ns3:TPX>
            </Extensions>
          </Trackpoint>
          <Trackpoint>
            <Time>2026-04-13T00:26:20.000Z</Time>
            <Position>
              <LatitudeDegrees>-41.65137737989426</LatitudeDegrees>
              <LongitudeDegrees>145.9611740335822</LongitudeDegrees>
            </Position>
            <AltitudeMeters>984.2000122070312</AltitudeMeters>
            <DistanceMeters>178.08999633789062</DistanceMeters>
            <Extensions>
              <ns3:TPX>
                <ns3:Speed>1.2599999904632568</ns3:Speed>
              </ns3:TPX>
            </Extensions>
          </Trackpoint>
          <Trackpoint>
            <Time>2026-04-13T00:26:21.000Z</Time>
            <Position>
              <LatitudeDegrees>-41.65137955918908</LatitudeDegrees>
              <LongitudeDegrees>145.96115794032812</LongitudeDegrees>
            </Position>
            <AltitudeMeters>984.4000244140625</AltitudeMeters>
            <DistanceMeters>179.4600067138672</DistanceMeters>
            <Extensions>
              <ns3:TPX>
                <ns3:Speed>1.2599999904632568</ns3:Speed>
              </ns3:TPX>
            </Extensions>
          </Trackpoint>
          <Trackpoint>
            <Time>2026-04-13T00:26:22.000Z</Time>
            <Position>
              <LatitudeDegrees>-41.651382660493255</LatitudeDegrees>
              <LongitudeDegrees>145.9611446969211</LongitudeDegrees>
            </Position>
            <AltitudeMeters>984.5999755859375</AltitudeMeters>
            <DistanceMeters>180.61000061035156</DistanceMeters>
            <Extensions>
              <ns3:TPX>
                <ns3:Speed>1.2000000476837158</ns3:Speed>
              </ns3:TPX>
            </Extensions>
          </Trackpoint>
          <Trackpoint>
            <Time>2026-04-13T00:26:31.000Z</Time>
            <Position>
              <LatitudeDegrees>-41.65139179676771</LatitudeDegrees>
              <LongitudeDegrees>145.96111435443163</LongitudeDegrees>
            </Position>
            <AltitudeMeters>987.2000122070312</AltitudeMeters>
            <DistanceMeters>183.35000610351562</DistanceMeters>
            <Extensions>
              <ns3:TPX>
                <ns3:Speed>1.0499999523162842</ns3:Speed>
              </ns3:TPX>
            </Extensions>
          </Trackpoint>
          <Trackpoint>
            <Time>2026-04-13T00:26:32.000Z</Time>
            <Position>
              <LatitudeDegrees>-41.65139556862414</LatitudeDegrees>
              <LongitudeDegrees>145.9611007757485</LongitudeDegrees>
            </Position>
            <AltitudeMeters>987.4000244140625</AltitudeMeters>
            <DistanceMeters>184.5500030517578</DistanceMeters>
            <Extensions>
              <ns3:TPX>
                <ns3:Speed>1.1699999570846558</ns3:Speed>
              </ns3:TPX>
            </Extensions>
          </Trackpoint>
          <Trackpoint>
            <Time>2026-04-13T00:26:33.000Z</Time>
            <Position>
              <LatitudeDegrees>-41.651396825909615</LatitudeDegrees>
              <LongitudeDegrees>145.96108275465667</LongitudeDegrees>
            </Position>
            <AltitudeMeters>987.5999755859375</AltitudeMeters>
            <DistanceMeters>186.05999755859375</DistanceMeters>
            <Extensions>
              <ns3:TPX>
                <ns3:Speed>1.350000023841858</ns3:Speed>
              </ns3:TPX>
            </Extensions>
          </Trackpoint>
          <Trackpoint>
            <Time>2026-04-13T00:26:39.000Z</Time>
            <Position>
              <LatitudeDegrees>-41.65140923112631</LatitudeDegrees>
              <LongitudeDegrees>145.96098862588406</LongitudeDegrees>
            </Position>
            <AltitudeMeters>989.7999877929688</AltitudeMeters>
            <DistanceMeters>194.05999755859375</DistanceMeters>
            <Extensions>
              <ns3:TPX>
                <ns3:Speed>1.3899999856948853</ns3:Speed>
              </ns3:TPX>
            </Extensions>
          </Trackpoint>
          <Trackpoint>
            <Time>2026-04-13T00:26:40.000Z</Time>
            <Position>
              <LatitudeDegrees>-41.65141434408724</LatitudeDegrees>
              <LongitudeDegrees>145.96097429282963</LongitudeDegrees>
            </Position>
            <AltitudeMeters>990.2000122070312</AltitudeMeters>
            <DistanceMeters>195.3800048828125</DistanceMeters>
            <Extensions>
              <ns3:TPX>
                <ns3:Speed>1.159999966621399</ns3:Speed>
              </ns3:TPX>
            </Extensions>
          </Trackpoint>
          <Trackpoint>
            <Time>2026-04-13T00:26:41.000Z</Time>
            <Position>
              <LatitudeDegrees>-41.65141895413399</LatitudeDegrees>
              <LongitudeDegrees>145.96096146851778</LongitudeDegrees>
            </Position>
            <AltitudeMeters>990.5999755859375</AltitudeMeters>
            <DistanceMeters>196.57000732421875</DistanceMeters>
            <Extensions>
              <ns3:TPX>
                <ns3:Speed>1.2599999904632568</ns3:Speed>
              </ns3:TPX>
            </Extensions>
          </Trackpoint>
          <Trackpoint>
            <Time>2026-04-13T00:26:42.000Z</Time>
            <Position>
              <LatitudeDegrees>-41.651425659656525</LatitudeDegrees>
              <LongitudeDegrees>145.96094763837755</LongitudeDegrees>
            </Position>
            <AltitudeMeters>990.7999877929688</AltitudeMeters>
            <DistanceMeters>197.9499969482422</DistanceMeters>
            <Extensions>
              <ns3:TPX>
                <ns3:Speed>1.4500000476837158</ns3:Speed>
              </ns3:TPX>
            </Extensions>
          </Trackpoint>
          <Trackpoint>
            <Time>2026-04-13T00:26:43.000Z</Time>
            <Position>
              <LatitudeDegrees>-41.65143094025552</LatitudeDegrees>
              <LongitudeDegrees>145.9609324671328</LongitudeDegrees>
            </Position>
            <AltitudeMeters>991.0</AltitudeMeters>
            <DistanceMeters>199.35000610351562</DistanceMeters>
            <Extensions>
              <ns3:TPX>
                <ns3:Speed>1.2300000190734863</ns3:Speed>
              </ns3:TPX>
            </Extensions>
          </Trackpoint>
          <Trackpoint>
            <Time>2026-04-13T00:26:48.000Z</Time>
            <Position>
              <LatitudeDegrees>-41.65146052837372</LatitudeDegrees>
              <LongitudeDegrees>145.96086407080293</LongitudeDegrees>
            </Position>
            <AltitudeMeters>992.4000244140625</AltitudeMeters>
            <DistanceMeters>205.97000122070312</DistanceMeters>
            <Extensions>
              <ns3:TPX>
                <ns3:Speed>1.2699999809265137</ns3:Speed>
              </ns3:TPX>
            </Extensions>
          </Trackpoint>
          <Trackpoint>
            <Time>2026-04-13T00:26:49.000Z</Time>
            <Position>
              <LatitudeDegrees>-41.6514633782208</LatitudeDegrees>
              <LongitudeDegrees>145.9608492348343</LongitudeDegrees>
            </Position>
            <AltitudeMeters>992.7999877929688</AltitudeMeters>
            <DistanceMeters>207.24000549316406</DistanceMeters>
            <Extensions>
              <ns3:TPX>
                <ns3:Speed>1.3799999952316284</ns3:Speed>
              </ns3:TPX>
            </Extensions>
          </Trackpoint>
          <Trackpoint>
            <Time>2026-04-13T00:26:57.000Z</Time>
            <Position>
              <LatitudeDegrees>-41.65151786059141</LatitudeDegrees>
              <LongitudeDegrees>145.9607780724764</LongitudeDegrees>
            </Position>
            <AltitudeMeters>995.7999877929688</AltitudeMeters>
            <DistanceMeters>215.7899932861328</DistanceMeters>
            <Extensions>
              <ns3:TPX>
                <ns3:Speed>0.9700000286102295</ns3:Speed>
              </ns3:TPX>
            </Extensions>
          </Trackpoint>
          <Trackpoint>
            <Time>2026-04-13T00:27:05.000Z</Time>
            <Position>
              <LatitudeDegrees>-41.65159145370126</LatitudeDegrees>
              <LongitudeDegrees>145.9607193991542</LongitudeDegrees>
            </Position>
            <AltitudeMeters>997.2000122070312</AltitudeMeters>
            <DistanceMeters>225.41000366210938</DistanceMeters>
            <Extensions>
              <ns3:TPX>
                <ns3:Speed>1.1200000047683716</ns3:Speed>
              </ns3:TPX>
            </Extensions>
          </Trackpoint>
          <Trackpoint>
            <Time>2026-04-13T00:27:07.000Z</Time>
            <Position>
              <LatitudeDegrees>-41.65161215700209</LatitudeDegrees>
              <LongitudeDegrees>145.96070749685168</LongitudeDegrees>
            </Position>
            <AltitudeMeters>997.5999755859375</AltitudeMeters>
            <DistanceMeters>227.94000244140625</DistanceMeters>
            <Extensions>
              <ns3:TPX>
                <ns3:Speed>1.2999999523162842</ns3:Speed>
              </ns3:TPX>
            </Extensions>
          </Trackpoint>
          <Trackpoint>
            <Time>2026-04-13T00:27:08.000Z</Time>
            <Position>
              <LatitudeDegrees>-41.65162179619074</LatitudeDegrees>
              <LongitudeDegrees>145.96070028841496</LongitudeDegrees>
            </Position>
            <AltitudeMeters>997.5999755859375</AltitudeMeters>
            <DistanceMeters>229.1699981689453</DistanceMeters>
            <Extensions>
              <ns3:TPX>
                <ns3:Speed>1.25</ns3:Speed>
              </ns3:TPX>
            </Extensions>
          </Trackpoint>
          <Trackpoint>
            <Time>2026-04-13T00:27:09.000Z</Time>
            <Position>
              <LatitudeDegrees>-41.651633279398084</LatitudeDegrees>
              <LongitudeDegrees>145.96069542691112</LongitudeDegrees>
            </Position>
            <AltitudeMeters>997.7999877929688</AltitudeMeters>
            <DistanceMeters>230.52000427246094</DistanceMeters>
            <Extensions>
              <ns3:TPX>
                <ns3:Speed>1.2999999523162842</ns3:Speed>
              </ns3:TPX>
            </Extensions>
          </Trackpoint>
          <Trackpoint>
            <Time>2026-04-13T00:27:10.000Z</Time>
            <Position>
              <LatitudeDegrees>-41.65164476260543</LatitudeDegrees>
              <LongitudeDegrees>145.96069056540728</LongitudeDegrees>
            </Position>
            <AltitudeMeters>998.0</AltitudeMeters>
            <DistanceMeters>231.8800048828125</DistanceMeters>
            <Extensions>
              <ns3:TPX>
                <ns3:Speed>1.25</ns3:Speed>
              </ns3:TPX>
            </Extensions>
          </Trackpoint>
          <Trackpoint>
            <Time>2026-04-13T00:27:21.000Z</Time>
            <Position>
              <LatitudeDegrees>-41.65174174122512</LatitudeDegrees>
              <LongitudeDegrees>145.9605941735208</LongitudeDegrees>
            </Position>
            <AltitudeMeters>1001.4000244140625</AltitudeMeters>
            <DistanceMeters>245.44000244140625</DistanceMeters>
            <Extensions>
              <ns3:TPX>
                <ns3:Speed>1.1200000047683716</ns3:Speed>
              </ns3:TPX>
            </Extensions>
          </Trackpoint>
          <Trackpoint>
            <Time>2026-04-13T00:27:26.000Z</Time>
            <Position>
              <LatitudeDegrees>-41.651764288544655</LatitudeDegrees>
              <LongitudeDegrees>145.96052208915353</LongitudeDegrees>
            </Position>
            <AltitudeMeters>1002.5999755859375</AltitudeMeters>
            <DistanceMeters>251.97999572753906</DistanceMeters>
            <Extensions>
              <ns3:TPX>
                <ns3:Speed>1.25</ns3:Speed>
              </ns3:TPX>
            </Extensions>
          </Trackpoint>
          <Trackpoint>
            <Time>2026-04-13T00:27:36.000Z</Time>
            <Position>
              <LatitudeDegrees>-41.65180996991694</LatitudeDegrees>
              <LongitudeDegrees>145.96038638614118</LongitudeDegrees>
            </Position>
            <AltitudeMeters>1005.7999877929688</AltitudeMeters>
            <DistanceMeters>264.45001220703125</DistanceMeters>
            <Extensions>
              <ns3:TPX>
                <ns3:Speed>1.309999942779541</ns3:Speed>
              </ns3:TPX>
            </Extensions>
          </Trackpoint>
          <Trackpoint>
            <Time>2026-04-13T00:27:47.000Z</Time>
            <Position>
              <LatitudeDegrees>-41.65184374898672</LatitudeDegrees>
              <LongitudeDegrees>145.9602207597345</LongitudeDegrees>
            </Position>
            <AltitudeMeters>1009.0</AltitudeMeters>
            <DistanceMeters>278.82000732421875</DistanceMeters>
            <Extensions>
              <ns3:TPX>
                <ns3:Speed>1.2599999904632568</ns3:Speed>
              </ns3:TPX>
            </Extensions>
          </Trackpoint>
          <Trackpoint>
            <Time>2026-04-13T00:27:56.000Z</Time>
            <Position>
              <LatitudeDegrees>-41.65184307843447</LatitudeDegrees>
              <LongitudeDegrees>145.9600843861699</LongitudeDegrees>
            </Position>
            <AltitudeMeters>1011.4000244140625</AltitudeMeters>
            <DistanceMeters>290.2300109863281</DistanceMeters>
            <Extensions>
              <ns3:TPX>
                <ns3:Speed>1.7200000286102295</ns3:Speed>
              </ns3:TPX>
            </Extensions>
          </Trackpoint>
          <Trackpoint>
            <Time>2026-04-13T00:27:57.000Z</Time>
            <Position>
              <LatitudeDegrees>-41.651836624369025</LatitudeDegrees>
              <LongitudeDegrees>145.96006896346807</LongitudeDegrees>
            </Position>
            <AltitudeMeters>1011.5999755859375</AltitudeMeters>
            <DistanceMeters>291.7099914550781</DistanceMeters>
            <Extensions>
              <ns3:TPX>
                <ns3:Speed>1.25</ns3:Speed>
              </ns3:TPX>
            </Extensions>
          </Trackpoint>
          <Trackpoint>
            <Time>2026-04-13T00:27:58.000Z</Time>
            <Position>
              <LatitudeDegrees>-41.65183209814131</LatitudeDegrees>
              <LongitudeDegrees>145.96005588769913</LongitudeDegrees>
            </Position>
            <AltitudeMeters>1011.7999877929688</AltitudeMeters>
            <DistanceMeters>292.9200134277344</DistanceMeters>
            <Extensions>
              <ns3:TPX>
                <ns3:Speed>1.2100000381469727</ns3:Speed>
              </ns3:TPX>
            </Extensions>
          </Trackpoint>
          <Trackpoint>
            <Time>2026-04-13T00:28:01.000Z</Time>
            <Position>
              <LatitudeDegrees>-41.651814579963684</LatitudeDegrees>
              <LongitudeDegrees>145.96001858823</LongitudeDegrees>
            </Position>
            <AltitudeMeters>1012.5999755859375</AltitudeMeters>
            <DistanceMeters>296.6099853515625</DistanceMeters>
            <Extensions>
              <ns3:TPX>
                <ns3:Speed>1.1399999856948853</ns3:Speed>
              </ns3:TPX>
            </Extensions>
          </Trackpoint>
          <Trackpoint>
            <Time>2026-04-13T00:28:02.000Z</Time>
            <Position>
              <LatitudeDegrees>-41.65181105956435</LatitudeDegrees>
              <LongitudeDegrees>145.96000492572784</LongitudeDegrees>
            </Position>
            <AltitudeMeters>1012.7999877929688</AltitudeMeters>
            <DistanceMeters>297.82000732421875</DistanceMeters>
            <Extensions>
              <ns3:TPX>
                <ns3:Speed>1.3600000143051147</ns3:Speed>
              </ns3:TPX>
            </Extensions>
          </Trackpoint>
          <Trackpoint>
            <Time>2026-04-13T00:28:11.000Z</Time>
            <Position>
              <LatitudeDegrees>-41.6517585888505</LatitudeDegrees>
              <LongitudeDegrees>145.9598911833018</LongitudeDegrees>
            </Position>
            <AltitudeMeters>1015.4000244140625</AltitudeMeters>
            <DistanceMeters>309.0199890136719</DistanceMeters>
            <Extensions>
              <ns3:TPX>
                <ns3:Speed>1.3799999952316284</ns3:Speed>
              </ns3:TPX>
            </Extensions>
          </Trackpoint>
          <Trackpoint>
            <Time>2026-04-13T00:28:19.000Z</Time>
            <Position>
              <LatitudeDegrees>-41.65176353417337</LatitudeDegrees>
              <LongitudeDegrees>145.95979613251984</LongitudeDegrees>
            </Position>
            <AltitudeMeters>1018.2000122070312</AltitudeMeters>
            <DistanceMeters>316.989990234375</DistanceMeters>
            <Extensions>
              <ns3:TPX>
                <ns3:Speed>1.100000023841858</ns3:Speed>
              </ns3:TPX>
            </Extensions>
          </Trackpoint>
          <Trackpoint>
            <Time>2026-04-13T00:28:24.000Z</Time>
            <Position>
              <LatitudeDegrees>-41.65178566239774</LatitudeDegrees>
              <LongitudeDegrees>145.95974626019597</LongitudeDegrees>
            </Position>
            <AltitudeMeters>1020.0</AltitudeMeters>
            <DistanceMeters>321.8500061035156</DistanceMeters>
            <Extensions>
              <ns3:TPX>
                <ns3:Speed>1.1200000047683716</ns3:Speed>
              </ns3:TPX>
            </Extensions>
          </Trackpoint>
          <Trackpoint>
            <Time>2026-04-13T00:28:32.000Z</Time>
            <Position>
              <LatitudeDegrees>-41.651837127283216</LatitudeDegrees>
              <LongitudeDegrees>145.95966646447778</LongitudeDegrees>
            </Position>
            <AltitudeMeters>1023.0</AltitudeMeters>
            <DistanceMeters>330.67999267578125</DistanceMeters>
            <Extensions>
              <ns3:TPX>
                <ns3:Speed>1.1799999475479126</ns3:Speed>
              </ns3:TPX>
            </Extensions>
          </Trackpoint>
          <Trackpoint>
            <Time>2026-04-13T00:28:41.000Z</Time>
            <Position>
              <LatitudeDegrees>-41.651898231357336</LatitudeDegrees>
              <LongitudeDegrees>145.95959127880633</LongitudeDegrees>
            </Position>
            <AltitudeMeters>1026.199951171875</AltitudeMeters>
            <DistanceMeters>340.0</DistanceMeters>
            <Extensions>
              <ns3:TPX>
                <ns3:Speed>0.8600000143051147</ns3:Speed>
              </ns3:TPX>
            </Extensions>
          </Trackpoint>
          <Trackpoint>
            <Time>2026-04-13T00:28:44.000Z</Time>
            <Position>
              <LatitudeDegrees>-41.65191197767854</LatitudeDegrees>
              <LongitudeDegrees>145.95955666154623</LongitudeDegrees>
            </Position>
            <AltitudeMeters>1027.4000244140625</AltitudeMeters>
            <DistanceMeters>343.2799987792969</DistanceMeters>
            <Extensions>
              <ns3:TPX>
                <ns3:Speed>1.1100000143051147</ns3:Speed>
              </ns3:TPX>
            </Extensions>
          </Trackpoint>
          <Trackpoint>
            <Time>2026-04-13T00:28:45.000Z</Time>
            <Position>
              <LatitudeDegrees>-41.65191415697336</LatitudeDegrees>
              <LongitudeDegrees>145.9595420770347</LongitudeDegrees>
            </Position>
            <AltitudeMeters>1027.800048828125</AltitudeMeters>
            <DistanceMeters>344.5199890136719</DistanceMeters>
            <Extensions>
              <ns3:TPX>
                <ns3:Speed>1.1799999475479126</ns3:Speed>
              </ns3:TPX>
            </Extensions>
          </Trackpoint>
          <Trackpoint>
            <Time>2026-04-13T00:28:46.000Z</Time>
            <Position>
              <LatitudeDegrees>-41.651914743706584</LatitudeDegrees>
              <LongitudeDegrees>145.9595274925232</LongitudeDegrees>
            </Position>
            <AltitudeMeters>1028.4000244140625</AltitudeMeters>
            <DistanceMeters>345.7300109863281</DistanceMeters>
            <Extensions>
              <ns3:TPX>
                <ns3:Speed>1.1100000143051147</ns3:Speed>
              </ns3:TPX>
            </Extensions>
          </Trackpoint>
          <Trackpoint>
            <Time>2026-04-13T00:28:47.000Z</Time>
            <Position>
              <LatitudeDegrees>-41.651915749534965</LatitudeDegrees>
              <LongitudeDegrees>145.95951357856393</LongitudeDegrees>
            </Position>
            <AltitudeMeters>1028.800048828125</AltitudeMeters>
            <DistanceMeters>346.8999938964844</DistanceMeters>
            <Extensions>
              <ns3:TPX>
                <ns3:Speed>1.1799999475479126</ns3:Speed>
              </ns3:TPX>
            </Extensions>
          </Trackpoint>
          <Trackpoint>
            <Time>2026-04-13T00:28:48.000Z</Time>
            <Position>
              <LatitudeDegrees>-41.651917258277535</LatitudeDegrees>
              <LongitudeDegrees>145.9594976529479</LongitudeDegrees>
            </Position>
            <AltitudeMeters>1029.4000244140625</AltitudeMeters>
            <DistanceMeters>348.2300109863281</DistanceMeters>
            <Extensions>
              <ns3:TPX>
                <ns3:Speed>1.2599999904632568</ns3:Speed>
              </ns3:TPX>
            </Extensions>
          </Trackpoint>
          <Trackpoint>
            <Time>2026-04-13T00:28:49.000Z</Time>
            <Position>
              <LatitudeDegrees>-41.65191843174398</LatitudeDegrees>
              <LongitudeDegrees>145.95948139205575</LongitudeDegrees>
            </Position>
            <AltitudeMeters>1029.800048828125</AltitudeMeters>
            <DistanceMeters>349.5899963378906</DistanceMeters>
            <Extensions>
              <ns3:TPX>
                <ns3:Speed>1.3300000429153442</ns3:Speed>
              </ns3:TPX>
            </Extensions>
          </Trackpoint>
          <Trackpoint>
            <Time>2026-04-13T00:28:55.000Z</Time>
            <Position>
              <LatitudeDegrees>-41.65193393826485</LatitudeDegrees>
              <LongitudeDegrees>145.95939212478697</LongitudeDegrees>
            </Position>
            <AltitudeMeters>1032.5999755859375</AltitudeMeters>
            <DistanceMeters>357.260009765625</DistanceMeters>
            <Extensions>
              <ns3:TPX>
                <ns3:Speed>1.190000057220459</ns3:Speed>
              </ns3:TPX>
            </Extensions>
          </Trackpoint>
          <Trackpoint>
            <Time>2026-04-13T00:29:04.000Z</Time>
            <Position>
              <LatitudeDegrees>-41.65194718167186</LatitudeDegrees>
              <LongitudeDegrees>145.95925617031753</LongitudeDegrees>
            </Position>
            <AltitudeMeters>1035.4000244140625</AltitudeMeters>
            <DistanceMeters>368.7300109863281</DistanceMeters>
            <Extensions>
              <ns3:TPX>
                <ns3:Speed>1.4700000286102295</ns3:Speed>
              </ns3:TPX>
            </Extensions>
          </Trackpoint>
          <Trackpoint>
            <Time>2026-04-13T00:29:05.000Z</Time>
            <Position>
              <LatitudeDegrees>-41.651946594938636</LatitudeDegrees>
              <LongitudeDegrees>145.95924016088247</LongitudeDegrees>
            </Position>
            <AltitudeMeters>1035.800048828125</AltitudeMeters>
            <DistanceMeters>370.05999755859375</DistanceMeters>
            <Extensions>
              <ns3:TPX>
                <ns3:Speed>1.2799999713897705</ns3:Speed>
              </ns3:TPX>
            </Extensions>
          </Trackpoint>
          <Trackpoint>
            <Time>2026-04-13T00:29:06.000Z</Time>
            <Position>
              <LatitudeDegrees>-41.651945589110255</LatitudeDegrees>
              <LongitudeDegrees>145.95922348089516</LongitudeDegrees>
            </Position>
            <AltitudeMeters>1036.0</AltitudeMeters>
            <DistanceMeters>371.4599914550781</DistanceMeters>
            <Extensions>
              <ns3:TPX>
                <ns3:Speed>1.409999966621399</ns3:Speed>
              </ns3:TPX>
            </Extensions>
          </Trackpoint>
          <Trackpoint>
            <Time>2026-04-13T00:29:07.000Z</Time>
            <Position>
              <LatitudeDegrees>-41.65194869041443</LatitudeDegrees>
              <LongitudeDegrees>145.95920805819333</LongitudeDegrees>
            </Position>
            <AltitudeMeters>1036.199951171875</AltitudeMeters>
            <DistanceMeters>372.79998779296875</DistanceMeters>
            <Extensions>
              <ns3:TPX>
                <ns3:Speed>1.3200000524520874</ns3:Speed>
              </ns3:TPX>
            </Extensions>
          </Trackpoint>
          <Trackpoint>
            <Time>2026-04-13T00:29:08.000Z</Time>
            <Position>
              <LatitudeDegrees>-41.65195321664214</LatitudeDegrees>
              <LongitudeDegrees>145.95919389277697</LongitudeDegrees>
            </Position>
            <AltitudeMeters>1036.4000244140625</AltitudeMeters>
            <DistanceMeters>374.0899963378906</DistanceMeters>
            <Extensions>
              <ns3:TPX>
                <ns3:Speed>1.2100000381469727</ns3:Speed>
              </ns3:TPX>
            </Extensions>
          </Trackpoint>
          <Trackpoint>
            <Time>2026-04-13T00:29:10.000Z</Time>
            <Position>
              <LatitudeDegrees>-41.65196595713496</LatitudeDegrees>
              <LongitudeDegrees>145.95917059108615</LongitudeDegrees>
            </Position>
            <AltitudeMeters>1036.5999755859375</AltitudeMeters>
            <DistanceMeters>376.489990234375</DistanceMeters>
            <Extensions>
              <ns3:TPX>
                <ns3:Speed>1.3600000143051147</ns3:Speed>
              </ns3:TPX>
            </Extensions>
          </Trackpoint>
          <Trackpoint>
            <Time>2026-04-13T00:29:14.000Z</Time>
            <Position>
              <LatitudeDegrees>-41.65199269540608</LatitudeDegrees>
              <LongitudeDegrees>145.95913379453123</LongitudeDegrees>
            </Position>
            <AltitudeMeters>1037.199951171875</AltitudeMeters>
            <DistanceMeters>380.7900085449219</DistanceMeters>
            <Extensions>
              <ns3:TPX>
                <ns3:Speed>1.2599999904632568</ns3:Speed>
              </ns3:TPX>
            </Extensions>
          </Trackpoint>
          <Trackpoint>
            <Time>2026-04-13T00:29:15.000Z</Time>
            <Position>
              <LatitudeDegrees>-41.65199554525316</LatitudeDegrees>
              <LongitudeDegrees>145.95912038348615</LongitudeDegrees>
            </Position>
            <AltitudeMeters>1037.4000244140625</AltitudeMeters>
            <DistanceMeters>381.95001220703125</DistanceMeters>
            <Extensions>
              <ns3:TPX>
                <ns3:Speed>1.190000057220459</ns3:Speed>
              </ns3:TPX>
            </Extensions>
          </Trackpoint>
          <Trackpoint>
            <Time>2026-04-13T00:29:25.000Z</Time>
            <Position>
              <LatitudeDegrees>-41.65202823467553</LatitudeDegrees>
              <LongitudeDegrees>145.9589807409793</LongitudeDegrees>
            </Position>
            <AltitudeMeters>1040.4000244140625</AltitudeMeters>
            <DistanceMeters>394.20001220703125</DistanceMeters>
            <Extensions>
              <ns3:TPX>
                <ns3:Speed>1.3300000429153442</ns3:Speed>
              </ns3:TPX>
            </Extensions>
          </Trackpoint>
          <Trackpoint>
            <Time>2026-04-13T00:29:33.000Z</Time>
            <Position>
              <LatitudeDegrees>-41.65205136872828</LatitudeDegrees>
              <LongitudeDegrees>145.95885325223207</LongitudeDegrees>
            </Position>
            <AltitudeMeters>1043.800048828125</AltitudeMeters>
            <DistanceMeters>405.19000244140625</DistanceMeters>
            <Extensions>
              <ns3:TPX>
                <ns3:Speed>1.4299999475479126</ns3:Speed>
              </ns3:TPX>
            </Extensions>
          </Trackpoint>
          <Trackpoint>
            <Time>2026-04-13T00:29:45.000Z</Time>
            <Position>
              <LatitudeDegrees>-41.652096128091216</LatitudeDegrees>
              <LongitudeDegrees>145.9586699400097</LongitudeDegrees>
            </Position>
            <AltitudeMeters>1046.800048828125</AltitudeMeters>
            <DistanceMeters>421.32000732421875</DistanceMeters>
            <Extensions>
              <ns3:TPX>
                <ns3:Speed>1.1699999570846558</ns3:Speed>
              </ns3:TPX>
            </Extensions>
          </Trackpoint>
          <Trackpoint>
            <Time>2026-04-13T00:29:58.000Z</Time>
            <Position>
              <LatitudeDegrees>-41.65209428407252</LatitudeDegrees>
              <LongitudeDegrees>145.95845486037433</LongitudeDegrees>
            </Position>
            <AltitudeMeters>1049.800048828125</AltitudeMeters>
            <DistanceMeters>439.30999755859375</DistanceMeters>
            <Extensions>
              <ns3:TPX>
                <ns3:Speed>1.4199999570846558</ns3:Speed>
              </ns3:TPX>
            </Extensions>
          </Trackpoint>
          <Trackpoint>
            <Time>2026-04-13T00:30:07.000Z</Time>
            <Position>
              <LatitudeDegrees>-41.652037370949984</LatitudeDegrees>
              <LongitudeDegrees>145.95834162086248</LongitudeDegrees>
            </Position>
            <AltitudeMeters>1053.0</AltitudeMeters>
            <DistanceMeters>450.75</DistanceMeters>
            <Extensions>
              <ns3:TPX>
                <ns3:Speed>0.9700000286102295</ns3:Speed>
              </ns3:TPX>
            </Extensions>
          </Trackpoint>
          <Trackpoint>
            <Time>2026-04-13T00:30:10.000Z</Time>
            <Position>
              <LatitudeDegrees>-41.652017841115594</LatitudeDegrees>
              <LongitudeDegrees>145.95830893144011</LongitudeDegrees>
            </Position>
            <AltitudeMeters>1053.4000244140625</AltitudeMeters>
            <DistanceMeters>454.260009765625</DistanceMeters>
            <Extensions>
              <ns3:TPX>
                <ns3:Speed>1.25</ns3:Speed>
              </ns3:TPX>
            </Extensions>
          </Trackpoint>
          <Trackpoint>
            <Time>2026-04-13T00:30:11.000Z</Time>
            <Position>
              <LatitudeDegrees>-41.65201029740274</LatitudeDegrees>
              <LongitudeDegrees>145.9582938440144</LongitudeDegrees>
            </Position>
            <AltitudeMeters>1053.800048828125</AltitudeMeters>
            <DistanceMeters>455.7799987792969</DistanceMeters>
            <Extensions>
              <ns3:TPX>
                <ns3:Speed>1.5299999713897705</ns3:Speed>
              </ns3:TPX>
            </Extensions>
          </Trackpoint>
          <Trackpoint>
            <Time>2026-04-13T00:30:12.000Z</Time>
            <Position>
              <LatitudeDegrees>-41.652003172785044</LatitudeDegrees>
              <LongitudeDegrees>145.9582798462361</LongitudeDegrees>
            </Position>
            <AltitudeMeters>1054.4000244140625</AltitudeMeters>
            <DistanceMeters>457.19000244140625</DistanceMeters>
            <Extensions>
              <ns3:TPX>
                <ns3:Speed>1.1699999570846558</ns3:Speed>
              </ns3:TPX>
            </Extensions>
          </Trackpoint>
          <Trackpoint>
            <Time>2026-04-13T00:30:13.000Z</Time>
            <Position>
              <LatitudeDegrees>-41.651993449777365</LatitudeDegrees>
              <LongitudeDegrees>145.958266351372</LongitudeDegrees>
            </Position>
            <AltitudeMeters>1054.800048828125</AltitudeMeters>
            <DistanceMeters>458.7699890136719</DistanceMeters>
            <Extensions>
              <ns3:TPX>
                <ns3:Speed>1.4900000095367432</ns3:Speed>
              </ns3:TPX>
            </Extensions>
          </Trackpoint>
          <Trackpoint>
            <Time>2026-04-13T00:30:14.000Z</Time>
            <Position>
              <LatitudeDegrees>-41.651987163349986</LatitudeDegrees>
              <LongitudeDegrees>145.9582512639463</LongitudeDegrees>
            </Position>
            <AltitudeMeters>1055.4000244140625</AltitudeMeters>
            <DistanceMeters>460.2200012207031</DistanceMeters>
            <Extensions>
              <ns3:TPX>
                <ns3:Speed>1.2599999904632568</ns3:Speed>
              </ns3:TPX>
            </Extensions>
          </Trackpoint>
          <Trackpoint>
            <Time>2026-04-13T00:30:15.000Z</Time>
            <Position>
              <LatitudeDegrees>-41.65198196657002</LatitudeDegrees>
              <LongitudeDegrees>145.958237266168</LongitudeDegrees>
            </Position>
            <AltitudeMeters>1056.0</AltitudeMeters>
            <DistanceMeters>461.5199890136719</DistanceMeters>
            <Extensions>
              <ns3:TPX>
                <ns3:Speed>1.2100000381469727</ns3:Speed>
              </ns3:TPX>
            </Extensions>
          </Trackpoint>
          <Trackpoint>
            <Time>2026-04-13T00:30:22.000Z</Time>
            <Position>
              <LatitudeDegrees>-41.65193787775934</LatitudeDegrees>
              <LongitudeDegrees>145.9581572189927</LongitudeDegrees>
            </Position>
            <AltitudeMeters>1059.199951171875</AltitudeMeters>
            <DistanceMeters>469.8599853515625</DistanceMeters>
            <Extensions>
              <ns3:TPX>
                <ns3:Speed>1.159999966621399</ns3:Speed>
              </ns3:TPX>
            </Extensions>
          </Trackpoint>
          <Trackpoint>
            <Time>2026-04-13T00:30:35.000Z</Time>
            <Position>
              <LatitudeDegrees>-41.651914324611425</LatitudeDegrees>
              <LongitudeDegrees>145.95808806829154</LongitudeDegrees>
            </Position>
            <AltitudeMeters>1059.5999755859375</AltitudeMeters>
            <DistanceMeters>476.2200012207031</DistanceMeters>
            <Extensions>
              <ns3:TPX>
                <ns3:Speed>0.0</ns3:Speed>
              </ns3:TPX>
            </Extensions>
          </Trackpoint>
          <Trackpoint>
            <Time>2026-04-13T00:30:39.000Z</Time>
            <Position>
              <LatitudeDegrees>-41.6519139893353</LatitudeDegrees>
              <LongitudeDegrees>145.9580882359296</LongitudeDegrees>
            </Position>
            <AltitudeMeters>1060.800048828125</AltitudeMeters>
            <DistanceMeters>476.2699890136719</DistanceMeters>
            <Extensions>
              <ns3:TPX>
                <ns3:Speed>1.1399999856948853</ns3:Speed>
              </ns3:TPX>
            </Extensions>
          </Trackpoint>
          <Trackpoint>
            <Time>2026-04-13T00:30:51.000Z</Time>
            <Position>
              <LatitudeDegrees>-41.651887921616435</LatitudeDegrees>
              <LongitudeDegrees>145.95803769305348</LongitudeDegrees>
            </Position>
            <AltitudeMeters>1063.199951171875</AltitudeMeters>
            <DistanceMeters>481.4200134277344</DistanceMeters>
            <Extensions>
              <ns3:TPX>
                <ns3:Speed>0.18000000715255737</ns3:Speed>
              </ns3:TPX>
            </Extensions>
          </Trackpoint>
          <Trackpoint>
            <Time>2026-04-13T00:31:08.000Z</Time>
            <Position>
              <LatitudeDegrees>-41.65186654776335</LatitudeDegrees>
              <LongitudeDegrees>145.95798983238637</LongitudeDegrees>
            </Position>
            <AltitudeMeters>1063.4000244140625</AltitudeMeters>
            <DistanceMeters>486.0899963378906</DistanceMeters>
            <Extensions>
              <ns3:TPX>
                <ns3:Speed>0.4000000059604645</ns3:Speed>
              </ns3:TPX>
            </Extensions>
          </Trackpoint>
          <Trackpoint>
            <Time>2026-04-13T00:31:21.000Z</Time>
            <Position>
              <LatitudeDegrees>-41.651863027364016</LatitudeDegrees>
              <LongitudeDegrees>145.95798052847385</LongitudeDegrees>
            </Position>
            <AltitudeMeters>1066.800048828125</AltitudeMeters>
            <DistanceMeters>486.9599914550781</DistanceMeters>
            <Extensions>
              <ns3:TPX>
                <ns3:Speed>0.0</ns3:Speed>
              </ns3:TPX>
            </Extensions>
          </Trackpoint>
          <Trackpoint>
            <Time>2026-04-13T00:31:39.000Z</Time>
            <Position>
              <LatitudeDegrees>-41.65184274315834</LatitudeDegrees>
              <LongitudeDegrees>145.95794482156634</LongitudeDegrees>
            </Position>
            <AltitudeMeters>1067.4000244140625</AltitudeMeters>
            <DistanceMeters>490.7200012207031</DistanceMeters>
            <Extensions>
              <ns3:TPX>
                <ns3:Speed>0.8700000047683716</ns3:Speed>
              </ns3:TPX>
            </Extensions>
          </Trackpoint>
          <Trackpoint>
            <Time>2026-04-13T00:31:55.000Z</Time>
            <Position>
              <LatitudeDegrees>-41.651771161705256</LatitudeDegrees>
              <LongitudeDegrees>145.9577779378742</LongitudeDegrees>
            </Position>
            <AltitudeMeters>1068.0</AltitudeMeters>
            <DistanceMeters>506.8399963378906</DistanceMeters>
            <Extensions>
              <ns3:TPX>
                <ns3:Speed>1.1100000143051147</ns3:Speed>
              </ns3:TPX>
            </Extensions>
          </Trackpoint>
          <Trackpoint>
            <Time>2026-04-13T00:32:13.000Z</Time>
            <Position>
              <LatitudeDegrees>-41.651669992133975</LatitudeDegrees>
              <LongitudeDegrees>145.95755598507822</LongitudeDegrees>
            </Position>
            <AltitudeMeters>1067.199951171875</AltitudeMeters>
            <DistanceMeters>528.6300048828125</DistanceMeters>
            <Extensions>
              <ns3:TPX>
                <ns3:Speed>1.0800000429153442</ns3:Speed>
              </ns3:TPX>
            </Extensions>
          </Trackpoint>
          <Trackpoint>
            <Time>2026-04-13T00:32:26.000Z</Time>
            <Position>
              <LatitudeDegrees>-41.65159438736737</LatitudeDegrees>
              <LongitudeDegrees>145.95740192569792</LongitudeDegrees>
            </Position>
            <AltitudeMeters>1067.800048828125</AltitudeMeters>
            <DistanceMeters>544.0800170898438</DistanceMeters>
            <Extensions>
              <ns3:TPX>
                <ns3:Speed>1.559999942779541</ns3:Speed>
              </ns3:TPX>
            </Extensions>
          </Trackpoint>
          <Trackpoint>
            <Time>2026-04-13T00:32:34.000Z</Time>
            <Position>
              <LatitudeDegrees>-41.65155834518373</LatitudeDegrees>
              <LongitudeDegrees>145.95731316134334</LongitudeDegrees>
            </Position>
            <AltitudeMeters>1068.4000244140625</AltitudeMeters>
            <DistanceMeters>552.5399780273438</DistanceMeters>
            <Extensions>
              <ns3:TPX>
                <ns3:Speed>0.9200000166893005</ns3:Speed>
              </ns3:TPX>
            </Extensions>
          </Trackpoint>
          <Trackpoint>
            <Time>2026-04-13T00:32:39.000Z</Time>
            <Position>
              <LatitudeDegrees>-41.651527835056186</LatitudeDegrees>
              <LongitudeDegrees>145.95725524239242</LongitudeDegrees>
            </Position>
            <AltitudeMeters>1069.4000244140625</AltitudeMeters>
            <DistanceMeters>558.489990234375</DistanceMeters>
            <Extensions>
              <ns3:TPX>
                <ns3:Speed>1.3700000047683716</ns3:Speed>
              </ns3:TPX>
            </Extensions>
          </Trackpoint>
          <Trackpoint>
            <Time>2026-04-13T00:32:49.000Z</Time>
            <Position>
              <LatitudeDegrees>-41.651468742638826</LatitudeDegrees>
              <LongitudeDegrees>145.95719723962247</LongitudeDegrees>
            </Position>
            <AltitudeMeters>1071.5999755859375</AltitudeMeters>
            <DistanceMeters>566.72998046875</DistanceMeters>
            <Extensions>
              <ns3:TPX>
                <ns3:Speed>1.2000000476837158</ns3:Speed>
              </ns3:TPX>
            </Extensions>
          </Trackpoint>
          <Trackpoint>
            <Time>2026-04-13T00:32:50.000Z</Time>
            <Position>
              <LatitudeDegrees>-41.65146019309759</LatitudeDegrees>
              <LongitudeDegrees>145.95718869008124</LongitudeDegrees>
            </Position>
            <AltitudeMeters>1071.800048828125</AltitudeMeters>
            <DistanceMeters>567.9299926757812</DistanceMeters>
            <Extensions>
              <ns3:TPX>
                <ns3:Speed>1.1299999952316284</ns3:Speed>
              </ns3:TPX>
            </Extensions>
          </Trackpoint>
          <Trackpoint>
            <Time>2026-04-13T00:33:08.000Z</Time>
            <Position>
              <LatitudeDegrees>-41.65133144706488</LatitudeDegrees>
              <LongitudeDegrees>145.9570265840739</LongitudeDegrees>
            </Position>
            <AltitudeMeters>1074.0</AltitudeMeters>
            <DistanceMeters>587.780029296875</DistanceMeters>
            <Extensions>
              <ns3:TPX>
                <ns3:Speed>0.6899999976158142</ns3:Speed>
              </ns3:TPX>
            </Extensions>
          </Trackpoint>
          <Trackpoint>
            <Time>2026-04-13T00:33:21.000Z</Time>
            <Position>
              <LatitudeDegrees>-41.65129682980478</LatitudeDegrees>
              <LongitudeDegrees>145.95692977309227</LongitudeDegrees>
            </Position>
            <AltitudeMeters>1075.0</AltitudeMeters>
            <DistanceMeters>596.760009765625</DistanceMeters>
            <Extensions>
              <ns3:TPX>
                <ns3:Speed>0.4099999964237213</ns3:Speed>
              </ns3:TPX>
            </Extensions>
          </Trackpoint>
          <Trackpoint>
            <Time>2026-04-13T00:33:32.000Z</Time>
            <Position>
              <LatitudeDegrees>-41.651243939995766</LatitudeDegrees>
              <LongitudeDegrees>145.9568352252245</LongitudeDegrees>
            </Position>
            <AltitudeMeters>1075.4000244140625</AltitudeMeters>
            <DistanceMeters>606.6599731445312</DistanceMeters>
            <Extensions>
              <ns3:TPX>
                <ns3:Speed>0.41999998688697815</ns3:Speed>
              </ns3:TPX>
            </Extensions>
          </Trackpoint>
          <Trackpoint>
            <Time>2026-04-13T00:33:46.000Z</Time>
            <Position>
              <LatitudeDegrees>-41.65115685202181</LatitudeDegrees>
              <LongitudeDegrees>145.95671829767525</LongitudeDegrees>
            </Position>
            <AltitudeMeters>1075.0</AltitudeMeters>
            <DistanceMeters>620.510009765625</DistanceMeters>
            <Extensions>
              <ns3:TPX>
                <ns3:Speed>0.699999988079071</ns3:Speed>
              </ns3:TPX>
            </Extensions>
          </Trackpoint>
          <Trackpoint>
            <Time>2026-04-13T00:33:58.000Z</Time>
            <Position>
              <LatitudeDegrees>-41.651094825938344</LatitudeDegrees>
              <LongitudeDegrees>145.9566007833928</LongitudeDegrees>
            </Position>
            <AltitudeMeters>1074.5999755859375</AltitudeMeters>
            <DistanceMeters>632.5599975585938</DistanceMeters>
            <Extensions>
              <ns3:TPX>
                <ns3:Speed>0.9399999976158142</ns3:Speed>
              </ns3:TPX>
            </Extensions>
          </Trackpoint>
          <Trackpoint>
            <Time>2026-04-13T00:34:13.000Z</Time>
            <Position>
              <LatitudeDegrees>-41.65101008489728</LatitudeDegrees>
              <LongitudeDegrees>145.95644219778478</LongitudeDegrees>
            </Position>
            <AltitudeMeters>1076.5999755859375</AltitudeMeters>
            <DistanceMeters>648.9099731445312</DistanceMeters>
            <Extensions>
              <ns3:TPX>
                <ns3:Speed>0.949999988079071</ns3:Speed>
              </ns3:TPX>
            </Extensions>
          </Trackpoint>
          <Trackpoint>
            <Time>2026-04-13T00:34:23.000Z</Time>
            <Position>
              <LatitudeDegrees>-41.650943364948034</LatitudeDegrees>
              <LongitudeDegrees>145.95639484003186</LongitudeDegrees>
            </Position>
            <AltitudeMeters>1077.5999755859375</AltitudeMeters>
            <DistanceMeters>657.4099731445312</DistanceMeters>
            <Extensions>
              <ns3:TPX>
                <ns3:Speed>0.41999998688697815</ns3:Speed>
              </ns3:TPX>
            </Extensions>
          </Trackpoint>
          <Trackpoint>
            <Time>2026-04-13T00:34:36.000Z</Time>
            <Position>
              <LatitudeDegrees>-41.65087278932333</LatitudeDegrees>
              <LongitudeDegrees>145.95631923526525</LongitudeDegrees>
            </Position>
            <AltitudeMeters>1078.0</AltitudeMeters>
            <DistanceMeters>667.5700073242188</DistanceMeters>
            <Extensions>
              <ns3:TPX>
                <ns3:Speed>0.4000000059604645</ns3:Speed>
              </ns3:TPX>
            </Extensions>
          </Trackpoint>
          <Trackpoint>
            <Time>2026-04-13T00:34:46.000Z</Time>
            <Position>
              <LatitudeDegrees>-41.65080816484988</LatitudeDegrees>
              <LongitudeDegrees>145.9562635794282</LongitudeDegrees>
            </Position>
            <AltitudeMeters>1081.0</AltitudeMeters>
            <DistanceMeters>676.2100219726562</DistanceMeters>
            <Extensions>
              <ns3:TPX>
                <ns3:Speed>0.47999998927116394</ns3:Speed>
              </ns3:TPX>
            </Extensions>
          </Trackpoint>
          <Trackpoint>
            <Time>2026-04-13T00:35:07.000Z</Time>
            <Position>
              <LatitudeDegrees>-41.650678999722004</LatitudeDegrees>
              <LongitudeDegrees>145.9561179857701</LongitudeDegrees>
            </Position>
            <AltitudeMeters>1083.0</AltitudeMeters>
            <DistanceMeters>695.1799926757812</DistanceMeters>
            <Extensions>
              <ns3:TPX>
                <ns3:Speed>0.8199999928474426</ns3:Speed>
              </ns3:TPX>
            </Extensions>
          </Trackpoint>
          <Trackpoint>
            <Time>2026-04-13T00:35:28.000Z</Time>
            <Position>
              <LatitudeDegrees>-41.65054346434772</LatitudeDegrees>
              <LongitudeDegrees>145.9559477493167</LongitudeDegrees>
            </Position>
            <AltitudeMeters>1082.5999755859375</AltitudeMeters>
            <DistanceMeters>716.0599975585938</DistanceMeters>
            <Extensions>
              <ns3:TPX>
                <ns3:Speed>0.5199999809265137</ns3:Speed>
              </ns3:TPX>
            </Extensions>
          </Trackpoint>
          <Trackpoint>
            <Time>2026-04-13T00:35:47.000Z</Time>
            <Position>
              <LatitudeDegrees>-41.65044019930065</LatitudeDegrees>
              <LongitudeDegrees>145.9559028223157</LongitudeDegrees>
            </Position>
            <AltitudeMeters>1080.800048828125</AltitudeMeters>
            <DistanceMeters>728.280029296875</DistanceMeters>
            <Extensions>
              <ns3:TPX>
                <ns3:Speed>0.6399999856948853</ns3:Speed>
              </ns3:TPX>
            </Extensions>
          </Trackpoint>
          <Trackpoint>
            <Time>2026-04-13T00:36:07.000Z</Time>
            <Position>
              <LatitudeDegrees>-41.65029971860349</LatitudeDegrees>
              <LongitudeDegrees>145.9559128805995</LongitudeDegrees>
            </Position>
            <AltitudeMeters>1083.0</AltitudeMeters>
            <DistanceMeters>744.1199951171875</DistanceMeters>
            <Extensions>
              <ns3:TPX>
                <ns3:Speed>0.699999988079071</ns3:Speed>
              </ns3:TPX>
            </Extensions>
          </Trackpoint>
          <Trackpoint>
            <Time>2026-04-13T00:36:21.000Z</Time>
            <Position>
              <LatitudeDegrees>-41.65016803890467</LatitudeDegrees>
              <LongitudeDegrees>145.95587658695877</LongitudeDegrees>
            </Position>
            <AltitudeMeters>1086.199951171875</AltitudeMeters>
            <DistanceMeters>759.260009765625</DistanceMeters>
            <Extensions>
              <ns3:TPX>
                <ns3:Speed>0.8600000143051147</ns3:Speed>
              </ns3:TPX>
            </Extensions>
          </Trackpoint>
          <Trackpoint>
            <Time>2026-04-13T00:36:34.000Z</Time>
            <Position>
              <LatitudeDegrees>-41.650092685595155</LatitudeDegrees>
              <LongitudeDegrees>145.95578899607062</LongitudeDegrees>
            </Position>
            <AltitudeMeters>1089.199951171875</AltitudeMeters>
            <DistanceMeters>770.469970703125</DistanceMeters>
            <Extensions>
              <ns3:TPX>
                <ns3:Speed>0.6499999761581421</ns3:Speed>
              </ns3:TPX>
            </Extensions>
          </Trackpoint>
          <Trackpoint>
            <Time>2026-04-13T00:36:50.000Z</Time>
            <Position>
              <LatitudeDegrees>-41.64999579079449</LatitudeDegrees>
              <LongitudeDegrees>145.95570718869567</LongitudeDegrees>
            </Position>
            <AltitudeMeters>1091.800048828125</AltitudeMeters>
            <DistanceMeters>783.3599853515625</DistanceMeters>
            <Extensions>
              <ns3:TPX>
                <ns3:Speed>0.8299999833106995</ns3:Speed>
              </ns3:TPX>
            </Extensions>
          </Trackpoint>
          <Trackpoint>
            <Time>2026-04-13T00:36:56.000Z</Time>
            <Position>
              <LatitudeDegrees>-41.64995471946895</LatitudeDegrees>
              <LongitudeDegrees>145.9556485991925</LongitudeDegrees>
            </Position>
            <AltitudeMeters>1092.4000244140625</AltitudeMeters>
            <DistanceMeters>790.0900268554688</DistanceMeters>
            <Extensions>
              <ns3:TPX>
                <ns3:Speed>1.25</ns3:Speed>
              </ns3:TPX>
            </Extensions>
          </Trackpoint>
          <Trackpoint>
            <Time>2026-04-13T00:37:04.000Z</Time>
            <Position>
              <LatitudeDegrees>-41.649936866015196</LatitudeDegrees>
              <LongitudeDegrees>145.95562001690269</LongitudeDegrees>
            </Position>
            <AltitudeMeters>1092.4000244140625</AltitudeMeters>
            <DistanceMeters>793.219970703125</DistanceMeters>
            <Extensions>
              <ns3:TPX>
                <ns3:Speed>1.2000000476837158</ns3:Speed>
              </ns3:TPX>
            </Extensions>
          </Trackpoint>
          <Trackpoint>
            <Time>2026-04-13T00:37:05.000Z</Time>
            <Position>
              <LatitudeDegrees>-41.64993066340685</LatitudeDegrees>
              <LongitudeDegrees>145.95560769550502</LongitudeDegrees>
            </Position>
            <AltitudeMeters>1092.5999755859375</AltitudeMeters>
            <DistanceMeters>794.4600219726562</DistanceMeters>
            <Extensions>
              <ns3:TPX>
                <ns3:Speed>1.1799999475479126</ns3:Speed>
              </ns3:TPX>
            </Extensions>
          </Trackpoint>
          <Trackpoint>
            <Time>2026-04-13T00:37:06.000Z</Time>
            <Position>
              <LatitudeDegrees>-41.64992596954107</LatitudeDegrees>
              <LongitudeDegrees>145.95559453591704</LongitudeDegrees>
            </Position>
            <AltitudeMeters>1092.5999755859375</AltitudeMeters>
            <DistanceMeters>795.6799926757812</DistanceMeters>
            <Extensions>
              <ns3:TPX>
                <ns3:Speed>1.1399999856948853</ns3:Speed>
              </ns3:TPX>
            </Extensions>
          </Trackpoint>
          <Trackpoint>
            <Time>2026-04-13T00:37:17.000Z</Time>
            <Position>
              <LatitudeDegrees>-41.64990493096411</LatitudeDegrees>
              <LongitudeDegrees>145.95552521757782</LongitudeDegrees>
            </Position>
            <AltitudeMeters>1093.199951171875</AltitudeMeters>
            <DistanceMeters>801.9400024414062</DistanceMeters>
            <Extensions>
              <ns3:TPX>
                <ns3:Speed>1.1299999952316284</ns3:Speed>
              </ns3:TPX>
            </Extensions>
          </Trackpoint>
          <Trackpoint>
            <Time>2026-04-13T00:37:19.000Z</Time>
            <Position>
              <LatitudeDegrees>-41.649893280118704</LatitudeDegrees>
              <LongitudeDegrees>145.955504598096</LongitudeDegrees>
            </Position>
            <AltitudeMeters>1093.5999755859375</AltitudeMeters>
            <DistanceMeters>804.1099853515625</DistanceMeters>
            <Extensions>
              <ns3:TPX>
                <ns3:Speed>1.1200000047683716</ns3:Speed>
              </ns3:TPX>
            </Extensions>
          </Trackpoint>
          <Trackpoint>
            <Time>2026-04-13T00:37:25.000Z</Time>
            <Position>
              <LatitudeDegrees>-41.64984868839383</LatitudeDegrees>
              <LongitudeDegrees>145.9554709866643</LongitudeDegrees>
            </Position>
            <AltitudeMeters>1093.800048828125</AltitudeMeters>
            <DistanceMeters>809.8699951171875</DistanceMeters>
            <Extensions>
              <ns3:TPX>
                <ns3:Speed>1.1100000143051147</ns3:Speed>
              </ns3:TPX>
            </Extensions>
          </Trackpoint>
          <Trackpoint>
            <Time>2026-04-13T00:37:35.000Z</Time>
            <Position>
              <LatitudeDegrees>-41.64977978914976</LatitudeDegrees>
              <LongitudeDegrees>145.95543335191905</LongitudeDegrees>
            </Position>
            <AltitudeMeters>1094.800048828125</AltitudeMeters>
            <DistanceMeters>818.25</DistanceMeters>
            <Extensions>
              <ns3:TPX>
                <ns3:Speed>0.5299999713897705</ns3:Speed>
              </ns3:TPX>
            </Extensions>
          </Trackpoint>
          <Trackpoint>
            <Time>2026-04-13T00:37:47.000Z</Time>
            <Position>
              <LatitudeDegrees>-41.64976084604859</LatitudeDegrees>
              <LongitudeDegrees>145.95541633665562</LongitudeDegrees>
            </Position>
            <AltitudeMeters>1096.199951171875</AltitudeMeters>
            <DistanceMeters>820.8099975585938</DistanceMeters>
            <Extensions>
              <ns3:TPX>
                <ns3:Speed>0.0</ns3:Speed>
              </ns3:TPX>
            </Extensions>
          </Trackpoint>
          <Trackpoint>
            <Time>2026-04-13T00:38:05.000Z</Time>
            <Position>
              <LatitudeDegrees>-41.64973729290068</LatitudeDegrees>
              <LongitudeDegrees>145.95538473688066</LongitudeDegrees>
            </Position>
            <AltitudeMeters>1099.4000244140625</AltitudeMeters>
            <DistanceMeters>824.5599975585938</DistanceMeters>
            <Extensions>
              <ns3:TPX>
                <ns3:Speed>0.0</ns3:Speed>
              </ns3:TPX>
            </Extensions>
          </Trackpoint>
          <Trackpoint>
            <Time>2026-04-13T00:38:21.000Z</Time>
            <Position>
              <LatitudeDegrees>-41.649708123877645</LatitudeDegrees>
              <LongitudeDegrees>145.95536403357983</LongitudeDegrees>
            </Position>
            <AltitudeMeters>1102.0</AltitudeMeters>
            <DistanceMeters>828.280029296875</DistanceMeters>
            <Extensions>
              <ns3:TPX>
                <ns3:Speed>1.2100000381469727</ns3:Speed>
              </ns3:TPX>
            </Extensions>
          </Trackpoint>
          <Trackpoint>
            <Time>2026-04-13T00:38:29.000Z</Time>
            <Position>
              <LatitudeDegrees>-41.64968356490135</LatitudeDegrees>
              <LongitudeDegrees>145.95534986816347</LongitudeDegrees>
            </Position>
            <AltitudeMeters>1103.199951171875</AltitudeMeters>
            <DistanceMeters>831.2899780273438</DistanceMeters>
            <Extensions>
              <ns3:TPX>
                <ns3:Speed>0.6000000238418579</ns3:Speed>
              </ns3:TPX>
            </Extensions>
          </Trackpoint>
          <Trackpoint>
            <Time>2026-04-13T00:38:43.000Z</Time>
            <Position>
              <LatitudeDegrees>-41.64961064234376</LatitudeDegrees>
              <LongitudeDegrees>145.95530544407666</LongitudeDegrees>
            </Position>
            <AltitudeMeters>1104.800048828125</AltitudeMeters>
            <DistanceMeters>840.2999877929688</DistanceMeters>
            <Extensions>
              <ns3:TPX>
                <ns3:Speed>0.6899999976158142</ns3:Speed>
              </ns3:TPX>
            </Extensions>
          </Trackpoint>
          <Trackpoint>
            <Time>2026-04-13T00:38:54.000Z</Time>
            <Position>
              <LatitudeDegrees>-41.64953973144293</LatitudeDegrees>
              <LongitudeDegrees>145.95527828671038</LongitudeDegrees>
            </Position>
            <AltitudeMeters>1105.5999755859375</AltitudeMeters>
            <DistanceMeters>848.6099853515625</DistanceMeters>
            <Extensions>
              <ns3:TPX>
                <ns3:Speed>0.5099999904632568</ns3:Speed>
              </ns3:TPX>
            </Extensions>
          </Trackpoint>
          <Trackpoint>
            <Time>2026-04-13T00:39:03.000Z</Time>
            <Position>
              <LatitudeDegrees>-41.64949228987098</LatitudeDegrees>
              <LongitudeDegrees>145.95527635887265</LongitudeDegrees>
            </Position>
            <AltitudeMeters>1107.0</AltitudeMeters>
            <DistanceMeters>853.9500122070312</DistanceMeters>
            <Extensions>
              <ns3:TPX>
                <ns3:Speed>1.1100000143051147</ns3:Speed>
              </ns3:TPX>
            </Extensions>
          </Trackpoint>
          <Trackpoint>
            <Time>2026-04-13T00:39:16.000Z</Time>
            <Position>
              <LatitudeDegrees>-41.64938684552908</LatitudeDegrees>
              <LongitudeDegrees>145.95531248487532</LongitudeDegrees>
            </Position>
            <AltitudeMeters>1107.4000244140625</AltitudeMeters>
            <DistanceMeters>866.2100219726562</DistanceMeters>
            <Extensions>
              <ns3:TPX>
                <ns3:Speed>0.9599999785423279</ns3:Speed>
              </ns3:TPX>
            </Extensions>
          </Trackpoint>
          <Trackpoint>
            <Time>2026-04-13T00:39:29.000Z</Time>
            <Position>
              <LatitudeDegrees>-41.6492716781795</LatitudeDegrees>
              <LongitudeDegrees>145.95538842491806</LongitudeDegrees>
            </Position>
            <AltitudeMeters>1107.800048828125</AltitudeMeters>
            <DistanceMeters>880.6599731445312</DistanceMeters>
            <Extensions>
              <ns3:TPX>
                <ns3:Speed>0.9399999976158142</ns3:Speed>
              </ns3:TPX>
            </Extensions>
          </Trackpoint>
          <Trackpoint>
            <Time>2026-04-13T00:39:37.000Z</Time>
            <Position>
              <LatitudeDegrees>-41.64924267679453</LatitudeDegrees>
              <LongitudeDegrees>145.95547375269234</LongitudeDegrees>
            </Position>
            <AltitudeMeters>1108.4000244140625</AltitudeMeters>
            <DistanceMeters>888.510009765625</DistanceMeters>
            <Extensions>
              <ns3:TPX>
                <ns3:Speed>1.2300000190734863</ns3:Speed>
              </ns3:TPX>
            </Extensions>
          </Trackpoint>
          <Trackpoint>
            <Time>2026-04-13T00:39:43.000Z</Time>
            <Position>
              <LatitudeDegrees>-41.64921878837049</LatitudeDegrees>
              <LongitudeDegrees>145.95553318038583</LongitudeDegrees>
            </Position>
            <AltitudeMeters>1108.4000244140625</AltitudeMeters>
            <DistanceMeters>894.1699829101562</DistanceMeters>
            <Extensions>
              <ns3:TPX>
                <ns3:Speed>1.2999999523162842</ns3:Speed>
              </ns3:TPX>
            </Extensions>
          </Trackpoint>
          <Trackpoint>
            <Time>2026-04-13T00:39:52.000Z</Time>
            <Position>
              <LatitudeDegrees>-41.64921719580889</LatitudeDegrees>
              <LongitudeDegrees>145.95555933192372</LongitudeDegrees>
            </Position>
            <AltitudeMeters>1109.4000244140625</AltitudeMeters>
            <DistanceMeters>896.3699951171875</DistanceMeters>
            <Extensions>
              <ns3:TPX>
                <ns3:Speed>0.0</ns3:Speed>
              </ns3:TPX>
            </Extensions>
          </Trackpoint>
          <Trackpoint>
            <Time>2026-04-13T00:40:07.000Z</Time>
            <Position>
              <LatitudeDegrees>-41.64922557771206</LatitudeDegrees>
              <LongitudeDegrees>145.9555145725608</LongitudeDegrees>
            </Position>
            <AltitudeMeters>1112.199951171875</AltitudeMeters>
            <DistanceMeters>900.22998046875</DistanceMeters>
            <Extensions>
              <ns3:TPX>
                <ns3:Speed>1.1100000143051147</ns3:Speed>
              </ns3:TPX>
            </Extensions>
          </Trackpoint>
          <Trackpoint>
            <Time>2026-04-13T00:40:08.000Z</Time>
            <Position>
              <LatitudeDegrees>-41.64923253469169</LatitudeDegrees>
              <LongitudeDegrees>145.9555032569915</LongitudeDegrees>
            </Position>
            <AltitudeMeters>1112.199951171875</AltitudeMeters>
            <DistanceMeters>901.4600219726562</DistanceMeters>
            <Extensions>
              <ns3:TPX>
                <ns3:Speed>1.1399999856948853</ns3:Speed>
              </ns3:TPX>
            </Extensions>
          </Trackpoint>
          <Trackpoint>
            <Time>2026-04-13T00:40:21.000Z</Time>
            <Position>
              <LatitudeDegrees>-41.64918308146298</LatitudeDegrees>
              <LongitudeDegrees>145.95541642047465</LongitudeDegrees>
            </Position>
            <AltitudeMeters>1115.199951171875</AltitudeMeters>
            <DistanceMeters>910.6099853515625</DistanceMeters>
            <Extensions>
              <ns3:TPX>
                <ns3:Speed>0.550000011920929</ns3:Speed>
              </ns3:TPX>
            </Extensions>
          </Trackpoint>
          <Trackpoint>
            <Time>2026-04-13T00:40:31.000Z</Time>
            <Position>
              <LatitudeDegrees>-41.64909758605063</LatitudeDegrees>
              <LongitudeDegrees>145.95539714209735</LongitudeDegrees>
            </Position>
            <AltitudeMeters>1117.800048828125</AltitudeMeters>
            <DistanceMeters>920.3699951171875</DistanceMeters>
            <Extensions>
              <ns3:TPX>
                <ns3:Speed>1.1200000047683716</ns3:Speed>
              </ns3:TPX>
            </Extensions>
          </Trackpoint>
          <Trackpoint>
            <Time>2026-04-13T00:40:32.000Z</Time>
            <Position>
              <LatitudeDegrees>-41.64908635430038</LatitudeDegrees>
              <LongitudeDegrees>145.95539479516447</LongitudeDegrees>
            </Position>
            <AltitudeMeters>1118.0</AltitudeMeters>
            <DistanceMeters>921.6599731445312</DistanceMeters>
            <Extensions>
              <ns3:TPX>
                <ns3:Speed>1.1100000143051147</ns3:Speed>
              </ns3:TPX>
            </Extensions>
          </Trackpoint>
          <Trackpoint>
            <Time>2026-04-13T00:40:48.000Z</Time>
            <Position>
              <LatitudeDegrees>-41.64896925911307</LatitudeDegrees>
              <LongitudeDegrees>145.95532606355846</LongitudeDegrees>
            </Position>
            <AltitudeMeters>1120.800048828125</AltitudeMeters>
            <DistanceMeters>936.0399780273438</DistanceMeters>
            <Extensions>
              <ns3:TPX>
                <ns3:Speed>1.0299999713897705</ns3:Speed>
              </ns3:TPX>
            </Extensions>
          </Trackpoint>
          <Trackpoint>
            <Time>2026-04-13T00:40:58.000Z</Time>
            <Position>
              <LatitudeDegrees>-41.64887479506433</LatitudeDegrees>
              <LongitudeDegrees>145.95527979545295</LongitudeDegrees>
            </Position>
            <AltitudeMeters>1125.0</AltitudeMeters>
            <DistanceMeters>947.3499755859375</DistanceMeters>
            <Extensions>
              <ns3:TPX>
                <ns3:Speed>0.9700000286102295</ns3:Speed>
              </ns3:TPX>
            </Extensions>
          </Trackpoint>
          <Trackpoint>
            <Time>2026-04-13T00:41:13.000Z</Time>
            <Position>
              <LatitudeDegrees>-41.64875216782093</LatitudeDegrees>
              <LongitudeDegrees>145.95523017458618</LongitudeDegrees>
            </Position>
            <AltitudeMeters>1128.199951171875</AltitudeMeters>
            <DistanceMeters>961.77001953125</DistanceMeters>
            <Extensions>
              <ns3:TPX>
                <ns3:Speed>0.8700000047683716</ns3:Speed>
              </ns3:TPX>
            </Extensions>
          </Trackpoint>
          <Trackpoint>
            <Time>2026-04-13T00:41:21.000Z</Time>
            <Position>
              <LatitudeDegrees>-41.64872718974948</LatitudeDegrees>
              <LongitudeDegrees>145.95516135916114</LongitudeDegrees>
            </Position>
            <AltitudeMeters>1131.5999755859375</AltitudeMeters>
            <DistanceMeters>968.1799926757812</DistanceMeters>
            <Extensions>
              <ns3:TPX>
                <ns3:Speed>0.8500000238418579</ns3:Speed>
              </ns3:TPX>
            </Extensions>
          </Trackpoint>
          <Trackpoint>
            <Time>2026-04-13T00:41:30.000Z</Time>
            <Position>
              <LatitudeDegrees>-41.64873842149973</LatitudeDegrees>
              <LongitudeDegrees>145.9550595190376</LongitudeDegrees>
            </Position>
            <AltitudeMeters>1134.5999755859375</AltitudeMeters>
            <DistanceMeters>976.7899780273438</DistanceMeters>
            <Extensions>
              <ns3:TPX>
                <ns3:Speed>0.7200000286102295</ns3:Speed>
              </ns3:TPX>
            </Extensions>
          </Trackpoint>
          <Trackpoint>
            <Time>2026-04-13T00:41:40.000Z</Time>
            <Position>
              <LatitudeDegrees>-41.64878577925265</LatitudeDegrees>
              <LongitudeDegrees>145.95497234724462</LongitudeDegrees>
            </Position>
            <AltitudeMeters>1137.800048828125</AltitudeMeters>
            <DistanceMeters>985.8200073242188</DistanceMeters>
            <Extensions>
              <ns3:TPX>
                <ns3:Speed>0.800000011920929</ns3:Speed>
              </ns3:TPX>
            </Extensions>
          </Trackpoint>
          <Trackpoint>
            <Time>2026-04-13T00:41:51.000Z</Time>
            <Position>
              <LatitudeDegrees>-41.648810086771846</LatitudeDegrees>
              <LongitudeDegrees>145.95487126149237</LongitudeDegrees>
            </Position>
            <AltitudeMeters>1140.800048828125</AltitudeMeters>
            <DistanceMeters>994.7000122070312</DistanceMeters>
            <Extensions>
              <ns3:TPX>
                <ns3:Speed>0.699999988079071</ns3:Speed>
              </ns3:TPX>
            </Extensions>
          </Trackpoint>
          <Trackpoint>
            <Time>2026-04-13T00:42:05.000Z</Time>
            <Position>
              <LatitudeDegrees>-41.64889331907034</LatitudeDegrees>
              <LongitudeDegrees>145.95474804751575</LongitudeDegrees>
            </Position>
            <AltitudeMeters>1144.0</AltitudeMeters>
            <DistanceMeters>1008.6300048828125</DistanceMeters>
            <Extensions>
              <ns3:TPX>
                <ns3:Speed>0.7200000286102295</ns3:Speed>
              </ns3:TPX>
            </Extensions>
          </Trackpoint>
          <Trackpoint>
            <Time>2026-04-13T00:42:18.000Z</Time>
            <Position>
              <LatitudeDegrees>-41.64894034154713</LatitudeDegrees>
              <LongitudeDegrees>145.95467085018754</LongitudeDegrees>
            </Position>
            <AltitudeMeters>1147.0</AltitudeMeters>
            <DistanceMeters>1016.97998046875</DistanceMeters>
            <Extensions>
              <ns3:TPX>
                <ns3:Speed>0.46000000834465027</ns3:Speed>
              </ns3:TPX>
            </Extensions>
          </Trackpoint>
          <Trackpoint>
            <Time>2026-04-13T00:42:27.000Z</Time>
            <Position>
              <LatitudeDegrees>-41.64895693771541</LatitudeDegrees>
              <LongitudeDegrees>145.95463606528938</LongitudeDegrees>
            </Position>
            <AltitudeMeters>1150.199951171875</AltitudeMeters>
            <DistanceMeters>1020.4299926757812</DistanceMeters>
            <Extensions>
              <ns3:TPX>
                <ns3:Speed>0.27000001072883606</ns3:Speed>
              </ns3:TPX>
            </Extensions>
          </Trackpoint>
          <Trackpoint>
            <Time>2026-04-13T00:42:36.000Z</Time>
            <Position>
              <LatitudeDegrees>-41.648967331275344</LatitudeDegrees>
              <LongitudeDegrees>145.95456984825432</LongitudeDegrees>
            </Position>
            <AltitudeMeters>1153.4000244140625</AltitudeMeters>
            <DistanceMeters>1026.0899658203125</DistanceMeters>
            <Extensions>
              <ns3:TPX>
                <ns3:Speed>0.4300000071525574</ns3:Speed>
              </ns3:TPX>
            </Extensions>
          </Trackpoint>
          <Trackpoint>
            <Time>2026-04-13T00:42:43.000Z</Time>
            <Position>
              <LatitudeDegrees>-41.649021562188864</LatitudeDegrees>
              <LongitudeDegrees>145.9545243345201</LongitudeDegrees>
            </Position>
            <AltitudeMeters>1156.5999755859375</AltitudeMeters>
            <DistanceMeters>1033.280029296875</DistanceMeters>
            <Extensions>
              <ns3:TPX>
                <ns3:Speed>0.5</ns3:Speed>
              </ns3:TPX>
            </Extensions>
          </Trackpoint>
          <Trackpoint>
            <Time>2026-04-13T00:42:52.000Z</Time>
            <Position>
              <LatitudeDegrees>-41.64907998405397</LatitudeDegrees>
              <LongitudeDegrees>145.95445786602795</LongitudeDegrees>
            </Position>
            <AltitudeMeters>1159.800048828125</AltitudeMeters>
            <DistanceMeters>1041.8800048828125</DistanceMeters>
            <Extensions>
              <ns3:TPX>
                <ns3:Speed>0.8600000143051147</ns3:Speed>
              </ns3:TPX>
            </Extensions>
          </Trackpoint>
          <Trackpoint>
            <Time>2026-04-13T00:43:03.000Z</Time>
            <Position>
              <LatitudeDegrees>-41.649139830842614</LatitudeDegrees>
              <LongitudeDegrees>145.9543726220727</LongitudeDegrees>
            </Position>
            <AltitudeMeters>1163.0</AltitudeMeters>
            <DistanceMeters>1051.68994140625</DistanceMeters>
            <Extensions>
              <ns3:TPX>
                <ns3:Speed>0.8100000023841858</ns3:Speed>
              </ns3:TPX>
            </Extensions>
          </Trackpoint>
          <Trackpoint>
            <Time>2026-04-13T00:43:14.000Z</Time>
            <Position>
              <LatitudeDegrees>-41.64918132126331</LatitudeDegrees>
              <LongitudeDegrees>145.9543372504413</LongitudeDegrees>
            </Position>
            <AltitudeMeters>1166.0</AltitudeMeters>
            <DistanceMeters>1057.2099609375</DistanceMeters>
            <Extensions>
              <ns3:TPX>
                <ns3:Speed>0.10999999940395355</ns3:Speed>
              </ns3:TPX>
            </Extensions>
          </Trackpoint>
          <Trackpoint>
            <Time>2026-04-13T00:43:31.000Z</Time>
            <Position>
              <LatitudeDegrees>-41.64927687495947</LatitudeDegrees>
              <LongitudeDegrees>145.9542098455131</LongitudeDegrees>
            </Position>
            <AltitudeMeters>1168.5999755859375</AltitudeMeters>
            <DistanceMeters>1072.3499755859375</DistanceMeters>
            <Extensions>
              <ns3:TPX>
                <ns3:Speed>0.9700000286102295</ns3:Speed>
              </ns3:TPX>
            </Extensions>
          </Trackpoint>
          <Trackpoint>
            <Time>2026-04-13T00:43:41.000Z</Time>
            <Position>
              <LatitudeDegrees>-41.649322137236595</LatitudeDegrees>
              <LongitudeDegrees>145.95412745140493</LongitudeDegrees>
            </Position>
            <AltitudeMeters>1171.800048828125</AltitudeMeters>
            <DistanceMeters>1080.9100341796875</DistanceMeters>
            <Extensions>
              <ns3:TPX>
                <ns3:Speed>0.9599999785423279</ns3:Speed>
              </ns3:TPX>
            </Extensions>
          </Trackpoint>
          <Trackpoint>
            <Time>2026-04-13T00:43:53.000Z</Time>
            <Position>
              <LatitudeDegrees>-41.64941752329469</LatitudeDegrees>
              <LongitudeDegrees>145.95400985330343</LongitudeDegrees>
            </Position>
            <AltitudeMeters>1173.5999755859375</AltitudeMeters>
            <DistanceMeters>1095.469970703125</DistanceMeters>
            <Extensions>
              <ns3:TPX>
                <ns3:Speed>1.1200000047683716</ns3:Speed>
              </ns3:TPX>
            </Extensions>
          </Trackpoint>
          <Trackpoint>
            <Time>2026-04-13T00:44:05.000Z</Time>
            <Position>
              <LatitudeDegrees>-41.64951995015144</LatitudeDegrees>
              <LongitudeDegrees>145.9538990445435</LongitudeDegrees>
            </Position>
            <AltitudeMeters>1176.800048828125</AltitudeMeters>
            <DistanceMeters>1110.260009765625</DistanceMeters>
            <Extensions>
              <ns3:TPX>
                <ns3:Speed>1.100000023841858</ns3:Speed>
              </ns3:TPX>
            </Extensions>
          </Trackpoint>
          <Trackpoint>
            <Time>2026-04-13T00:44:17.000Z</Time>
            <Position>
              <LatitudeDegrees>-41.64959748275578</LatitudeDegrees>
              <LongitudeDegrees>145.95379351638258</LongitudeDegrees>
            </Position>
            <AltitudeMeters>1179.800048828125</AltitudeMeters>
            <DistanceMeters>1122.6700439453125</DistanceMeters>
            <Extensions>
              <ns3:TPX>
                <ns3:Speed>1.0800000429153442</ns3:Speed>
              </ns3:TPX>
            </Extensions>
          </Trackpoint>
          <Trackpoint>
            <Time>2026-04-13T00:44:32.000Z</Time>
            <Position>
              <LatitudeDegrees>-41.649646516889334</LatitudeDegrees>
              <LongitudeDegrees>145.95364172011614</LongitudeDegrees>
            </Position>
            <AltitudeMeters>1183.199951171875</AltitudeMeters>
            <DistanceMeters>1136.52001953125</DistanceMeters>
            <Extensions>
              <ns3:TPX>
                <ns3:Speed>0.800000011920929</ns3:Speed>
              </ns3:TPX>
            </Extensions>
          </Trackpoint>
          <Trackpoint>
            <Time>2026-04-13T00:44:42.000Z</Time>
            <Position>
              <LatitudeDegrees>-41.64966193959117</LatitudeDegrees>
              <LongitudeDegrees>145.95353703014553</LongitudeDegrees>
            </Position>
            <AltitudeMeters>1186.199951171875</AltitudeMeters>
            <DistanceMeters>1145.43994140625</DistanceMeters>
            <Extensions>
              <ns3:TPX>
                <ns3:Speed>0.6700000166893005</ns3:Speed>
              </ns3:TPX>
            </Extensions>
          </Trackpoint>
          <Trackpoint>
            <Time>2026-04-13T00:44:51.000Z</Time>
            <Position>
              <LatitudeDegrees>-41.6496292501688</LatitudeDegrees>
              <LongitudeDegrees>145.95349436625838</LongitudeDegrees>
            </Position>
            <AltitudeMeters>1189.5999755859375</AltitudeMeters>
            <DistanceMeters>1150.56005859375</DistanceMeters>
            <Extensions>
              <ns3:TPX>
                <ns3:Speed>0.5400000214576721</ns3:Speed>
              </ns3:TPX>
            </Extensions>
          </Trackpoint>
          <Trackpoint>
            <Time>2026-04-13T00:44:59.000Z</Time>
            <Position>
              <LatitudeDegrees>-41.64959748275578</LatitudeDegrees>
              <LongitudeDegrees>145.95346678979695</LongitudeDegrees>
            </Position>
            <AltitudeMeters>1192.5999755859375</AltitudeMeters>
            <DistanceMeters>1154.8199462890625</DistanceMeters>
            <Extensions>
              <ns3:TPX>
                <ns3:Speed>0.5899999737739563</ns3:Speed>
              </ns3:TPX>
            </Extensions>
          </Trackpoint>
          <Trackpoint>
            <Time>2026-04-13T00:45:06.000Z</Time>
            <Position>
              <LatitudeDegrees>-41.64956672117114</LatitudeDegrees>
              <LongitudeDegrees>145.95344323664904</LongitudeDegrees>
            </Position>
            <AltitudeMeters>1195.800048828125</AltitudeMeters>
            <DistanceMeters>1158.8199462890625</DistanceMeters>
            <Extensions>
              <ns3:TPX>
                <ns3:Speed>0.6200000047683716</ns3:Speed>
              </ns3:TPX>
            </Extensions>
          </Trackpoint>
          <Trackpoint>
            <Time>2026-04-13T00:45:15.000Z</Time>
            <Position>
              <LatitudeDegrees>-41.649518525227904</LatitudeDegrees>
              <LongitudeDegrees>145.9534135647118</LongitudeDegrees>
            </Position>
            <AltitudeMeters>1198.800048828125</AltitudeMeters>
            <DistanceMeters>1164.7900390625</DistanceMeters>
            <Extensions>
              <ns3:TPX>
                <ns3:Speed>0.5799999833106995</ns3:Speed>
              </ns3:TPX>
            </Extensions>
          </Trackpoint>
          <Trackpoint>
            <Time>2026-04-13T00:45:24.000Z</Time>
            <Position>
              <LatitudeDegrees>-41.64949187077582</LatitudeDegrees>
              <LongitudeDegrees>145.95335958525538</LongitudeDegrees>
            </Position>
            <AltitudeMeters>1201.800048828125</AltitudeMeters>
            <DistanceMeters>1170.2099609375</DistanceMeters>
            <Extensions>
              <ns3:TPX>
                <ns3:Speed>0.6100000143051147</ns3:Speed>
              </ns3:TPX>
            </Extensions>
          </Trackpoint>
          <Trackpoint>
            <Time>2026-04-13T00:45:32.000Z</Time>
            <Position>
              <LatitudeDegrees>-41.64948114193976</LatitudeDegrees>
              <LongitudeDegrees>145.95327786169946</LongitudeDegrees>
            </Position>
            <AltitudeMeters>1205.0</AltitudeMeters>
            <DistanceMeters>1177.1400146484375</DistanceMeters>
            <Extensions>
              <ns3:TPX>
                <ns3:Speed>0.7400000095367432</ns3:Speed>
              </ns3:TPX>
            </Extensions>
          </Trackpoint>
          <Trackpoint>
            <Time>2026-04-13T00:45:41.000Z</Time>
            <Position>
              <LatitudeDegrees>-41.64947234094143</LatitudeDegrees>
              <LongitudeDegrees>145.95318356528878</LongitudeDegrees>
            </Position>
            <AltitudeMeters>1208.199951171875</AltitudeMeters>
            <DistanceMeters>1185.0899658203125</DistanceMeters>
            <Extensions>
              <ns3:TPX>
                <ns3:Speed>0.7099999785423279</ns3:Speed>
              </ns3:TPX>
            </Extensions>
          </Trackpoint>
          <Trackpoint>
            <Time>2026-04-13T00:45:53.000Z</Time>
            <Position>
              <LatitudeDegrees>-41.649451553821564</LatitudeDegrees>
              <LongitudeDegrees>145.95306596718729</LongitudeDegrees>
            </Position>
            <AltitudeMeters>1211.199951171875</AltitudeMeters>
            <DistanceMeters>1195.199951171875</DistanceMeters>
            <Extensions>
              <ns3:TPX>
                <ns3:Speed>1.2799999713897705</ns3:Speed>
              </ns3:TPX>
            </Extensions>
          </Trackpoint>
          <Trackpoint>
            <Time>2026-04-13T00:45:57.000Z</Time>
            <Position>
              <LatitudeDegrees>-41.64943864569068</LatitudeDegrees>
              <LongitudeDegrees>145.95301014371216</LongitudeDegrees>
            </Position>
            <AltitudeMeters>1212.800048828125</AltitudeMeters>
            <DistanceMeters>1200.0899658203125</DistanceMeters>
            <Extensions>
              <ns3:TPX>
                <ns3:Speed>1.7000000476837158</ns3:Speed>
              </ns3:TPX>
            </Extensions>
          </Trackpoint>
          <Trackpoint>
            <Time>2026-04-13T00:45:58.000Z</Time>
            <Position>
              <LatitudeDegrees>-41.64943462237716</LatitudeDegrees>
              <LongitudeDegrees>145.95299555920064</LongitudeDegrees>
            </Position>
            <AltitudeMeters>1213.0</AltitudeMeters>
            <DistanceMeters>1201.3800048828125</DistanceMeters>
            <Extensions>
              <ns3:TPX>
                <ns3:Speed>1.2699999809265137</ns3:Speed>
              </ns3:TPX>
            </Extensions>
          </Trackpoint>
          <Trackpoint>
            <Time>2026-04-13T00:46:11.000Z</Time>
            <Position>
              <LatitudeDegrees>-41.64949136786163</LatitudeDegrees>
              <LongitudeDegrees>145.95286798663437</LongitudeDegrees>
            </Position>
            <AltitudeMeters>1215.199951171875</AltitudeMeters>
            <DistanceMeters>1213.8199462890625</DistanceMeters>
            <Extensions>
              <ns3:TPX>
                <ns3:Speed>0.9800000190734863</ns3:Speed>
              </ns3:TPX>
            </Extensions>
          </Trackpoint>
          <Trackpoint>
            <Time>2026-04-13T00:46:25.000Z</Time>
            <Position>
              <LatitudeDegrees>-41.649559177458286</LatitudeDegrees>
              <LongitudeDegrees>145.95276757143438</LongitudeDegrees>
            </Position>
            <AltitudeMeters>1217.0</AltitudeMeters>
            <DistanceMeters>1225.1700439453125</DistanceMeters>
            <Extensions>
              <ns3:TPX>
                <ns3:Speed>1.090000033378601</ns3:Speed>
              </ns3:TPX>
            </Extensions>
          </Trackpoint>
          <Trackpoint>
            <Time>2026-04-13T00:46:34.000Z</Time>
            <Position>
              <LatitudeDegrees>-41.64960787631571</LatitudeDegrees>
              <LongitudeDegrees>145.95268442295492</LongitudeDegrees>
            </Position>
            <AltitudeMeters>1220.199951171875</AltitudeMeters>
            <DistanceMeters>1234.010009765625</DistanceMeters>
            <Extensions>
              <ns3:TPX>
                <ns3:Speed>0.6100000143051147</ns3:Speed>
              </ns3:TPX>
            </Extensions>
          </Trackpoint>
          <Trackpoint>
            <Time>2026-04-13T00:46:44.000Z</Time>
            <Position>
              <LatitudeDegrees>-41.649624556303024</LatitudeDegrees>
              <LongitudeDegrees>145.9526114165783</LongitudeDegrees>
            </Position>
            <AltitudeMeters>1223.4000244140625</AltitudeMeters>
            <DistanceMeters>1240.3900146484375</DistanceMeters>
            <Extensions>
              <ns3:TPX>
                <ns3:Speed>0.4699999988079071</ns3:Speed>
              </ns3:TPX>
            </Extensions>
          </Trackpoint>
          <Trackpoint>
            <Time>2026-04-13T00:46:51.000Z</Time>
            <Position>
              <LatitudeDegrees>-41.649635368958116</LatitudeDegrees>
              <LongitudeDegrees>145.95256037078798</LongitudeDegrees>
            </Position>
            <AltitudeMeters>1226.800048828125</AltitudeMeters>
            <DistanceMeters>1244.8299560546875</DistanceMeters>
            <Extensions>
              <ns3:TPX>
                <ns3:Speed>0.49000000953674316</ns3:Speed>
              </ns3:TPX>
            </Extensions>
          </Trackpoint>
          <Trackpoint>
            <Time>2026-04-13T00:47:01.000Z</Time>
            <Position>
              <LatitudeDegrees>-41.649664118885994</LatitudeDegrees>
              <LongitudeDegrees>145.95248317345977</LongitudeDegrees>
            </Position>
            <AltitudeMeters>1229.800048828125</AltitudeMeters>
            <DistanceMeters>1252.050048828125</DistanceMeters>
            <Extensions>
              <ns3:TPX>
                <ns3:Speed>0.6700000166893005</ns3:Speed>
              </ns3:TPX>
            </Extensions>
          </Trackpoint>
          <Trackpoint>
            <Time>2026-04-13T00:47:09.000Z</Time>
            <Position>
              <LatitudeDegrees>-41.64969169534743</LatitudeDegrees>
              <LongitudeDegrees>145.952425673604</LongitudeDegrees>
            </Position>
            <AltitudeMeters>1233.0</AltitudeMeters>
            <DistanceMeters>1257.77001953125</DistanceMeters>
            <Extensions>
              <ns3:TPX>
                <ns3:Speed>0.6499999761581421</ns3:Speed>
              </ns3:TPX>
            </Extensions>
          </Trackpoint>
          <Trackpoint>
            <Time>2026-04-13T00:47:20.000Z</Time>
            <Position>
              <LatitudeDegrees>-41.649728156626225</LatitudeDegrees>
              <LongitudeDegrees>145.95233037136495</LongitudeDegrees>
            </Position>
            <AltitudeMeters>1236.199951171875</AltitudeMeters>
            <DistanceMeters>1266.72998046875</DistanceMeters>
            <Extensions>
              <ns3:TPX>
                <ns3:Speed>0.550000011920929</ns3:Speed>
              </ns3:TPX>
            </Extensions>
          </Trackpoint>
          <Trackpoint>
            <Time>2026-04-13T00:47:32.000Z</Time>
            <Position>
              <LatitudeDegrees>-41.649711560457945</LatitudeDegrees>
              <LongitudeDegrees>145.9522522520274</LongitudeDegrees>
            </Position>
            <AltitudeMeters>1239.4000244140625</AltitudeMeters>
            <DistanceMeters>1273.52001953125</DistanceMeters>
            <Extensions>
              <ns3:TPX>
                <ns3:Speed>0.5</ns3:Speed>
              </ns3:TPX>
            </Extensions>
          </Trackpoint>
          <Trackpoint>
            <Time>2026-04-13T00:47:46.000Z</Time>
            <Position>
              <LatitudeDegrees>-41.64970971643925</LatitudeDegrees>
              <LongitudeDegrees>145.95219232141972</LongitudeDegrees>
            </Position>
            <AltitudeMeters>1242.4000244140625</AltitudeMeters>
            <DistanceMeters>1278.530029296875</DistanceMeters>
            <Extensions>
              <ns3:TPX>
                <ns3:Speed>0.6100000143051147</ns3:Speed>
              </ns3:TPX>
            </Extensions>
          </Trackpoint>
          <Trackpoint>
            <Time>2026-04-13T00:48:01.000Z</Time>
            <Position>
              <LatitudeDegrees>-41.64967266842723</LatitudeDegrees>
              <LongitudeDegrees>145.95209148712456</LongitudeDegrees>
            </Position>
            <AltitudeMeters>1245.5999755859375</AltitudeMeters>
            <DistanceMeters>1287.93994140625</DistanceMeters>
            <Extensions>
              <ns3:TPX>
                <ns3:Speed>0.8299999833106995</ns3:Speed>
              </ns3:TPX>
            </Extensions>
          </Trackpoint>
          <Trackpoint>
            <Time>2026-04-13T00:48:09.000Z</Time>
            <Position>
              <LatitudeDegrees>-41.64963419549167</LatitudeDegrees>
              <LongitudeDegrees>145.95201479271054</LongitudeDegrees>
            </Position>
            <AltitudeMeters>1249.0</AltitudeMeters>
            <DistanceMeters>1295.68994140625</DistanceMeters>
            <Extensions>
              <ns3:TPX>
                <ns3:Speed>0.9700000286102295</ns3:Speed>
              </ns3:TPX>
            </Extensions>
          </Trackpoint>
          <Trackpoint>
            <Time>2026-04-13T00:48:11.000Z</Time>
            <Position>
              <LatitudeDegrees>-41.64962044917047</LatitudeDegrees>
              <LongitudeDegrees>145.95199182629585</LongitudeDegrees>
            </Position>
            <AltitudeMeters>1249.5999755859375</AltitudeMeters>
            <DistanceMeters>1298.1500244140625</DistanceMeters>
            <Extensions>
              <ns3:TPX>
                <ns3:Speed>1.600000023841858</ns3:Speed>
              </ns3:TPX>
            </Extensions>
          </Trackpoint>
          <Trackpoint>
            <Time>2026-04-13T00:48:14.000Z</Time>
            <Position>
              <LatitudeDegrees>-41.649603098630905</LatitudeDegrees>
              <LongitudeDegrees>145.95195905305445</LongitudeDegrees>
            </Position>
            <AltitudeMeters>1250.4000244140625</AltitudeMeters>
            <DistanceMeters>1301.510009765625</DistanceMeters>
            <Extensions>
              <ns3:TPX>
                <ns3:Speed>1.350000023841858</ns3:Speed>
              </ns3:TPX>
            </Extensions>
          </Trackpoint>
          <Trackpoint>
            <Time>2026-04-13T00:48:17.000Z</Time>
            <Position>
              <LatitudeDegrees>-41.64960569702089</LatitudeDegrees>
              <LongitudeDegrees>145.95192435197532</LongitudeDegrees>
            </Position>
            <AltitudeMeters>1250.800048828125</AltitudeMeters>
            <DistanceMeters>1304.4300537109375</DistanceMeters>
            <Extensions>
              <ns3:TPX>
                <ns3:Speed>1.0499999523162842</ns3:Speed>
              </ns3:TPX>
            </Extensions>
          </Trackpoint>
          <Trackpoint>
            <Time>2026-04-13T00:48:29.000Z</Time>
            <Position>
              <LatitudeDegrees>-41.64964542724192</LatitudeDegrees>
              <LongitudeDegrees>145.9517699573189</LongitudeDegrees>
            </Position>
            <AltitudeMeters>1252.5999755859375</AltitudeMeters>
            <DistanceMeters>1318.0999755859375</DistanceMeters>
            <Extensions>
              <ns3:TPX>
                <ns3:Speed>1.090000033378601</ns3:Speed>
              </ns3:TPX>
            </Extensions>
          </Trackpoint>
          <Trackpoint>
            <Time>2026-04-13T00:48:30.000Z</Time>
            <Position>
              <LatitudeDegrees>-41.64964148774743</LatitudeDegrees>
              <LongitudeDegrees>145.95175453461707</LongitudeDegrees>
            </Position>
            <AltitudeMeters>1252.800048828125</AltitudeMeters>
            <DistanceMeters>1319.4599609375</DistanceMeters>
            <Extensions>
              <ns3:TPX>
                <ns3:Speed>1.25</ns3:Speed>
              </ns3:TPX>
            </Extensions>
          </Trackpoint>
          <Trackpoint>
            <Time>2026-04-13T00:48:31.000Z</Time>
            <Position>
              <LatitudeDegrees>-41.64963847026229</LatitudeDegrees>
              <LongitudeDegrees>145.95174045301974</LongitudeDegrees>
            </Position>
            <AltitudeMeters>1252.800048828125</AltitudeMeters>
            <DistanceMeters>1320.6800537109375</DistanceMeters>
            <Extensions>
              <ns3:TPX>
                <ns3:Speed>1.2699999809265137</ns3:Speed>
              </ns3:TPX>
            </Extensions>
          </Trackpoint>
          <Trackpoint>
            <Time>2026-04-13T00:48:36.000Z</Time>
            <Position>
              <LatitudeDegrees>-41.64962028153241</LatitudeDegrees>
              <LongitudeDegrees>145.9516636747867</LongitudeDegrees>
            </Position>
            <AltitudeMeters>1253.5999755859375</AltitudeMeters>
            <DistanceMeters>1327.4200439453125</DistanceMeters>
            <Extensions>
              <ns3:TPX>
                <ns3:Speed>1.3700000047683716</ns3:Speed>
              </ns3:TPX>
            </Extensions>
          </Trackpoint>
          <Trackpoint>
            <Time>2026-04-13T00:48:39.000Z</Time>
            <Position>
              <LatitudeDegrees>-41.64960435591638</LatitudeDegrees>
              <LongitudeDegrees>145.95162319019437</LongitudeDegrees>
            </Position>
            <AltitudeMeters>1254.0</AltitudeMeters>
            <DistanceMeters>1331.260009765625</DistanceMeters>
            <Extensions>
              <ns3:TPX>
                <ns3:Speed>1.1699999570846558</ns3:Speed>
              </ns3:TPX>
            </Extensions>
          </Trackpoint>
          <Trackpoint>
            <Time>2026-04-13T00:48:40.000Z</Time>
            <Position>
              <LatitudeDegrees>-41.64960192516446</LatitudeDegrees>
              <LongitudeDegrees>145.95160885713995</LongitudeDegrees>
            </Position>
            <AltitudeMeters>1254.0</AltitudeMeters>
            <DistanceMeters>1332.47998046875</DistanceMeters>
            <Extensions>
              <ns3:TPX>
                <ns3:Speed>1.2100000381469727</ns3:Speed>
              </ns3:TPX>
            </Extensions>
          </Trackpoint>
          <Trackpoint>
            <Time>2026-04-13T00:48:41.000Z</Time>
            <Position>
              <LatitudeDegrees>-41.64959932677448</LatitudeDegrees>
              <LongitudeDegrees>145.95159477554262</LongitudeDegrees>
            </Position>
            <AltitudeMeters>1254.199951171875</AltitudeMeters>
            <DistanceMeters>1333.68994140625</DistanceMeters>
            <Extensions>
              <ns3:TPX>
                <ns3:Speed>1.2999999523162842</ns3:Speed>
              </ns3:TPX>
            </Extensions>
          </Trackpoint>
          <Trackpoint>
            <Time>2026-04-13T00:48:42.000Z</Time>
            <Position>
              <LatitudeDegrees>-41.64959848858416</LatitudeDegrees>
              <LongitudeDegrees>145.95157717354596</LongitudeDegrees>
            </Position>
            <AltitudeMeters>1254.199951171875</AltitudeMeters>
            <DistanceMeters>1335.1600341796875</DistanceMeters>
            <Extensions>
              <ns3:TPX>
                <ns3:Speed>1.6100000143051147</ns3:Speed>
              </ns3:TPX>
            </Extensions>
          </Trackpoint>
          <Trackpoint>
            <Time>2026-04-13T00:48:43.000Z</Time>
            <Position>
              <LatitudeDegrees>-41.6495946329087</LatitudeDegrees>
              <LongitudeDegrees>145.95156074501574</LongitudeDegrees>
            </Position>
            <AltitudeMeters>1254.199951171875</AltitudeMeters>
            <DistanceMeters>1336.5899658203125</DistanceMeters>
            <Extensions>
              <ns3:TPX>
                <ns3:Speed>1.2000000476837158</ns3:Speed>
              </ns3:TPX>
            </Extensions>
          </Trackpoint>
          <Trackpoint>
            <Time>2026-04-13T00:48:44.000Z</Time>
            <Position>
              <LatitudeDegrees>-41.64958968758583</LatitudeDegrees>
              <LongitudeDegrees>145.9515487588942</LongitudeDegrees>
            </Position>
            <AltitudeMeters>1254.4000244140625</AltitudeMeters>
            <DistanceMeters>1337.739990234375</DistanceMeters>
            <Extensions>
              <ns3:TPX>
                <ns3:Speed>1.1799999475479126</ns3:Speed>
              </ns3:TPX>
            </Extensions>
          </Trackpoint>
          <Trackpoint>
            <Time>2026-04-13T00:48:48.000Z</Time>
            <Position>
              <LatitudeDegrees>-41.649584574624896</LatitudeDegrees>
              <LongitudeDegrees>145.9514919295907</LongitudeDegrees>
            </Position>
            <AltitudeMeters>1255.199951171875</AltitudeMeters>
            <DistanceMeters>1342.530029296875</DistanceMeters>
            <Extensions>
              <ns3:TPX>
                <ns3:Speed>1.309999942779541</ns3:Speed>
              </ns3:TPX>
            </Extensions>
          </Trackpoint>
          <Trackpoint>
            <Time>2026-04-13T00:48:49.000Z</Time>
            <Position>
              <LatitudeDegrees>-41.64958918467164</LatitudeDegrees>
              <LongitudeDegrees>145.95147734507918</LongitudeDegrees>
            </Position>
            <AltitudeMeters>1255.199951171875</AltitudeMeters>
            <DistanceMeters>1343.8399658203125</DistanceMeters>
            <Extensions>
              <ns3:TPX>
                <ns3:Speed>1.3200000524520874</ns3:Speed>
              </ns3:TPX>
            </Extensions>
          </Trackpoint>
          <Trackpoint>
            <Time>2026-04-13T00:48:50.000Z</Time>
            <Position>
              <LatitudeDegrees>-41.64959404617548</LatitudeDegrees>
              <LongitudeDegrees>145.9514633473009</LongitudeDegrees>
            </Position>
            <AltitudeMeters>1255.4000244140625</AltitudeMeters>
            <DistanceMeters>1345.1300048828125</DistanceMeters>
            <Extensions>
              <ns3:TPX>
                <ns3:Speed>1.2100000381469727</ns3:Speed>
              </ns3:TPX>
            </Extensions>
          </Trackpoint>
          <Trackpoint>
            <Time>2026-04-13T00:48:51.000Z</Time>
            <Position>
              <LatitudeDegrees>-41.64959563873708</LatitudeDegrees>
              <LongitudeDegrees>145.9514493495226</LongitudeDegrees>
            </Position>
            <AltitudeMeters>1255.5999755859375</AltitudeMeters>
            <DistanceMeters>1346.31005859375</DistanceMeters>
            <Extensions>
              <ns3:TPX>
                <ns3:Speed>1.1200000047683716</ns3:Speed>
              </ns3:TPX>
            </Extensions>
          </Trackpoint>
          <Trackpoint>
            <Time>2026-04-13T00:48:52.000Z</Time>
            <Position>
              <LatitudeDegrees>-41.649594297632575</LatitudeDegrees>
              <LongitudeDegrees>145.95143468119204</LongitudeDegrees>
            </Position>
            <AltitudeMeters>1255.5999755859375</AltitudeMeters>
            <DistanceMeters>1347.5400390625</DistanceMeters>
            <Extensions>
              <ns3:TPX>
                <ns3:Speed>1.1299999952316284</ns3:Speed>
              </ns3:TPX>
            </Extensions>
          </Trackpoint>
          <Trackpoint>
            <Time>2026-04-13T00:48:53.000Z</Time>
            <Position>
              <LatitudeDegrees>-41.6495911963284</LatitudeDegrees>
              <LongitudeDegrees>145.95142018049955</LongitudeDegrees>
            </Position>
            <AltitudeMeters>1255.5999755859375</AltitudeMeters>
            <DistanceMeters>1348.800048828125</DistanceMeters>
            <Extensions>
              <ns3:TPX>
                <ns3:Speed>1.2599999904632568</ns3:Speed>
              </ns3:TPX>
            </Extensions>
          </Trackpoint>
          <Trackpoint>
            <Time>2026-04-13T00:48:54.000Z</Time>
            <Position>
              <LatitudeDegrees>-41.64958725683391</LatitudeDegrees>
              <LongitudeDegrees>145.9514041710645</LongitudeDegrees>
            </Position>
            <AltitudeMeters>1255.5999755859375</AltitudeMeters>
            <DistanceMeters>1350.2099609375</DistanceMeters>
            <Extensions>
              <ns3:TPX>
                <ns3:Speed>1.4199999570846558</ns3:Speed>
              </ns3:TPX>
            </Extensions>
          </Trackpoint>
          <Trackpoint>
            <Time>2026-04-13T00:48:55.000Z</Time>
            <Position>
              <LatitudeDegrees>-41.64958415552974</LatitudeDegrees>
              <LongitudeDegrees>145.95138899981976</LongitudeDegrees>
            </Position>
            <AltitudeMeters>1255.5999755859375</AltitudeMeters>
            <DistanceMeters>1351.52001953125</DistanceMeters>
            <Extensions>
              <ns3:TPX>
                <ns3:Speed>1.2100000381469727</ns3:Speed>
              </ns3:TPX>
            </Extensions>
          </Trackpoint>
          <Trackpoint>
            <Time>2026-04-13T00:48:56.000Z</Time>
            <Position>
              <LatitudeDegrees>-41.64958239533007</LatitudeDegrees>
              <LongitudeDegrees>145.95137097872794</LongitudeDegrees>
            </Position>
            <AltitudeMeters>1255.4000244140625</AltitudeMeters>
            <DistanceMeters>1353.030029296875</DistanceMeters>
            <Extensions>
              <ns3:TPX>
                <ns3:Speed>1.7699999809265137</ns3:Speed>
              </ns3:TPX>
            </Extensions>
          </Trackpoint>
          <Trackpoint>
            <Time>2026-04-13T00:48:57.000Z</Time>
            <Position>
              <LatitudeDegrees>-41.649578120559454</LatitudeDegrees>
              <LongitudeDegrees>145.95135144889355</LongitudeDegrees>
            </Position>
            <AltitudeMeters>1255.4000244140625</AltitudeMeters>
            <DistanceMeters>1354.739990234375</DistanceMeters>
            <Extensions>
              <ns3:TPX>
                <ns3:Speed>1.3200000524520874</ns3:Speed>
              </ns3:TPX>
            </Extensions>
          </Trackpoint>
          <Trackpoint>
            <Time>2026-04-13T00:48:58.000Z</Time>
            <Position>
              <LatitudeDegrees>-41.64957149885595</LatitudeDegrees>
              <LongitudeDegrees>145.95133569091558</LongitudeDegrees>
            </Position>
            <AltitudeMeters>1255.199951171875</AltitudeMeters>
            <DistanceMeters>1356.25</DistanceMeters>
            <Extensions>
              <ns3:TPX>
                <ns3:Speed>1.440000057220459</ns3:Speed>
              </ns3:TPX>
            </Extensions>
          </Trackpoint>
          <Trackpoint>
            <Time>2026-04-13T00:49:09.000Z</Time>
            <Position>
              <LatitudeDegrees>-41.64950612001121</LatitudeDegrees>
              <LongitudeDegrees>145.95124592073262</LongitudeDegrees>
            </Position>
            <AltitudeMeters>1254.800048828125</AltitudeMeters>
            <DistanceMeters>1366.77001953125</DistanceMeters>
            <Extensions>
              <ns3:TPX>
                <ns3:Speed>1.1699999570846558</ns3:Speed>
              </ns3:TPX>
            </Extensions>
          </Trackpoint>
          <Trackpoint>
            <Time>2026-04-13T00:49:10.000Z</Time>
            <Position>
              <LatitudeDegrees>-41.64949882775545</LatitudeDegrees>
              <LongitudeDegrees>145.95123653300107</LongitudeDegrees>
            </Position>
            <AltitudeMeters>1254.800048828125</AltitudeMeters>
            <DistanceMeters>1367.9100341796875</DistanceMeters>
            <Extensions>
              <ns3:TPX>
                <ns3:Speed>1.2000000476837158</ns3:Speed>
              </ns3:TPX>
            </Extensions>
          </Trackpoint>
          <Trackpoint>
            <Time>2026-04-13T00:49:11.000Z</Time>
            <Position>
              <LatitudeDegrees>-41.64949078112841</LatitudeDegrees>
              <LongitudeDegrees>145.95122848637402</LongitudeDegrees>
            </Position>
            <AltitudeMeters>1254.800048828125</AltitudeMeters>
            <DistanceMeters>1369.050048828125</DistanceMeters>
            <Extensions>
              <ns3:TPX>
                <ns3:Speed>1.25</ns3:Speed>
              </ns3:TPX>
            </Extensions>
          </Trackpoint>
          <Trackpoint>
            <Time>2026-04-13T00:49:12.000Z</Time>
            <Position>
              <LatitudeDegrees>-41.64948055520654</LatitudeDegrees>
              <LongitudeDegrees>145.95122253522277</LongitudeDegrees>
            </Position>
            <AltitudeMeters>1254.800048828125</AltitudeMeters>
            <DistanceMeters>1370.31005859375</DistanceMeters>
            <Extensions>
              <ns3:TPX>
                <ns3:Speed>1.2799999713897705</ns3:Speed>
              </ns3:TPX>
            </Extensions>
          </Trackpoint>
          <Trackpoint>
            <Time>2026-04-13T00:49:13.000Z</Time>
            <Position>
              <LatitudeDegrees>-41.64947183802724</LatitudeDegrees>
              <LongitudeDegrees>145.9512162487954</LongitudeDegrees>
            </Position>
            <AltitudeMeters>1254.800048828125</AltitudeMeters>
            <DistanceMeters>1371.4300537109375</DistanceMeters>
            <Extensions>
              <ns3:TPX>
                <ns3:Speed>1.159999966621399</ns3:Speed>
              </ns3:TPX>
            </Extensions>
          </Trackpoint>
          <Trackpoint>
            <Time>2026-04-13T00:49:19.000Z</Time>
            <Position>
              <LatitudeDegrees>-41.64941752329469</LatitudeDegrees>
              <LongitudeDegrees>145.95118129625916</LongitudeDegrees>
            </Position>
            <AltitudeMeters>1255.4000244140625</AltitudeMeters>
            <DistanceMeters>1378.2099609375</DistanceMeters>
            <Extensions>
              <ns3:TPX>
                <ns3:Speed>1.3300000429153442</ns3:Speed>
              </ns3:TPX>
            </Extensions>
          </Trackpoint>
          <Trackpoint>
            <Time>2026-04-13T00:49:21.000Z</Time>
            <Position>
              <LatitudeDegrees>-41.649402771145105</LatitudeDegrees>
              <LongitudeDegrees>145.95116486772895</LongitudeDegrees>
            </Position>
            <AltitudeMeters>1255.800048828125</AltitudeMeters>
            <DistanceMeters>1380.3699951171875</DistanceMeters>
            <Extensions>
              <ns3:TPX>
                <ns3:Speed>1.190000057220459</ns3:Speed>
              </ns3:TPX>
            </Extensions>
          </Trackpoint>
          <Trackpoint>
            <Time>2026-04-13T00:49:31.000Z</Time>
            <Position>
              <LatitudeDegrees>-41.649329429492354</LatitudeDegrees>
              <LongitudeDegrees>145.95105783082545</LongitudeDegrees>
            </Position>
            <AltitudeMeters>1257.199951171875</AltitudeMeters>
            <DistanceMeters>1392.550048828125</DistanceMeters>
            <Extensions>
              <ns3:TPX>
                <ns3:Speed>1.4700000286102295</ns3:Speed>
              </ns3:TPX>
            </Extensions>
          </Trackpoint>
          <Trackpoint>
            <Time>2026-04-13T00:49:36.000Z</Time>
            <Position>
              <LatitudeDegrees>-41.649300595745444</LatitudeDegrees>
              <LongitudeDegrees>145.95099261961877</LongitudeDegrees>
            </Position>
            <AltitudeMeters>1257.800048828125</AltitudeMeters>
            <DistanceMeters>1398.8900146484375</DistanceMeters>
            <Extensions>
              <ns3:TPX>
                <ns3:Speed>1.159999966621399</ns3:Speed>
              </ns3:TPX>
            </Extensions>
          </Trackpoint>
          <Trackpoint>
            <Time>2026-04-13T00:49:44.000Z</Time>
            <Position>
              <LatitudeDegrees>-41.64928441867232</LatitudeDegrees>
              <LongitudeDegrees>145.9508948866278</LongitudeDegrees>
            </Position>
            <AltitudeMeters>1256.5999755859375</AltitudeMeters>
            <DistanceMeters>1407.27001953125</DistanceMeters>
            <Extensions>
              <ns3:TPX>
                <ns3:Speed>1.1100000143051147</ns3:Speed>
              </ns3:TPX>
            </Extensions>
          </Trackpoint>
          <Trackpoint>
            <Time>2026-04-13T00:49:52.000Z</Time>
            <Position>
              <LatitudeDegrees>-41.6492267511785</LatitudeDegrees>
              <LongitudeDegrees>145.95081207342446</LongitudeDegrees>
            </Position>
            <AltitudeMeters>1255.0</AltitudeMeters>
            <DistanceMeters>1416.760009765625</DistanceMeters>
            <Extensions>
              <ns3:TPX>
                <ns3:Speed>1.2899999618530273</ns3:Speed>
              </ns3:TPX>
            </Extensions>
          </Trackpoint>
          <Trackpoint>
            <Time>2026-04-13T00:49:53.000Z</Time>
            <Position>
              <LatitudeDegrees>-41.64922163821757</LatitudeDegrees>
              <LongitudeDegrees>145.95079849474132</LongitudeDegrees>
            </Position>
            <AltitudeMeters>1254.800048828125</AltitudeMeters>
            <DistanceMeters>1418.030029296875</DistanceMeters>
            <Extensions>
              <ns3:TPX>
                <ns3:Speed>1.1200000047683716</ns3:Speed>
              </ns3:TPX>
            </Extensions>
          </Trackpoint>
          <Trackpoint>
            <Time>2026-04-13T00:49:54.000Z</Time>
            <Position>
              <LatitudeDegrees>-41.649218033999205</LatitudeDegrees>
              <LongitudeDegrees>145.95078499987721</LongitudeDegrees>
            </Position>
            <AltitudeMeters>1254.800048828125</AltitudeMeters>
            <DistanceMeters>1419.239990234375</DistanceMeters>
            <Extensions>
              <ns3:TPX>
                <ns3:Speed>1.2300000190734863</ns3:Speed>
              </ns3:TPX>
            </Extensions>
          </Trackpoint>
          <Trackpoint>
            <Time>2026-04-13T00:50:04.000Z</Time>
            <Position>
              <LatitudeDegrees>-41.64919716306031</LatitudeDegrees>
              <LongitudeDegrees>145.95070017501712</LongitudeDegrees>
            </Position>
            <AltitudeMeters>1251.4000244140625</AltitudeMeters>
            <DistanceMeters>1426.7099609375</DistanceMeters>
            <Extensions>
              <ns3:TPX>
                <ns3:Speed>0.75</ns3:Speed>
              </ns3:TPX>
            </Extensions>
          </Trackpoint>
          <Trackpoint>
            <Time>2026-04-13T00:50:06.000Z</Time>
            <Position>
              <LatitudeDegrees>-41.64918987080455</LatitudeDegrees>
              <LongitudeDegrees>145.95068181864917</LongitudeDegrees>
            </Position>
            <AltitudeMeters>1250.4000244140625</AltitudeMeters>
            <DistanceMeters>1428.43994140625</DistanceMeters>
            <Extensions>
              <ns3:TPX>
                <ns3:Speed>1.1100000143051147</ns3:Speed>
              </ns3:TPX>
            </Extensions>
          </Trackpoint>
          <Trackpoint>
            <Time>2026-04-13T00:50:07.000Z</Time>
            <Position>
              <LatitudeDegrees>-41.64918417111039</LatitudeDegrees>
              <LongitudeDegrees>145.95066823996603</LongitudeDegrees>
            </Position>
            <AltitudeMeters>1250.199951171875</AltitudeMeters>
            <DistanceMeters>1429.739990234375</DistanceMeters>
            <Extensions>
              <ns3:TPX>
                <ns3:Speed>1.3600000143051147</ns3:Speed>
              </ns3:TPX>
            </Extensions>
          </Trackpoint>
          <Trackpoint>
            <Time>2026-04-13T00:50:08.000Z</Time>
            <Position>
              <LatitudeDegrees>-41.6491786390543</LatitudeDegrees>
              <LongitudeDegrees>145.9506533201784</LongitudeDegrees>
            </Position>
            <AltitudeMeters>1250.0</AltitudeMeters>
            <DistanceMeters>1431.1300048828125</DistanceMeters>
            <Extensions>
              <ns3:TPX>
                <ns3:Speed>1.4299999475479126</ns3:Speed>
              </ns3:TPX>
            </Extensions>
          </Trackpoint>
          <Trackpoint>
            <Time>2026-04-13T00:50:09.000Z</Time>
            <Position>
              <LatitudeDegrees>-41.64917285554111</LatitudeDegrees>
              <LongitudeDegrees>145.9506393224001</LongitudeDegrees>
            </Position>
            <AltitudeMeters>1250.0</AltitudeMeters>
            <DistanceMeters>1432.469970703125</DistanceMeters>
            <Extensions>
              <ns3:TPX>
                <ns3:Speed>1.25</ns3:Speed>
              </ns3:TPX>
            </Extensions>
          </Trackpoint>
          <Trackpoint>
            <Time>2026-04-13T00:50:10.000Z</Time>
            <Position>
              <LatitudeDegrees>-41.64916715584695</LatitudeDegrees>
              <LongitudeDegrees>145.95062624663115</LongitudeDegrees>
            </Position>
            <AltitudeMeters>1250.0</AltitudeMeters>
            <DistanceMeters>1433.739990234375</DistanceMeters>
            <Extensions>
              <ns3:TPX>
                <ns3:Speed>1.25</ns3:Speed>
              </ns3:TPX>
            </Extensions>
          </Trackpoint>
          <Trackpoint>
            <Time>2026-04-13T00:50:19.000Z</Time>
            <Position>
              <LatitudeDegrees>-41.649128599092364</LatitudeDegrees>
              <LongitudeDegrees>145.9504950698465</LongitudeDegrees>
            </Position>
            <AltitudeMeters>1249.5999755859375</AltitudeMeters>
            <DistanceMeters>1445.5400390625</DistanceMeters>
            <Extensions>
              <ns3:TPX>
                <ns3:Speed>1.090000033378601</ns3:Speed>
              </ns3:TPX>
            </Extensions>
          </Trackpoint>
          <Trackpoint>
            <Time>2026-04-13T00:50:23.000Z</Time>
            <Position>
              <LatitudeDegrees>-41.64913178421557</LatitudeDegrees>
              <LongitudeDegrees>145.95043857581913</LongitudeDegrees>
            </Position>
            <AltitudeMeters>1250.0</AltitudeMeters>
            <DistanceMeters>1450.27001953125</DistanceMeters>
            <Extensions>
              <ns3:TPX>
                <ns3:Speed>1.2599999904632568</ns3:Speed>
              </ns3:TPX>
            </Extensions>
          </Trackpoint>
          <Trackpoint>
            <Time>2026-04-13T00:50:31.000Z</Time>
            <Position>
              <LatitudeDegrees>-41.649169251322746</LatitudeDegrees>
              <LongitudeDegrees>145.95036179758608</LongitudeDegrees>
            </Position>
            <AltitudeMeters>1252.4000244140625</AltitudeMeters>
            <DistanceMeters>1457.949951171875</DistanceMeters>
            <Extensions>
              <ns3:TPX>
                <ns3:Speed>0.8199999928474426</ns3:Speed>
              </ns3:TPX>
            </Extensions>
          </Trackpoint>
          <Trackpoint>
            <Time>2026-04-13T00:50:41.000Z</Time>
            <Position>
              <LatitudeDegrees>-41.64916707202792</LatitudeDegrees>
              <LongitudeDegrees>145.95037554390728</LongitudeDegrees>
            </Position>
            <AltitudeMeters>1252.5999755859375</AltitudeMeters>
            <DistanceMeters>1459.1300048828125</DistanceMeters>
            <Extensions>
              <ns3:TPX>
                <ns3:Speed>0.9900000095367432</ns3:Speed>
              </ns3:TPX>
            </Extensions>
          </Trackpoint>
          <Trackpoint>
            <Time>2026-04-13T00:50:55.000Z</Time>
            <Position>
              <LatitudeDegrees>-41.64919498376548</LatitudeDegrees>
              <LongitudeDegrees>145.9503639768809</LongitudeDegrees>
            </Position>
            <AltitudeMeters>1253.4000244140625</AltitudeMeters>
            <DistanceMeters>1462.4100341796875</DistanceMeters>
            <Extensions>
              <ns3:TPX>
                <ns3:Speed>0.0</ns3:Speed>
              </ns3:TPX>
            </Extensions>
          </Trackpoint>
          <Trackpoint>
            <Time>2026-04-13T00:51:23.000Z</Time>
            <Position>
              <LatitudeDegrees>-41.64919339120388</LatitudeDegrees>
              <LongitudeDegrees>145.9503573551774</LongitudeDegrees>
            </Position>
            <AltitudeMeters>1256.5999755859375</AltitudeMeters>
            <DistanceMeters>1462.989990234375</DistanceMeters>
            <Extensions>
              <ns3:TPX>
                <ns3:Speed>0.0</ns3:Speed>
              </ns3:TPX>
            </Extensions>
          </Trackpoint>
          <Trackpoint>
            <Time>2026-04-13T00:51:41.000Z</Time>
            <Position>
              <LatitudeDegrees>-41.64919322356582</LatitudeDegrees>
              <LongitudeDegrees>145.95035274513066</LongitudeDegrees>
            </Position>
            <AltitudeMeters>1259.5999755859375</AltitudeMeters>
            <DistanceMeters>1463.3699951171875</DistanceMeters>
            <Extensions>
              <ns3:TPX>
                <ns3:Speed>0.0</ns3:Speed>
              </ns3:TPX>
            </Extensions>
          </Trackpoint>
          <Trackpoint>
            <Time>2026-04-13T00:52:03.000Z</Time>
            <Position>
              <LatitudeDegrees>-41.64919833652675</LatitudeDegrees>
              <LongitudeDegrees>145.9503488894552</LongitudeDegrees>
            </Position>
            <AltitudeMeters>1262.0</AltitudeMeters>
            <DistanceMeters>1464.02001953125</DistanceMeters>
            <Extensions>
              <ns3:TPX>
                <ns3:Speed>0.0</ns3:Speed>
              </ns3:TPX>
            </Extensions>
          </Trackpoint>
          <Trackpoint>
            <Time>2026-04-13T00:52:14.000Z</Time>
            <Position>
              <LatitudeDegrees>-41.649245359003544</LatitudeDegrees>
              <LongitudeDegrees>145.9503076504916</LongitudeDegrees>
            </Position>
            <AltitudeMeters>1264.800048828125</AltitudeMeters>
            <DistanceMeters>1470.3299560546875</DistanceMeters>
            <Extensions>
              <ns3:TPX>
                <ns3:Speed>1.1399999856948853</ns3:Speed>
              </ns3:TPX>
            </Extensions>
          </Trackpoint>
          <Trackpoint>
            <Time>2026-04-13T00:52:15.000Z</Time>
            <Position>
              <LatitudeDegrees>-41.64925357326865</LatitudeDegrees>
              <LongitudeDegrees>145.95029876567423</LongitudeDegrees>
            </Position>
            <AltitudeMeters>1265.199951171875</AltitudeMeters>
            <DistanceMeters>1471.52001953125</DistanceMeters>
            <Extensions>
              <ns3:TPX>
                <ns3:Speed>1.2100000381469727</ns3:Speed>
              </ns3:TPX>
            </Extensions>
          </Trackpoint>
          <Trackpoint>
            <Time>2026-04-13T00:52:16.000Z</Time>
            <Position>
              <LatitudeDegrees>-41.64926078170538</LatitudeDegrees>
              <LongitudeDegrees>145.95028778538108</LongitudeDegrees>
            </Position>
            <AltitudeMeters>1265.5999755859375</AltitudeMeters>
            <DistanceMeters>1472.72998046875</DistanceMeters>
            <Extensions>
              <ns3:TPX>
                <ns3:Speed>1.1799999475479126</ns3:Speed>
              </ns3:TPX>
            </Extensions>
          </Trackpoint>
          <Trackpoint>
            <Time>2026-04-13T00:52:26.000Z</Time>
            <Position>
              <LatitudeDegrees>-41.64933881722391</LatitudeDegrees>
              <LongitudeDegrees>145.9501939918846</LongitudeDegrees>
            </Position>
            <AltitudeMeters>1265.800048828125</AltitudeMeters>
            <DistanceMeters>1484.5</DistanceMeters>
            <Extensions>
              <ns3:TPX>
                <ns3:Speed>1.159999966621399</ns3:Speed>
              </ns3:TPX>
            </Extensions>
          </Trackpoint>
          <Trackpoint>
            <Time>2026-04-13T00:52:27.000Z</Time>
            <Position>
              <LatitudeDegrees>-41.64934686385095</LatitudeDegrees>
              <LongitudeDegrees>145.9501850232482</LongitudeDegrees>
            </Position>
            <AltitudeMeters>1265.800048828125</AltitudeMeters>
            <DistanceMeters>1485.6800537109375</DistanceMeters>
            <Extensions>
              <ns3:TPX>
                <ns3:Speed>1.309999942779541</ns3:Speed>
              </ns3:TPX>
            </Extensions>
          </Trackpoint>
          <Trackpoint>
            <Time>2026-04-13T00:52:33.000Z</Time>
            <Position>
              <LatitudeDegrees>-41.649380223825574</LatitudeDegrees>
              <LongitudeDegrees>145.95011168159544</LongitudeDegrees>
            </Position>
            <AltitudeMeters>1266.199951171875</AltitudeMeters>
            <DistanceMeters>1492.8599853515625</DistanceMeters>
            <Extensions>
              <ns3:TPX>
                <ns3:Speed>1.8899999856948853</ns3:Speed>
              </ns3:TPX>
            </Extensions>
          </Trackpoint>
          <Trackpoint>
            <Time>2026-04-13T00:52:34.000Z</Time>
            <Position>
              <LatitudeDegrees>-41.649392545223236</LatitudeDegrees>
              <LongitudeDegrees>145.95010061748326</LongitudeDegrees>
            </Position>
            <AltitudeMeters>1266.5999755859375</AltitudeMeters>
            <DistanceMeters>1494.52001953125</DistanceMeters>
            <Extensions>
              <ns3:TPX>
                <ns3:Speed>1.309999942779541</ns3:Speed>
              </ns3:TPX>
            </Extensions>
          </Trackpoint>
          <Trackpoint>
            <Time>2026-04-13T00:52:35.000Z</Time>
            <Position>
              <LatitudeDegrees>-41.649402687326074</LatitudeDegrees>
              <LongitudeDegrees>145.95009265467525</LongitudeDegrees>
            </Position>
            <AltitudeMeters>1266.800048828125</AltitudeMeters>
            <DistanceMeters>1495.8399658203125</DistanceMeters>
            <Extensions>
              <ns3:TPX>
                <ns3:Speed>1.409999966621399</ns3:Speed>
              </ns3:TPX>
            </Extensions>
          </Trackpoint>
          <Trackpoint>
            <Time>2026-04-13T00:52:38.000Z</Time>
            <Position>
              <LatitudeDegrees>-41.649431521072984</LatitudeDegrees>
              <LongitudeDegrees>145.95007228665054</LongitudeDegrees>
            </Position>
            <AltitudeMeters>1267.4000244140625</AltitudeMeters>
            <DistanceMeters>1499.5</DistanceMeters>
            <Extensions>
              <ns3:TPX>
                <ns3:Speed>1.2599999904632568</ns3:Speed>
              </ns3:TPX>
            </Extensions>
          </Trackpoint>
          <Trackpoint>
            <Time>2026-04-13T00:52:42.000Z</Time>
            <Position>
              <LatitudeDegrees>-41.64947007782757</LatitudeDegrees>
              <LongitudeDegrees>145.95005334354937</LongitudeDegrees>
            </Position>
            <AltitudeMeters>1267.5999755859375</AltitudeMeters>
            <DistanceMeters>1504.1199951171875</DistanceMeters>
            <Extensions>
              <ns3:TPX>
                <ns3:Speed>1.3899999856948853</ns3:Speed>
              </ns3:TPX>
            </Extensions>
          </Trackpoint>
          <Trackpoint>
            <Time>2026-04-13T00:52:50.000Z</Time>
            <Position>
              <LatitudeDegrees>-41.649518525227904</LatitudeDegrees>
              <LongitudeDegrees>145.9499564487487</LongitudeDegrees>
            </Position>
            <AltitudeMeters>1268.0</AltitudeMeters>
            <DistanceMeters>1513.8800048828125</DistanceMeters>
            <Extensions>
              <ns3:TPX>
                <ns3:Speed>1.4600000381469727</ns3:Speed>
              </ns3:TPX>
            </Extensions>
          </Trackpoint>
          <Trackpoint>
            <Time>2026-04-13T00:52:57.000Z</Time>
            <Position>
              <LatitudeDegrees>-41.64958122186363</LatitudeDegrees>
              <LongitudeDegrees>145.94991034828126</LongitudeDegrees>
            </Position>
            <AltitudeMeters>1271.0</AltitudeMeters>
            <DistanceMeters>1521.9100341796875</DistanceMeters>
            <Extensions>
              <ns3:TPX>
                <ns3:Speed>0.9399999976158142</ns3:Speed>
              </ns3:TPX>
            </Extensions>
          </Trackpoint>
          <Trackpoint>
            <Time>2026-04-13T00:53:07.000Z</Time>
            <Position>
              <LatitudeDegrees>-41.64966797456145</LatitudeDegrees>
              <LongitudeDegrees>145.9498517587781</LongitudeDegrees>
            </Position>
            <AltitudeMeters>1271.5999755859375</AltitudeMeters>
            <DistanceMeters>1532.8299560546875</DistanceMeters>
            <Extensions>
              <ns3:TPX>
                <ns3:Speed>0.6499999761581421</ns3:Speed>
              </ns3:TPX>
            </Extensions>
          </Trackpoint>
          <Trackpoint>
            <Time>2026-04-13T00:53:21.000Z</Time>
            <Position>
              <LatitudeDegrees>-41.649767216295004</LatitudeDegrees>
              <LongitudeDegrees>145.949777495116</LongitudeDegrees>
            </Position>
            <AltitudeMeters>1273.4000244140625</AltitudeMeters>
            <DistanceMeters>1545.6099853515625</DistanceMeters>
            <Extensions>
              <ns3:TPX>
                <ns3:Speed>1.0099999904632568</ns3:Speed>
              </ns3:TPX>
            </Extensions>
          </Trackpoint>
          <Trackpoint>
            <Time>2026-04-13T00:53:35.000Z</Time>
            <Position>
              <LatitudeDegrees>-41.64985933341086</LatitudeDegrees>
              <LongitudeDegrees>145.94967112876475</LongitudeDegrees>
            </Position>
            <AltitudeMeters>1276.0</AltitudeMeters>
            <DistanceMeters>1559.27001953125</DistanceMeters>
            <Extensions>
              <ns3:TPX>
                <ns3:Speed>0.9300000071525574</ns3:Speed>
              </ns3:TPX>
            </Extensions>
          </Trackpoint>
          <Trackpoint>
            <Time>2026-04-13T00:53:45.000Z</Time>
            <Position>
              <LatitudeDegrees>-41.649917755275965</LatitudeDegrees>
              <LongitudeDegrees>145.9496403671801</LongitudeDegrees>
            </Position>
            <AltitudeMeters>1279.199951171875</AltitudeMeters>
            <DistanceMeters>1566.3199462890625</DistanceMeters>
            <Extensions>
              <ns3:TPX>
                <ns3:Speed>0.6499999761581421</ns3:Speed>
              </ns3:TPX>
            </Extensions>
          </Trackpoint>
          <Trackpoint>
            <Time>2026-04-13T00:53:57.000Z</Time>
            <Position>
              <LatitudeDegrees>-41.649998389184475</LatitudeDegrees>
              <LongitudeDegrees>145.9495840407908</LongitudeDegrees>
            </Position>
            <AltitudeMeters>1282.199951171875</AltitudeMeters>
            <DistanceMeters>1576.5400390625</DistanceMeters>
            <Extensions>
              <ns3:TPX>
                <ns3:Speed>0.6700000166893005</ns3:Speed>
              </ns3:TPX>
            </Extensions>
          </Trackpoint>
          <Trackpoint>
            <Time>2026-04-13T00:54:08.000Z</Time>
            <Position>
              <LatitudeDegrees>-41.65004834532738</LatitudeDegrees>
              <LongitudeDegrees>145.94948463141918</LongitudeDegrees>
            </Position>
            <AltitudeMeters>1285.4000244140625</AltitudeMeters>
            <DistanceMeters>1586.5699462890625</DistanceMeters>
            <Extensions>
              <ns3:TPX>
                <ns3:Speed>0.3400000035762787</ns3:Speed>
              </ns3:TPX>
            </Extensions>
          </Trackpoint>
          <Trackpoint>
            <Time>2026-04-13T00:54:20.000Z</Time>
            <Position>
              <LatitudeDegrees>-41.65008162148297</LatitudeDegrees>
              <LongitudeDegrees>145.9494093619287</LongitudeDegrees>
            </Position>
            <AltitudeMeters>1288.5999755859375</AltitudeMeters>
            <DistanceMeters>1593.9000244140625</DistanceMeters>
            <Extensions>
              <ns3:TPX>
                <ns3:Speed>0.3700000047683716</ns3:Speed>
              </ns3:TPX>
            </Extensions>
          </Trackpoint>
          <Trackpoint>
            <Time>2026-04-13T00:54:32.000Z</Time>
            <Position>
              <LatitudeDegrees>-41.65011925622821</LatitudeDegrees>
              <LongitudeDegrees>145.94939368776977</LongitudeDegrees>
            </Position>
            <AltitudeMeters>1291.5999755859375</AltitudeMeters>
            <DistanceMeters>1598.3299560546875</DistanceMeters>
            <Extensions>
              <ns3:TPX>
                <ns3:Speed>0.5199999809265137</ns3:Speed>
              </ns3:TPX>
            </Extensions>
          </Trackpoint>
          <Trackpoint>
            <Time>2026-04-13T00:54:44.000Z</Time>
            <Position>
              <LatitudeDegrees>-41.65017373859882</LatitudeDegrees>
              <LongitudeDegrees>145.94942034222186</LongitudeDegrees>
            </Position>
            <AltitudeMeters>1294.800048828125</AltitudeMeters>
            <DistanceMeters>1604.8499755859375</DistanceMeters>
            <Extensions>
              <ns3:TPX>
                <ns3:Speed>0.550000011920929</ns3:Speed>
              </ns3:TPX>
            </Extensions>
          </Trackpoint>
          <Trackpoint>
            <Time>2026-04-13T00:54:56.000Z</Time>
            <Position>
              <LatitudeDegrees>-41.65021673776209</LatitudeDegrees>
              <LongitudeDegrees>145.94951472245157</LongitudeDegrees>
            </Position>
            <AltitudeMeters>1297.0</AltitudeMeters>
            <DistanceMeters>1614.1199951171875</DistanceMeters>
            <Extensions>
              <ns3:TPX>
                <ns3:Speed>0.5699999928474426</ns3:Speed>
              </ns3:TPX>
            </Extensions>
          </Trackpoint>
          <Trackpoint>
            <Time>2026-04-13T00:55:07.000Z</Time>
            <Position>
              <LatitudeDegrees>-41.65023987181485</LatitudeDegrees>
              <LongitudeDegrees>145.94953416846693</LongitudeDegrees>
            </Position>
            <AltitudeMeters>1300.4000244140625</AltitudeMeters>
            <DistanceMeters>1617.18994140625</DistanceMeters>
            <Extensions>
              <ns3:TPX>
                <ns3:Speed>0.0</ns3:Speed>
              </ns3:TPX>
            </Extensions>
          </Trackpoint>
          <Trackpoint>
            <Time>2026-04-13T00:55:11.000Z</Time>
            <Position>
              <LatitudeDegrees>-41.650242218747735</LatitudeDegrees>
              <LongitudeDegrees>145.94952897168696</LongitudeDegrees>
            </Position>
            <AltitudeMeters>1303.800048828125</AltitudeMeters>
            <DistanceMeters>1617.68994140625</DistanceMeters>
            <Extensions>
              <ns3:TPX>
                <ns3:Speed>0.1899999976158142</ns3:Speed>
              </ns3:TPX>
            </Extensions>
          </Trackpoint>
          <Trackpoint>
            <Time>2026-04-13T00:55:21.000Z</Time>
            <Position>
              <LatitudeDegrees>-41.6502941865474</LatitudeDegrees>
              <LongitudeDegrees>145.94948982819915</LongitudeDegrees>
            </Position>
            <AltitudeMeters>1300.800048828125</AltitudeMeters>
            <DistanceMeters>1624.4000244140625</DistanceMeters>
            <Extensions>
              <ns3:TPX>
                <ns3:Speed>0.6899999976158142</ns3:Speed>
              </ns3:TPX>
            </Extensions>
          </Trackpoint>
          <Trackpoint>
            <Time>2026-04-13T00:55:31.000Z</Time>
            <Position>
              <LatitudeDegrees>-41.650326289236546</LatitudeDegrees>
              <LongitudeDegrees>145.94951145350933</LongitudeDegrees>
            </Position>
            <AltitudeMeters>1302.800048828125</AltitudeMeters>
            <DistanceMeters>1628.43994140625</DistanceMeters>
            <Extensions>
              <ns3:TPX>
                <ns3:Speed>0.3199999928474426</ns3:Speed>
              </ns3:TPX>
            </Extensions>
          </Trackpoint>
          <Trackpoint>
            <Time>2026-04-13T00:55:42.000Z</Time>
            <Position>
              <LatitudeDegrees>-41.65035378187895</LatitudeDegrees>
              <LongitudeDegrees>145.94952134415507</LongitudeDegrees>
            </Position>
            <AltitudeMeters>1306.0</AltitudeMeters>
            <DistanceMeters>1631.6400146484375</DistanceMeters>
            <Extensions>
              <ns3:TPX>
                <ns3:Speed>0.12999999523162842</ns3:Speed>
              </ns3:TPX>
            </Extensions>
          </Trackpoint>
          <Trackpoint>
            <Time>2026-04-13T00:55:53.000Z</Time>
            <Position>
              <LatitudeDegrees>-41.65040214546025</LatitudeDegrees>
              <LongitudeDegrees>145.94956861808896</LongitudeDegrees>
            </Position>
            <AltitudeMeters>1308.5999755859375</AltitudeMeters>
            <DistanceMeters>1638.3699951171875</DistanceMeters>
            <Extensions>
              <ns3:TPX>
                <ns3:Speed>0.5899999737739563</ns3:Speed>
              </ns3:TPX>
            </Extensions>
          </Trackpoint>
          <Trackpoint>
            <Time>2026-04-13T00:55:57.000Z</Time>
            <Position>
              <LatitudeDegrees>-41.65041262283921</LatitudeDegrees>
              <LongitudeDegrees>145.94960658811033</LongitudeDegrees>
            </Position>
            <AltitudeMeters>1310.4000244140625</AltitudeMeters>
            <DistanceMeters>1641.760009765625</DistanceMeters>
            <Extensions>
              <ns3:TPX>
                <ns3:Speed>0.8999999761581421</ns3:Speed>
              </ns3:TPX>
            </Extensions>
          </Trackpoint>
          <Trackpoint>
            <Time>2026-04-13T00:56:10.000Z</Time>
            <Position>
              <LatitudeDegrees>-41.650465093553066</LatitudeDegrees>
              <LongitudeDegrees>145.9496173169464</LongitudeDegrees>
            </Position>
            <AltitudeMeters>1311.199951171875</AltitudeMeters>
            <DistanceMeters>1647.72998046875</DistanceMeters>
            <Extensions>
              <ns3:TPX>
                <ns3:Speed>0.699999988079071</ns3:Speed>
              </ns3:TPX>
            </Extensions>
          </Trackpoint>
          <Trackpoint>
            <Time>2026-04-13T00:56:21.000Z</Time>
            <Position>
              <LatitudeDegrees>-41.65051622316241</LatitudeDegrees>
              <LongitudeDegrees>145.94961136579514</LongitudeDegrees>
            </Position>
            <AltitudeMeters>1314.4000244140625</AltitudeMeters>
            <DistanceMeters>1653.5</DistanceMeters>
            <Extensions>
              <ns3:TPX>
                <ns3:Speed>0.14000000059604645</ns3:Speed>
              </ns3:TPX>
            </Extensions>
          </Trackpoint>
          <Trackpoint>
            <Time>2026-04-13T00:56:30.000Z</Time>
            <Position>
              <LatitudeDegrees>-41.65053022094071</LatitudeDegrees>
              <LongitudeDegrees>145.94964279793203</LongitudeDegrees>
            </Position>
            <AltitudeMeters>1317.5999755859375</AltitudeMeters>
            <DistanceMeters>1656.56005859375</DistanceMeters>
            <Extensions>
              <ns3:TPX>
                <ns3:Speed>0.5400000214576721</ns3:Speed>
              </ns3:TPX>
            </Extensions>
          </Trackpoint>
          <Trackpoint>
            <Time>2026-04-13T00:56:42.000Z</Time>
            <Position>
              <LatitudeDegrees>-41.65055863559246</LatitudeDegrees>
              <LongitudeDegrees>145.94966417178512</LongitudeDegrees>
            </Position>
            <AltitudeMeters>1319.199951171875</AltitudeMeters>
            <DistanceMeters>1660.219970703125</DistanceMeters>
            <Extensions>
              <ns3:TPX>
                <ns3:Speed>0.75</ns3:Speed>
              </ns3:TPX>
            </Extensions>
          </Trackpoint>
          <Trackpoint>
            <Time>2026-04-13T00:56:49.000Z</Time>
            <Position>
              <LatitudeDegrees>-41.65058017708361</LatitudeDegrees>
              <LongitudeDegrees>145.94969023950398</LongitudeDegrees>
            </Position>
            <AltitudeMeters>1322.199951171875</AltitudeMeters>
            <DistanceMeters>1663.47998046875</DistanceMeters>
            <Extensions>
              <ns3:TPX>
                <ns3:Speed>0.0</ns3:Speed>
              </ns3:TPX>
            </Extensions>
          </Trackpoint>
          <Trackpoint>
            <Time>2026-04-13T00:56:52.000Z</Time>
            <Position>
              <LatitudeDegrees>-41.65059668943286</LatitudeDegrees>
              <LongitudeDegrees>145.9496910776943</LongitudeDegrees>
            </Position>
            <AltitudeMeters>1323.4000244140625</AltitudeMeters>
            <DistanceMeters>1665.3299560546875</DistanceMeters>
            <Extensions>
              <ns3:TPX>
                <ns3:Speed>0.49000000953674316</ns3:Speed>
              </ns3:TPX>
            </Extensions>
          </Trackpoint>
          <Trackpoint>
            <Time>2026-04-13T00:57:05.000Z</Time>
            <Position>
              <LatitudeDegrees>-41.65065234526992</LatitudeDegrees>
              <LongitudeDegrees>145.94973977655172</LongitudeDegrees>
            </Position>
            <AltitudeMeters>1326.800048828125</AltitudeMeters>
            <DistanceMeters>1672.81005859375</DistanceMeters>
            <Extensions>
              <ns3:TPX>
                <ns3:Speed>0.699999988079071</ns3:Speed>
              </ns3:TPX>
            </Extensions>
          </Trackpoint>
          <Trackpoint>
            <Time>2026-04-13T00:57:18.000Z</Time>
            <Position>
              <LatitudeDegrees>-41.65074932388961</LatitudeDegrees>
              <LongitudeDegrees>145.94979853369296</LongitudeDegrees>
            </Position>
            <AltitudeMeters>1329.4000244140625</AltitudeMeters>
            <DistanceMeters>1684.780029296875</DistanceMeters>
            <Extensions>
              <ns3:TPX>
                <ns3:Speed>1.159999966621399</ns3:Speed>
              </ns3:TPX>
            </Extensions>
          </Trackpoint>
          <Trackpoint>
            <Time>2026-04-13T00:57:19.000Z</Time>
            <Position>
              <LatitudeDegrees>-41.650760639458895</LatitudeDegrees>
              <LongitudeDegrees>145.94980322755873</LongitudeDegrees>
            </Position>
            <AltitudeMeters>1329.4000244140625</AltitudeMeters>
            <DistanceMeters>1686.1099853515625</DistanceMeters>
            <Extensions>
              <ns3:TPX>
                <ns3:Speed>1.1699999570846558</ns3:Speed>
              </ns3:TPX>
            </Extensions>
          </Trackpoint>
          <Trackpoint>
            <Time>2026-04-13T00:57:21.000Z</Time>
            <Position>
              <LatitudeDegrees>-41.650781678035855</LatitudeDegrees>
              <LongitudeDegrees>145.94980431720614</LongitudeDegrees>
            </Position>
            <AltitudeMeters>1329.199951171875</AltitudeMeters>
            <DistanceMeters>1688.469970703125</DistanceMeters>
            <Extensions>
              <ns3:TPX>
                <ns3:Speed>1.2400000095367432</ns3:Speed>
              </ns3:TPX>
            </Extensions>
          </Trackpoint>
          <Trackpoint>
            <Time>2026-04-13T00:57:22.000Z</Time>
            <Position>
              <LatitudeDegrees>-41.65079374797642</LatitudeDegrees>
              <LongitudeDegrees>145.94980272464454</LongitudeDegrees>
            </Position>
            <AltitudeMeters>1329.0</AltitudeMeters>
            <DistanceMeters>1689.8399658203125</DistanceMeters>
            <Extensions>
              <ns3:TPX>
                <ns3:Speed>1.4199999570846558</ns3:Speed>
              </ns3:TPX>
            </Extensions>
          </Trackpoint>
          <Trackpoint>
            <Time>2026-04-13T00:57:34.000Z</Time>
            <Position>
              <LatitudeDegrees>-41.65086843073368</LatitudeDegrees>
              <LongitudeDegrees>145.94980029389262</LongitudeDegrees>
            </Position>
            <AltitudeMeters>1327.5999755859375</AltitudeMeters>
            <DistanceMeters>1698.239990234375</DistanceMeters>
            <Extensions>
              <ns3:TPX>
                <ns3:Speed>0.0</ns3:Speed>
              </ns3:TPX>
            </Extensions>
          </Trackpoint>
          <Trackpoint>
            <Time>2026-04-13T00:57:35.000Z</Time>
            <Position>
              <LatitudeDegrees>-41.65086792781949</LatitudeDegrees>
              <LongitudeDegrees>145.94979895278811</LongitudeDegrees>
            </Position>
            <AltitudeMeters>1327.199951171875</AltitudeMeters>
            <DistanceMeters>1698.3699951171875</DistanceMeters>
            <Extensions>
              <ns3:TPX>
                <ns3:Speed>0.12999999523162842</ns3:Speed>
              </ns3:TPX>
            </Extensions>
          </Trackpoint>
          <Trackpoint>
            <Time>2026-04-13T00:57:47.000Z</Time>
            <Position>
              <LatitudeDegrees>-41.65087756700814</LatitudeDegrees>
              <LongitudeDegrees>145.94980834051967</LongitudeDegrees>
            </Position>
            <AltitudeMeters>1330.4000244140625</AltitudeMeters>
            <DistanceMeters>1699.719970703125</DistanceMeters>
            <Extensions>
              <ns3:TPX>
                <ns3:Speed>0.5799999833106995</ns3:Speed>
              </ns3:TPX>
            </Extensions>
          </Trackpoint>
          <Trackpoint>
            <Time>2026-04-13T00:58:01.000Z</Time>
            <Position>
              <LatitudeDegrees>-41.650912184268236</LatitudeDegrees>
              <LongitudeDegrees>145.94984362833202</LongitudeDegrees>
            </Position>
            <AltitudeMeters>1330.800048828125</AltitudeMeters>
            <DistanceMeters>1704.6099853515625</DistanceMeters>
            <Extensions>
              <ns3:TPX>
                <ns3:Speed>0.6499999761581421</ns3:Speed>
              </ns3:TPX>
            </Extensions>
          </Trackpoint>
          <Trackpoint>
            <Time>2026-04-13T00:58:12.000Z</Time>
            <Position>
              <LatitudeDegrees>-41.65094864554703</LatitudeDegrees>
              <LongitudeDegrees>145.9498565364629</LongitudeDegrees>
            </Position>
            <AltitudeMeters>1333.0</AltitudeMeters>
            <DistanceMeters>1708.8399658203125</DistanceMeters>
            <Extensions>
              <ns3:TPX>
                <ns3:Speed>0.3199999928474426</ns3:Speed>
              </ns3:TPX>
            </Extensions>
          </Trackpoint>
          <Trackpoint>
            <Time>2026-04-13T00:58:24.000Z</Time>
            <Position>
              <LatitudeDegrees>-41.651017125695944</LatitudeDegrees>
              <LongitudeDegrees>145.94984589144588</LongitudeDegrees>
            </Position>
            <AltitudeMeters>1334.0</AltitudeMeters>
            <DistanceMeters>1716.5999755859375</DistanceMeters>
            <Extensions>
              <ns3:TPX>
                <ns3:Speed>0.4099999964237213</ns3:Speed>
              </ns3:TPX>
            </Extensions>
          </Trackpoint>
          <Trackpoint>
            <Time>2026-04-13T00:58:38.000Z</Time>
            <Position>
              <LatitudeDegrees>-41.6511213965714</LatitudeDegrees>
              <LongitudeDegrees>145.9498691931367</LongitudeDegrees>
            </Position>
            <AltitudeMeters>1336.800048828125</AltitudeMeters>
            <DistanceMeters>1728.489990234375</DistanceMeters>
            <Extensions>
              <ns3:TPX>
                <ns3:Speed>0.7599999904632568</ns3:Speed>
              </ns3:TPX>
            </Extensions>
          </Trackpoint>
          <Trackpoint>
            <Time>2026-04-13T00:58:44.000Z</Time>
            <Position>
              <LatitudeDegrees>-41.651142267510295</LatitudeDegrees>
              <LongitudeDegrees>145.94992987811565</LongitudeDegrees>
            </Position>
            <AltitudeMeters>1340.0</AltitudeMeters>
            <DistanceMeters>1734.0899658203125</DistanceMeters>
            <Extensions>
              <ns3:TPX>
                <ns3:Speed>0.6100000143051147</ns3:Speed>
              </ns3:TPX>
            </Extensions>
          </Trackpoint>
          <Trackpoint>
            <Time>2026-04-13T00:58:55.000Z</Time>
            <Position>
              <LatitudeDegrees>-41.651186272501945</LatitudeDegrees>
              <LongitudeDegrees>145.95000699162483</LongitudeDegrees>
            </Position>
            <AltitudeMeters>1343.199951171875</AltitudeMeters>
            <DistanceMeters>1742.22998046875</DistanceMeters>
            <Extensions>
              <ns3:TPX>
                <ns3:Speed>0.5400000214576721</ns3:Speed>
              </ns3:TPX>
            </Extensions>
          </Trackpoint>
          <Trackpoint>
            <Time>2026-04-13T00:59:07.000Z</Time>
            <Position>
              <LatitudeDegrees>-41.65125207044184</LatitudeDegrees>
              <LongitudeDegrees>145.95003113150597</LongitudeDegrees>
            </Position>
            <AltitudeMeters>1346.0</AltitudeMeters>
            <DistanceMeters>1749.9000244140625</DistanceMeters>
            <Extensions>
              <ns3:TPX>
                <ns3:Speed>0.5899999737739563</ns3:Speed>
              </ns3:TPX>
            </Extensions>
          </Trackpoint>
          <Trackpoint>
            <Time>2026-04-13T00:59:15.000Z</Time>
            <Position>
              <LatitudeDegrees>-41.651289789006114</LatitudeDegrees>
              <LongitudeDegrees>145.95008527860045</LongitudeDegrees>
            </Position>
            <AltitudeMeters>1349.0</AltitudeMeters>
            <DistanceMeters>1756.1099853515625</DistanceMeters>
            <Extensions>
              <ns3:TPX>
                <ns3:Speed>0.8600000143051147</ns3:Speed>
              </ns3:TPX>
            </Extensions>
          </Trackpoint>
          <Trackpoint>
            <Time>2026-04-13T00:59:20.000Z</Time>
            <Position>
              <LatitudeDegrees>-41.651325495913625</LatitudeDegrees>
              <LongitudeDegrees>145.95010346733034</LongitudeDegrees>
            </Position>
            <AltitudeMeters>1350.800048828125</AltitudeMeters>
            <DistanceMeters>1760.4000244140625</DistanceMeters>
            <Extensions>
              <ns3:TPX>
                <ns3:Speed>1.190000057220459</ns3:Speed>
              </ns3:TPX>
            </Extensions>
          </Trackpoint>
          <Trackpoint>
            <Time>2026-04-13T00:59:29.000Z</Time>
            <Position>
              <LatitudeDegrees>-41.65135198272765</LatitudeDegrees>
              <LongitudeDegrees>145.9501958359033</LongitudeDegrees>
            </Position>
            <AltitudeMeters>1350.800048828125</AltitudeMeters>
            <DistanceMeters>1768.68994140625</DistanceMeters>
            <Extensions>
              <ns3:TPX>
                <ns3:Speed>1.340000033378601</ns3:Speed>
              </ns3:TPX>
            </Extensions>
          </Trackpoint>
          <Trackpoint>
            <Time>2026-04-13T00:59:31.000Z</Time>
            <Position>
              <LatitudeDegrees>-41.651349971070886</LatitudeDegrees>
              <LongitudeDegrees>145.9502233285457</LongitudeDegrees>
            </Position>
            <AltitudeMeters>1351.5999755859375</AltitudeMeters>
            <DistanceMeters>1771.0</DistanceMeters>
            <Extensions>
              <ns3:TPX>
                <ns3:Speed>1.440000057220459</ns3:Speed>
              </ns3:TPX>
            </Extensions>
          </Trackpoint>
          <Trackpoint>
            <Time>2026-04-13T00:59:37.000Z</Time>
            <Position>
              <LatitudeDegrees>-41.65134812705219</LatitudeDegrees>
              <LongitudeDegrees>145.95030329190195</LongitudeDegrees>
            </Position>
            <AltitudeMeters>1352.800048828125</AltitudeMeters>
            <DistanceMeters>1777.699951171875</DistanceMeters>
            <Extensions>
              <ns3:TPX>
                <ns3:Speed>1.2599999904632568</ns3:Speed>
              </ns3:TPX>
            </Extensions>
          </Trackpoint>
          <Trackpoint>
            <Time>2026-04-13T00:59:48.000Z</Time>
            <Position>
              <LatitudeDegrees>-41.65133857168257</LatitudeDegrees>
              <LongitudeDegrees>145.95041058026254</LongitudeDegrees>
            </Position>
            <AltitudeMeters>1352.4000244140625</AltitudeMeters>
            <DistanceMeters>1786.75</DistanceMeters>
            <Extensions>
              <ns3:TPX>
                <ns3:Speed>0.4000000059604645</ns3:Speed>
              </ns3:TPX>
            </Extensions>
          </Trackpoint>
          <Trackpoint>
            <Time>2026-04-13T01:00:14.000Z</Time>
            <Position>
              <LatitudeDegrees>-41.651342092081904</LatitudeDegrees>
              <LongitudeDegrees>145.95040261745453</LongitudeDegrees>
            </Position>
            <AltitudeMeters>1352.4000244140625</AltitudeMeters>
            <DistanceMeters>1787.52001953125</DistanceMeters>
            <Extensions>
              <ns3:TPX>
                <ns3:Speed>0.0</ns3:Speed>
              </ns3:TPX>
            </Extensions>
          </Trackpoint>
          <Trackpoint>
            <Time>2026-04-13T01:00:45.000Z</Time>
            <Position>
              <LatitudeDegrees>-41.651342678815126</LatitudeDegrees>
              <LongitudeDegrees>145.95039825886488</LongitudeDegrees>
            </Position>
            <AltitudeMeters>1355.5999755859375</AltitudeMeters>
            <DistanceMeters>1787.8900146484375</DistanceMeters>
            <Extensions>
              <ns3:TPX>
                <ns3:Speed>0.0</ns3:Speed>
              </ns3:TPX>
            </Extensions>
          </Trackpoint>
          <Trackpoint>
            <Time>2026-04-13T01:00:47.000Z</Time>
            <Position>
              <LatitudeDegrees>-41.65134284645319</LatitudeDegrees>
              <LongitudeDegrees>145.95039926469326</LongitudeDegrees>
            </Position>
            <AltitudeMeters>1356.4000244140625</AltitudeMeters>
            <DistanceMeters>1787.97998046875</DistanceMeters>
            <Extensions>
              <ns3:TPX>
                <ns3:Speed>0.0</ns3:Speed>
              </ns3:TPX>
            </Extensions>
          </Trackpoint>
          <Trackpoint>
            <Time>2026-04-13T01:00:57.000Z</Time>
            <Position>
              <LatitudeDegrees>-41.6513526532799</LatitudeDegrees>
              <LongitudeDegrees>145.95036297105253</LongitudeDegrees>
            </Position>
            <AltitudeMeters>1356.199951171875</AltitudeMeters>
            <DistanceMeters>1791.2099609375</DistanceMeters>
            <Extensions>
              <ns3:TPX>
                <ns3:Speed>1.149999976158142</ns3:Speed>
              </ns3:TPX>
            </Extensions>
          </Trackpoint>
          <Trackpoint>
            <Time>2026-04-13T01:00:58.000Z</Time>
            <Position>
              <LatitudeDegrees>-41.65135491639376</LatitudeDegrees>
              <LongitudeDegrees>145.95034763216972</LongitudeDegrees>
            </Position>
            <AltitudeMeters>1356.0</AltitudeMeters>
            <DistanceMeters>1792.52001953125</DistanceMeters>
            <Extensions>
              <ns3:TPX>
                <ns3:Speed>1.2999999523162842</ns3:Speed>
              </ns3:TPX>
            </Extensions>
          </Trackpoint>
          <Trackpoint>
            <Time>2026-04-13T01:00:59.000Z</Time>
            <Position>
              <LatitudeDegrees>-41.651356341317296</LatitudeDegrees>
              <LongitudeDegrees>145.95033128745854</LongitudeDegrees>
            </Position>
            <AltitudeMeters>1355.800048828125</AltitudeMeters>
            <DistanceMeters>1793.8900146484375</DistanceMeters>
            <Extensions>
              <ns3:TPX>
                <ns3:Speed>1.3200000524520874</ns3:Speed>
              </ns3:TPX>
            </Extensions>
          </Trackpoint>
          <Trackpoint>
            <Time>2026-04-13T01:01:06.000Z</Time>
            <Position>
              <LatitudeDegrees>-41.65136028081179</LatitudeDegrees>
              <LongitudeDegrees>145.95022978261113</LongitudeDegrees>
            </Position>
            <AltitudeMeters>1354.800048828125</AltitudeMeters>
            <DistanceMeters>1802.3900146484375</DistanceMeters>
            <Extensions>
              <ns3:TPX>
                <ns3:Speed>1.3700000047683716</ns3:Speed>
              </ns3:TPX>
            </Extensions>
          </Trackpoint>
          <Trackpoint>
            <Time>2026-04-13T01:01:13.000Z</Time>
            <Position>
              <LatitudeDegrees>-41.65137268602848</LatitudeDegrees>
              <LongitudeDegrees>145.95013414509594</LongitudeDegrees>
            </Position>
            <AltitudeMeters>1355.4000244140625</AltitudeMeters>
            <DistanceMeters>1810.510009765625</DistanceMeters>
            <Extensions>
              <ns3:TPX>
                <ns3:Speed>1.3200000524520874</ns3:Speed>
              </ns3:TPX>
            </Extensions>
          </Trackpoint>
          <Trackpoint>
            <Time>2026-04-13T01:01:17.000Z</Time>
            <Position>
              <LatitudeDegrees>-41.65140244178474</LatitudeDegrees>
              <LongitudeDegrees>145.9500898886472</LongitudeDegrees>
            </Position>
            <AltitudeMeters>1355.800048828125</AltitudeMeters>
            <DistanceMeters>1815.5</DistanceMeters>
            <Extensions>
              <ns3:TPX>
                <ns3:Speed>1.409999966621399</ns3:Speed>
              </ns3:TPX>
            </Extensions>
          </Trackpoint>
          <Trackpoint>
            <Time>2026-04-13T01:01:28.000Z</Time>
            <Position>
              <LatitudeDegrees>-41.65149095468223</LatitudeDegrees>
              <LongitudeDegrees>145.94999886117876</LongitudeDegrees>
            </Position>
            <AltitudeMeters>1355.5999755859375</AltitudeMeters>
            <DistanceMeters>1828.0400390625</DistanceMeters>
            <Extensions>
              <ns3:TPX>
                <ns3:Speed>1.2400000095367432</ns3:Speed>
              </ns3:TPX>
            </Extensions>
          </Trackpoint>
          <Trackpoint>
            <Time>2026-04-13T01:01:29.000Z</Time>
            <Position>
              <LatitudeDegrees>-41.65149665437639</LatitudeDegrees>
              <LongitudeDegrees>145.94998561777174</LongitudeDegrees>
            </Position>
            <AltitudeMeters>1355.5999755859375</AltitudeMeters>
            <DistanceMeters>1829.31005859375</DistanceMeters>
            <Extensions>
              <ns3:TPX>
                <ns3:Speed>1.149999976158142</ns3:Speed>
              </ns3:TPX>
            </Extensions>
          </Trackpoint>
          <Trackpoint>
            <Time>2026-04-13T01:01:30.000Z</Time>
            <Position>
              <LatitudeDegrees>-41.65150419808924</LatitudeDegrees>
              <LongitudeDegrees>145.9499741345644</LongitudeDegrees>
            </Position>
            <AltitudeMeters>1355.800048828125</AltitudeMeters>
            <DistanceMeters>1830.5899658203125</DistanceMeters>
            <Extensions>
              <ns3:TPX>
                <ns3:Speed>1.309999942779541</ns3:Speed>
              </ns3:TPX>
            </Extensions>
          </Trackpoint>
          <Trackpoint>
            <Time>2026-04-13T01:01:34.000Z</Time>
            <Position>
              <LatitudeDegrees>-41.65151936933398</LatitudeDegrees>
              <LongitudeDegrees>145.94992082566023</LongitudeDegrees>
            </Position>
            <AltitudeMeters>1356.0</AltitudeMeters>
            <DistanceMeters>1835.3699951171875</DistanceMeters>
            <Extensions>
              <ns3:TPX>
                <ns3:Speed>1.5499999523162842</ns3:Speed>
              </ns3:TPX>
            </Extensions>
          </Trackpoint>
          <Trackpoint>
            <Time>2026-04-13T01:01:35.000Z</Time>
            <Position>
              <LatitudeDegrees>-41.65152406319976</LatitudeDegrees>
              <LongitudeDegrees>145.94990573823452</LongitudeDegrees>
            </Position>
            <AltitudeMeters>1356.0</AltitudeMeters>
            <DistanceMeters>1836.72998046875</DistanceMeters>
            <Extensions>
              <ns3:TPX>
                <ns3:Speed>1.1699999570846558</ns3:Speed>
              </ns3:TPX>
            </Extensions>
          </Trackpoint>
          <Trackpoint>
            <Time>2026-04-13T01:01:36.000Z</Time>
            <Position>
              <LatitudeDegrees>-41.65153085254133</LatitudeDegrees>
              <LongitudeDegrees>145.9498943388462</LongitudeDegrees>
            </Position>
            <AltitudeMeters>1356.199951171875</AltitudeMeters>
            <DistanceMeters>1837.93994140625</DistanceMeters>
            <Extensions>
              <ns3:TPX>
                <ns3:Speed>1.25</ns3:Speed>
              </ns3:TPX>
            </Extensions>
          </Trackpoint>
          <Trackpoint>
            <Time>2026-04-13T01:01:44.000Z</Time>
            <Position>
              <LatitudeDegrees>-41.65157678537071</LatitudeDegrees>
              <LongitudeDegrees>145.94981571659446</LongitudeDegrees>
            </Position>
            <AltitudeMeters>1352.800048828125</AltitudeMeters>
            <DistanceMeters>1846.31005859375</DistanceMeters>
            <Extensions>
              <ns3:TPX>
                <ns3:Speed>0.7400000095367432</ns3:Speed>
              </ns3:TPX>
            </Extensions>
          </Trackpoint>
          <Trackpoint>
            <Time>2026-04-13T01:01:48.000Z</Time>
            <Position>
              <LatitudeDegrees>-41.6515944711864</LatitudeDegrees>
              <LongitudeDegrees>145.9497841168195</LongitudeDegrees>
            </Position>
            <AltitudeMeters>1352.199951171875</AltitudeMeters>
            <DistanceMeters>1849.6099853515625</DistanceMeters>
            <Extensions>
              <ns3:TPX>
                <ns3:Speed>1.1200000047683716</ns3:Speed>
              </ns3:TPX>
            </Extensions>
          </Trackpoint>
          <Trackpoint>
            <Time>2026-04-13T01:01:49.000Z</Time>
            <Position>
              <LatitudeDegrees>-41.651601595804095</LatitudeDegrees>
              <LongitudeDegrees>145.94977464526892</LongitudeDegrees>
            </Position>
            <AltitudeMeters>1352.199951171875</AltitudeMeters>
            <DistanceMeters>1850.72998046875</DistanceMeters>
            <Extensions>
              <ns3:TPX>
                <ns3:Speed>1.1699999570846558</ns3:Speed>
              </ns3:TPX>
            </Extensions>
          </Trackpoint>
          <Trackpoint>
            <Time>2026-04-13T01:01:58.000Z</Time>
            <Position>
              <LatitudeDegrees>-41.65166772902012</LatitudeDegrees>
              <LongitudeDegrees>145.94969593919814</LongitudeDegrees>
            </Position>
            <AltitudeMeters>1353.199951171875</AltitudeMeters>
            <DistanceMeters>1860.6600341796875</DistanceMeters>
            <Extensions>
              <ns3:TPX>
                <ns3:Speed>1.1200000047683716</ns3:Speed>
              </ns3:TPX>
            </Extensions>
          </Trackpoint>
          <Trackpoint>
            <Time>2026-04-13T01:01:59.000Z</Time>
            <Position>
              <LatitudeDegrees>-41.65167124941945</LatitudeDegrees>
              <LongitudeDegrees>145.94968143850565</LongitudeDegrees>
            </Position>
            <AltitudeMeters>1353.4000244140625</AltitudeMeters>
            <DistanceMeters>1861.93994140625</DistanceMeters>
            <Extensions>
              <ns3:TPX>
                <ns3:Speed>1.2200000286102295</ns3:Speed>
              </ns3:TPX>
            </Extensions>
          </Trackpoint>
          <Trackpoint>
            <Time>2026-04-13T01:02:08.000Z</Time>
            <Position>
              <LatitudeDegrees>-41.651697317138314</LatitudeDegrees>
              <LongitudeDegrees>145.9495895728469</LongitudeDegrees>
            </Position>
            <AltitudeMeters>1353.5999755859375</AltitudeMeters>
            <DistanceMeters>1870.1600341796875</DistanceMeters>
            <Extensions>
              <ns3:TPX>
                <ns3:Speed>0.8299999833106995</ns3:Speed>
              </ns3:TPX>
            </Extensions>
          </Trackpoint>
          <Trackpoint>
            <Time>2026-04-13T01:02:18.000Z</Time>
            <Position>
              <LatitudeDegrees>-41.651739897206426</LatitudeDegrees>
              <LongitudeDegrees>145.9495324920863</LongitudeDegrees>
            </Position>
            <AltitudeMeters>1352.0</AltitudeMeters>
            <DistanceMeters>1876.9100341796875</DistanceMeters>
            <Extensions>
              <ns3:TPX>
                <ns3:Speed>0.6899999976158142</ns3:Speed>
              </ns3:TPX>
            </Extensions>
          </Trackpoint>
          <Trackpoint>
            <Time>2026-04-13T01:02:24.000Z</Time>
            <Position>
              <LatitudeDegrees>-41.651754062622786</LatitudeDegrees>
              <LongitudeDegrees>145.94951748847961</LongitudeDegrees>
            </Position>
            <AltitudeMeters>1349.199951171875</AltitudeMeters>
            <DistanceMeters>1878.9300537109375</DistanceMeters>
            <Extensions>
              <ns3:TPX>
                <ns3:Speed>1.1200000047683716</ns3:Speed>
              </ns3:TPX>
            </Extensions>
          </Trackpoint>
          <Trackpoint>
            <Time>2026-04-13T01:02:35.000Z</Time>
            <Position>
              <LatitudeDegrees>-41.65177728049457</LatitudeDegrees>
              <LongitudeDegrees>145.9494698792696</LongitudeDegrees>
            </Position>
            <AltitudeMeters>1349.4000244140625</AltitudeMeters>
            <DistanceMeters>1883.68994140625</DistanceMeters>
            <Extensions>
              <ns3:TPX>
                <ns3:Speed>0.0</ns3:Speed>
              </ns3:TPX>
            </Extensions>
          </Trackpoint>
          <Trackpoint>
            <Time>2026-04-13T01:02:45.000Z</Time>
            <Position>
              <LatitudeDegrees>-41.65181533433497</LatitudeDegrees>
              <LongitudeDegrees>145.94944247044623</LongitudeDegrees>
            </Position>
            <AltitudeMeters>1348.5999755859375</AltitudeMeters>
            <DistanceMeters>1888.5400390625</DistanceMeters>
            <Extensions>
              <ns3:TPX>
                <ns3:Speed>1.1299999952316284</ns3:Speed>
              </ns3:TPX>
            </Extensions>
          </Trackpoint>
          <Trackpoint>
            <Time>2026-04-13T01:02:48.000Z</Time>
            <Position>
              <LatitudeDegrees>-41.651845928281546</LatitudeDegrees>
              <LongitudeDegrees>145.94943928532302</LongitudeDegrees>
            </Position>
            <AltitudeMeters>1347.199951171875</AltitudeMeters>
            <DistanceMeters>1891.989990234375</DistanceMeters>
            <Extensions>
              <ns3:TPX>
                <ns3:Speed>1.190000057220459</ns3:Speed>
              </ns3:TPX>
            </Extensions>
          </Trackpoint>
          <Trackpoint>
            <Time>2026-04-13T01:02:49.000Z</Time>
            <Position>
              <LatitudeDegrees>-41.65185648947954</LatitudeDegrees>
              <LongitudeDegrees>145.94943962059915</LongitudeDegrees>
            </Position>
            <AltitudeMeters>1347.199951171875</AltitudeMeters>
            <DistanceMeters>1893.1800537109375</DistanceMeters>
            <Extensions>
              <ns3:TPX>
                <ns3:Speed>1.2200000286102295</ns3:Speed>
              </ns3:TPX>
            </Extensions>
          </Trackpoint>
          <Trackpoint>
            <Time>2026-04-13T01:02:50.000Z</Time>
            <Position>
              <LatitudeDegrees>-41.65186705067754</LatitudeDegrees>
              <LongitudeDegrees>145.94944062642753</LongitudeDegrees>
            </Position>
            <AltitudeMeters>1347.199951171875</AltitudeMeters>
            <DistanceMeters>1894.3599853515625</DistanceMeters>
            <Extensions>
              <ns3:TPX>
                <ns3:Speed>1.25</ns3:Speed>
              </ns3:TPX>
            </Extensions>
          </Trackpoint>
          <Trackpoint>
            <Time>2026-04-13T01:02:51.000Z</Time>
            <Position>
              <LatitudeDegrees>-41.65187845006585</LatitudeDegrees>
              <LongitudeDegrees>145.94943903386593</LongitudeDegrees>
            </Position>
            <AltitudeMeters>1347.5999755859375</AltitudeMeters>
            <DistanceMeters>1895.6500244140625</DistanceMeters>
            <Extensions>
              <ns3:TPX>
                <ns3:Speed>1.2200000286102295</ns3:Speed>
              </ns3:TPX>
            </Extensions>
          </Trackpoint>
          <Trackpoint>
            <Time>2026-04-13T01:02:59.000Z</Time>
            <Position>
              <LatitudeDegrees>-41.65195455774665</LatitudeDegrees>
              <LongitudeDegrees>145.94940944574773</LongitudeDegrees>
            </Position>
            <AltitudeMeters>1350.199951171875</AltitudeMeters>
            <DistanceMeters>1904.56005859375</DistanceMeters>
            <Extensions>
              <ns3:TPX>
                <ns3:Speed>1.2300000190734863</ns3:Speed>
              </ns3:TPX>
            </Extensions>
          </Trackpoint>
          <Trackpoint>
            <Time>2026-04-13T01:03:02.000Z</Time>
            <Position>
              <LatitudeDegrees>-41.65197702124715</LatitudeDegrees>
              <LongitudeDegrees>145.9493845514953</LongitudeDegrees>
            </Position>
            <AltitudeMeters>1349.800048828125</AltitudeMeters>
            <DistanceMeters>1907.8399658203125</DistanceMeters>
            <Extensions>
              <ns3:TPX>
                <ns3:Speed>1.1100000143051147</ns3:Speed>
              </ns3:TPX>
            </Extensions>
          </Trackpoint>
          <Trackpoint>
            <Time>2026-04-13T01:03:03.000Z</Time>
            <Position>
              <LatitudeDegrees>-41.65198674425483</LatitudeDegrees>
              <LongitudeDegrees>145.9493805281818</LongitudeDegrees>
            </Position>
            <AltitudeMeters>1349.4000244140625</AltitudeMeters>
            <DistanceMeters>1908.97998046875</DistanceMeters>
            <Extensions>
              <ns3:TPX>
                <ns3:Speed>1.149999976158142</ns3:Speed>
              </ns3:TPX>
            </Extensions>
          </Trackpoint>
          <Trackpoint>
            <Time>2026-04-13T01:03:04.000Z</Time>
            <Position>
              <LatitudeDegrees>-41.65199722163379</LatitudeDegrees>
              <LongitudeDegrees>145.94937885180116</LongitudeDegrees>
            </Position>
            <AltitudeMeters>1349.0</AltitudeMeters>
            <DistanceMeters>1910.1600341796875</DistanceMeters>
            <Extensions>
              <ns3:TPX>
                <ns3:Speed>1.190000057220459</ns3:Speed>
              </ns3:TPX>
            </Extensions>
          </Trackpoint>
          <Trackpoint>
            <Time>2026-04-13T01:03:10.000Z</Time>
            <Position>
              <LatitudeDegrees>-41.6520553920418</LatitudeDegrees>
              <LongitudeDegrees>145.94935907050967</LongitudeDegrees>
            </Position>
            <AltitudeMeters>1346.4000244140625</AltitudeMeters>
            <DistanceMeters>1916.9100341796875</DistanceMeters>
            <Extensions>
              <ns3:TPX>
                <ns3:Speed>1.3899999856948853</ns3:Speed>
              </ns3:TPX>
            </Extensions>
          </Trackpoint>
          <Trackpoint>
            <Time>2026-04-13T01:03:11.000Z</Time>
            <Position>
              <LatitudeDegrees>-41.652065282687545</LatitudeDegrees>
              <LongitudeDegrees>145.9493506886065</LongitudeDegrees>
            </Position>
            <AltitudeMeters>1346.199951171875</AltitudeMeters>
            <DistanceMeters>1918.219970703125</DistanceMeters>
            <Extensions>
              <ns3:TPX>
                <ns3:Speed>1.3600000143051147</ns3:Speed>
              </ns3:TPX>
            </Extensions>
          </Trackpoint>
          <Trackpoint>
            <Time>2026-04-13T01:03:12.000Z</Time>
            <Position>
              <LatitudeDegrees>-41.652073580771685</LatitudeDegrees>
              <LongitudeDegrees>145.9493403788656</LongitudeDegrees>
            </Position>
            <AltitudeMeters>1345.4000244140625</AltitudeMeters>
            <DistanceMeters>1919.489990234375</DistanceMeters>
            <Extensions>
              <ns3:TPX>
                <ns3:Speed>1.159999966621399</ns3:Speed>
              </ns3:TPX>
            </Extensions>
          </Trackpoint>
          <Trackpoint>
            <Time>2026-04-13T01:03:13.000Z</Time>
            <Position>
              <LatitudeDegrees>-41.652083387598395</LatitudeDegrees>
              <LongitudeDegrees>145.94933157786727</LongitudeDegrees>
            </Position>
            <AltitudeMeters>1345.199951171875</AltitudeMeters>
            <DistanceMeters>1920.81005859375</DistanceMeters>
            <Extensions>
              <ns3:TPX>
                <ns3:Speed>1.3899999856948853</ns3:Speed>
              </ns3:TPX>
            </Extensions>
          </Trackpoint>
          <Trackpoint>
            <Time>2026-04-13T01:03:14.000Z</Time>
            <Position>
              <LatitudeDegrees>-41.65209445171058</LatitudeDegrees>
              <LongitudeDegrees>145.94932353124022</LongitudeDegrees>
            </Position>
            <AltitudeMeters>1345.0</AltitudeMeters>
            <DistanceMeters>1922.219970703125</DistanceMeters>
            <Extensions>
              <ns3:TPX>
                <ns3:Speed>1.2999999523162842</ns3:Speed>
              </ns3:TPX>
            </Extensions>
          </Trackpoint>
          <Trackpoint>
            <Time>2026-04-13T01:03:15.000Z</Time>
            <Position>
              <LatitudeDegrees>-41.652103839442134</LatitudeDegrees>
              <LongitudeDegrees>145.94931665807962</LongitudeDegrees>
            </Position>
            <AltitudeMeters>1345.0</AltitudeMeters>
            <DistanceMeters>1923.4100341796875</DistanceMeters>
            <Extensions>
              <ns3:TPX>
                <ns3:Speed>1.2300000190734863</ns3:Speed>
              </ns3:TPX>
            </Extensions>
          </Trackpoint>
          <Trackpoint>
            <Time>2026-04-13T01:03:16.000Z</Time>
            <Position>
              <LatitudeDegrees>-41.65211498737335</LatitudeDegrees>
              <LongitudeDegrees>145.9493091981858</LongitudeDegrees>
            </Position>
            <AltitudeMeters>1344.800048828125</AltitudeMeters>
            <DistanceMeters>1924.800048828125</DistanceMeters>
            <Extensions>
              <ns3:TPX>
                <ns3:Speed>1.4299999475479126</ns3:Speed>
              </ns3:TPX>
            </Extensions>
          </Trackpoint>
          <Trackpoint>
            <Time>2026-04-13T01:03:17.000Z</Time>
            <Position>
              <LatitudeDegrees>-41.65212546475232</LatitudeDegrees>
              <LongitudeDegrees>145.94929989427328</LongitudeDegrees>
            </Position>
            <AltitudeMeters>1345.0</AltitudeMeters>
            <DistanceMeters>1926.2099609375</DistanceMeters>
            <Extensions>
              <ns3:TPX>
                <ns3:Speed>1.3200000524520874</ns3:Speed>
              </ns3:TPX>
            </Extensions>
          </Trackpoint>
          <Trackpoint>
            <Time>2026-04-13T01:03:29.000Z</Time>
            <Position>
              <LatitudeDegrees>-41.652233926579356</LatitudeDegrees>
              <LongitudeDegrees>145.9491950366646</LongitudeDegrees>
            </Position>
            <AltitudeMeters>1345.800048828125</AltitudeMeters>
            <DistanceMeters>1941.239990234375</DistanceMeters>
            <Extensions>
              <ns3:TPX>
                <ns3:Speed>1.2899999618530273</ns3:Speed>
              </ns3:TPX>
            </Extensions>
          </Trackpoint>
          <Trackpoint>
            <Time>2026-04-13T01:03:40.000Z</Time>
            <Position>
              <LatitudeDegrees>-41.65227709338069</LatitudeDegrees>
              <LongitudeDegrees>145.94906805083156</LongitudeDegrees>
            </Position>
            <AltitudeMeters>1347.0</AltitudeMeters>
            <DistanceMeters>1952.9100341796875</DistanceMeters>
            <Extensions>
              <ns3:TPX>
                <ns3:Speed>1.2100000381469727</ns3:Speed>
              </ns3:TPX>
            </Extensions>
          </Trackpoint>
          <Trackpoint>
            <Time>2026-04-13T01:03:41.000Z</Time>
            <Position>
              <LatitudeDegrees>-41.652282290160656</LatitudeDegrees>
              <LongitudeDegrees>145.9490543883294</LongitudeDegrees>
            </Position>
            <AltitudeMeters>1347.0</AltitudeMeters>
            <DistanceMeters>1954.18994140625</DistanceMeters>
            <Extensions>
              <ns3:TPX>
                <ns3:Speed>1.25</ns3:Speed>
              </ns3:TPX>
            </Extensions>
          </Trackpoint>
          <Trackpoint>
            <Time>2026-04-13T01:03:43.000Z</Time>
            <Position>
              <LatitudeDegrees>-41.65229553356767</LatitudeDegrees>
              <LongitudeDegrees>145.94903309829533</LongitudeDegrees>
            </Position>
            <AltitudeMeters>1346.5999755859375</AltitudeMeters>
            <DistanceMeters>1956.510009765625</DistanceMeters>
            <Extensions>
              <ns3:TPX>
                <ns3:Speed>1.309999942779541</ns3:Speed>
              </ns3:TPX>
            </Extensions>
          </Trackpoint>
          <Trackpoint>
            <Time>2026-04-13T01:03:44.000Z</Time>
            <Position>
              <LatitudeDegrees>-41.65230349637568</LatitudeDegrees>
              <LongitudeDegrees>145.9490208607167</LongitudeDegrees>
            </Position>
            <AltitudeMeters>1346.5999755859375</AltitudeMeters>
            <DistanceMeters>1957.8599853515625</DistanceMeters>
            <Extensions>
              <ns3:TPX>
                <ns3:Speed>1.2699999809265137</ns3:Speed>
              </ns3:TPX>
            </Extensions>
          </Trackpoint>
          <Trackpoint>
            <Time>2026-04-13T01:03:45.000Z</Time>
            <Position>
              <LatitudeDegrees>-41.65231078863144</LatitudeDegrees>
              <LongitudeDegrees>145.94900786876678</LongitudeDegrees>
            </Position>
            <AltitudeMeters>1346.4000244140625</AltitudeMeters>
            <DistanceMeters>1959.2099609375</DistanceMeters>
            <Extensions>
              <ns3:TPX>
                <ns3:Speed>1.4500000476837158</ns3:Speed>
              </ns3:TPX>
            </Extensions>
          </Trackpoint>
          <Trackpoint>
            <Time>2026-04-13T01:03:46.000Z</Time>
            <Position>
              <LatitudeDegrees>-41.65231514722109</LatitudeDegrees>
              <LongitudeDegrees>145.9489917755127</LongitudeDegrees>
            </Position>
            <AltitudeMeters>1346.4000244140625</AltitudeMeters>
            <DistanceMeters>1960.6400146484375</DistanceMeters>
            <Extensions>
              <ns3:TPX>
                <ns3:Speed>1.3799999952316284</ns3:Speed>
              </ns3:TPX>
            </Extensions>
          </Trackpoint>
          <Trackpoint>
            <Time>2026-04-13T01:03:47.000Z</Time>
            <Position>
              <LatitudeDegrees>-41.65231715887785</LatitudeDegrees>
              <LongitudeDegrees>145.94897685572505</LongitudeDegrees>
            </Position>
            <AltitudeMeters>1346.5999755859375</AltitudeMeters>
            <DistanceMeters>1961.9000244140625</DistanceMeters>
            <Extensions>
              <ns3:TPX>
                <ns3:Speed>1.2000000476837158</ns3:Speed>
              </ns3:TPX>
            </Extensions>
          </Trackpoint>
          <Trackpoint>
            <Time>2026-04-13T01:03:48.000Z</Time>
            <Position>
              <LatitudeDegrees>-41.65232076309621</LatitudeDegrees>
              <LongitudeDegrees>145.94896344467998</LongitudeDegrees>
            </Position>
            <AltitudeMeters>1346.800048828125</AltitudeMeters>
            <DistanceMeters>1963.0799560546875</DistanceMeters>
            <Extensions>
              <ns3:TPX>
                <ns3:Speed>1.3799999952316284</ns3:Speed>
              </ns3:TPX>
            </Extensions>
          </Trackpoint>
          <Trackpoint>
            <Time>2026-04-13T01:03:53.000Z</Time>
            <Position>
              <LatitudeDegrees>-41.65232688188553</LatitudeDegrees>
              <LongitudeDegrees>145.94889169558883</LongitudeDegrees>
            </Position>
            <AltitudeMeters>1348.5999755859375</AltitudeMeters>
            <DistanceMeters>1969.1199951171875</DistanceMeters>
            <Extensions>
              <ns3:TPX>
                <ns3:Speed>1.4199999570846558</ns3:Speed>
              </ns3:TPX>
            </Extensions>
          </Trackpoint>
          <Trackpoint>
            <Time>2026-04-13T01:03:54.000Z</Time>
            <Position>
              <LatitudeDegrees>-41.65233124047518</LatitudeDegrees>
              <LongitudeDegrees>145.94887753017247</LongitudeDegrees>
            </Position>
            <AltitudeMeters>1348.800048828125</AltitudeMeters>
            <DistanceMeters>1970.4000244140625</DistanceMeters>
            <Extensions>
              <ns3:TPX>
                <ns3:Speed>1.1399999856948853</ns3:Speed>
              </ns3:TPX>
            </Extensions>
          </Trackpoint>
          <Trackpoint>
            <Time>2026-04-13T01:03:55.000Z</Time>
            <Position>
              <LatitudeDegrees>-41.65233383886516</LatitudeDegrees>
              <LongitudeDegrees>145.94886143691838</LongitudeDegrees>
            </Position>
            <AltitudeMeters>1349.199951171875</AltitudeMeters>
            <DistanceMeters>1971.77001953125</DistanceMeters>
            <Extensions>
              <ns3:TPX>
                <ns3:Speed>1.5099999904632568</ns3:Speed>
              </ns3:TPX>
            </Extensions>
          </Trackpoint>
          <Trackpoint>
            <Time>2026-04-13T01:03:56.000Z</Time>
            <Position>
              <LatitudeDegrees>-41.65233534760773</LatitudeDegrees>
              <LongitudeDegrees>145.94884467311203</LongitudeDegrees>
            </Position>
            <AltitudeMeters>1349.199951171875</AltitudeMeters>
            <DistanceMeters>1973.1800537109375</DistanceMeters>
            <Extensions>
              <ns3:TPX>
                <ns3:Speed>1.190000057220459</ns3:Speed>
              </ns3:TPX>
            </Extensions>
          </Trackpoint>
          <Trackpoint>
            <Time>2026-04-13T01:03:57.000Z</Time>
            <Position>
              <LatitudeDegrees>-41.65233769454062</LatitudeDegrees>
              <LongitudeDegrees>145.9488315973431</LongitudeDegrees>
            </Position>
            <AltitudeMeters>1349.4000244140625</AltitudeMeters>
            <DistanceMeters>1974.300048828125</DistanceMeters>
            <Extensions>
              <ns3:TPX>
                <ns3:Speed>1.1100000143051147</ns3:Speed>
              </ns3:TPX>
            </Extensions>
          </Trackpoint>
          <Trackpoint>
            <Time>2026-04-13T01:03:58.000Z</Time>
            <Position>
              <LatitudeDegrees>-41.65234046056867</LatitudeDegrees>
              <LongitudeDegrees>145.94881692901254</LongitudeDegrees>
            </Position>
            <AltitudeMeters>1349.5999755859375</AltitudeMeters>
            <DistanceMeters>1975.56005859375</DistanceMeters>
            <Extensions>
              <ns3:TPX>
                <ns3:Speed>1.2899999618530273</ns3:Speed>
              </ns3:TPX>
            </Extensions>
          </Trackpoint>
          <Trackpoint>
            <Time>2026-04-13T01:04:08.000Z</Time>
            <Position>
              <LatitudeDegrees>-41.65235764347017</LatitudeDegrees>
              <LongitudeDegrees>145.94866923987865</LongitudeDegrees>
            </Position>
            <AltitudeMeters>1349.4000244140625</AltitudeMeters>
            <DistanceMeters>1988.06005859375</DistanceMeters>
            <Extensions>
              <ns3:TPX>
                <ns3:Speed>1.1200000047683716</ns3:Speed>
              </ns3:TPX>
            </Extensions>
          </Trackpoint>
          <Trackpoint>
            <Time>2026-04-13T01:04:13.000Z</Time>
            <Position>
              <LatitudeDegrees>-41.65236208587885</LatitudeDegrees>
              <LongitudeDegrees>145.94858885742724</LongitudeDegrees>
            </Position>
            <AltitudeMeters>1348.5999755859375</AltitudeMeters>
            <DistanceMeters>1994.800048828125</DistanceMeters>
            <Extensions>
              <ns3:TPX>
                <ns3:Speed>1.2599999904632568</ns3:Speed>
              </ns3:TPX>
            </Extensions>
          </Trackpoint>
          <Trackpoint>
            <Time>2026-04-13T01:04:14.000Z</Time>
            <Position>
              <LatitudeDegrees>-41.652364768087864</LatitudeDegrees>
              <LongitudeDegrees>145.94857444055378</LongitudeDegrees>
            </Position>
            <AltitudeMeters>1348.0</AltitudeMeters>
            <DistanceMeters>1996.0400390625</DistanceMeters>
            <Extensions>
              <ns3:TPX>
                <ns3:Speed>1.309999942779541</ns3:Speed>
              </ns3:TPX>
            </Extensions>
          </Trackpoint>
          <Trackpoint>
            <Time>2026-04-13T01:04:15.000Z</Time>
            <Position>
              <LatitudeDegrees>-41.6523680370301</LatitudeDegrees>
              <LongitudeDegrees>145.94855658710003</LongitudeDegrees>
            </Position>
            <AltitudeMeters>1347.800048828125</AltitudeMeters>
            <DistanceMeters>1997.5799560546875</DistanceMeters>
            <Extensions>
              <ns3:TPX>
                <ns3:Speed>1.6200000047683716</ns3:Speed>
              </ns3:TPX>
            </Extensions>
          </Trackpoint>
          <Trackpoint>
            <Time>2026-04-13T01:04:16.000Z</Time>
            <Position>
              <LatitudeDegrees>-41.65236946195364</LatitudeDegrees>
              <LongitudeDegrees>145.94853839837015</LongitudeDegrees>
            </Position>
            <AltitudeMeters>1347.800048828125</AltitudeMeters>
            <DistanceMeters>1999.1099853515625</DistanceMeters>
            <Extensions>
              <ns3:TPX>
                <ns3:Speed>1.2799999713897705</ns3:Speed>
              </ns3:TPX>
            </Extensions>
          </Trackpoint>
          <Trackpoint>
            <Time>2026-04-13T01:04:17.000Z</Time>
            <Position>
              <LatitudeDegrees>-41.65237247943878</LatitudeDegrees>
              <LongitudeDegrees>145.94852414913476</LongitudeDegrees>
            </Position>
            <AltitudeMeters>1347.5999755859375</AltitudeMeters>
            <DistanceMeters>2000.3399658203125</DistanceMeters>
            <Extensions>
              <ns3:TPX>
                <ns3:Speed>1.3200000524520874</ns3:Speed>
              </ns3:TPX>
            </Extensions>
          </Trackpoint>
          <Trackpoint>
            <Time>2026-04-13T01:04:18.000Z</Time>
            <Position>
              <LatitudeDegrees>-41.652379520237446</LatitudeDegrees>
              <LongitudeDegrees>145.9485099837184</LongitudeDegrees>
            </Position>
            <AltitudeMeters>1347.800048828125</AltitudeMeters>
            <DistanceMeters>2001.760009765625</DistanceMeters>
            <Extensions>
              <ns3:TPX>
                <ns3:Speed>1.4700000286102295</ns3:Speed>
              </ns3:TPX>
            </Extensions>
          </Trackpoint>
          <Trackpoint>
            <Time>2026-04-13T01:04:19.000Z</Time>
            <Position>
              <LatitudeDegrees>-41.65238647721708</LatitudeDegrees>
              <LongitudeDegrees>145.9484964888543</LongitudeDegrees>
            </Position>
            <AltitudeMeters>1348.0</AltitudeMeters>
            <DistanceMeters>2003.1300048828125</DistanceMeters>
            <Extensions>
              <ns3:TPX>
                <ns3:Speed>1.159999966621399</ns3:Speed>
              </ns3:TPX>
            </Extensions>
          </Trackpoint>
          <Trackpoint>
            <Time>2026-04-13T01:04:20.000Z</Time>
            <Position>
              <LatitudeDegrees>-41.65239041671157</LatitudeDegrees>
              <LongitudeDegrees>145.94848316162825</LongitudeDegrees>
            </Position>
            <AltitudeMeters>1348.199951171875</AltitudeMeters>
            <DistanceMeters>2004.3299560546875</DistanceMeters>
            <Extensions>
              <ns3:TPX>
                <ns3:Speed>1.2100000381469727</ns3:Speed>
              </ns3:TPX>
            </Extensions>
          </Trackpoint>
          <Trackpoint>
            <Time>2026-04-13T01:04:21.000Z</Time>
            <Position>
              <LatitudeDegrees>-41.65239259600639</LatitudeDegrees>
              <LongitudeDegrees>145.94846656545997</LongitudeDegrees>
            </Position>
            <AltitudeMeters>1348.199951171875</AltitudeMeters>
            <DistanceMeters>2005.72998046875</DistanceMeters>
            <Extensions>
              <ns3:TPX>
                <ns3:Speed>1.4800000190734863</ns3:Speed>
              </ns3:TPX>
            </Extensions>
          </Trackpoint>
          <Trackpoint>
            <Time>2026-04-13T01:04:22.000Z</Time>
            <Position>
              <LatitudeDegrees>-41.65239142253995</LatitudeDegrees>
              <LongitudeDegrees>145.94844913110137</LongitudeDegrees>
            </Position>
            <AltitudeMeters>1348.4000244140625</AltitudeMeters>
            <DistanceMeters>2007.18994140625</DistanceMeters>
            <Extensions>
              <ns3:TPX>
                <ns3:Speed>1.3600000143051147</ns3:Speed>
              </ns3:TPX>
            </Extensions>
          </Trackpoint>
          <Trackpoint>
            <Time>2026-04-13T01:04:23.000Z</Time>
            <Position>
              <LatitudeDegrees>-41.65238949470222</LatitudeDegrees>
              <LongitudeDegrees>145.94843446277082</LongitudeDegrees>
            </Position>
            <AltitudeMeters>1348.4000244140625</AltitudeMeters>
            <DistanceMeters>2008.4300537109375</DistanceMeters>
            <Extensions>
              <ns3:TPX>
                <ns3:Speed>1.25</ns3:Speed>
              </ns3:TPX>
            </Extensions>
          </Trackpoint>
          <Trackpoint>
            <Time>2026-04-13T01:04:24.000Z</Time>
            <Position>
              <LatitudeDegrees>-41.65238932706416</LatitudeDegrees>
              <LongitudeDegrees>145.94841744750738</LongitudeDegrees>
            </Position>
            <AltitudeMeters>1348.199951171875</AltitudeMeters>
            <DistanceMeters>2009.8499755859375</DistanceMeters>
            <Extensions>
              <ns3:TPX>
                <ns3:Speed>1.4500000476837158</ns3:Speed>
              </ns3:TPX>
            </Extensions>
          </Trackpoint>
          <Trackpoint>
            <Time>2026-04-13T01:04:25.000Z</Time>
            <Position>
              <LatitudeDegrees>-41.652388740330935</LatitudeDegrees>
              <LongitudeDegrees>145.94839967787266</LongitudeDegrees>
            </Position>
            <AltitudeMeters>1348.0</AltitudeMeters>
            <DistanceMeters>2011.3299560546875</DistanceMeters>
            <Extensions>
              <ns3:TPX>
                <ns3:Speed>1.3600000143051147</ns3:Speed>
              </ns3:TPX>
            </Extensions>
          </Trackpoint>
          <Trackpoint>
            <Time>2026-04-13T01:04:26.000Z</Time>
            <Position>
              <LatitudeDegrees>-41.652388321235776</LatitudeDegrees>
              <LongitudeDegrees>145.94838375225663</LongitudeDegrees>
            </Position>
            <AltitudeMeters>1347.800048828125</AltitudeMeters>
            <DistanceMeters>2012.6600341796875</DistanceMeters>
            <Extensions>
              <ns3:TPX>
                <ns3:Speed>1.25</ns3:Speed>
              </ns3:TPX>
            </Extensions>
          </Trackpoint>
          <Trackpoint>
            <Time>2026-04-13T01:04:27.000Z</Time>
            <Position>
              <LatitudeDegrees>-41.65238857269287</LatitudeDegrees>
              <LongitudeDegrees>145.94836589880288</LongitudeDegrees>
            </Position>
            <AltitudeMeters>1347.5999755859375</AltitudeMeters>
            <DistanceMeters>2014.1500244140625</DistanceMeters>
            <Extensions>
              <ns3:TPX>
                <ns3:Speed>1.6200000047683716</ns3:Speed>
              </ns3:TPX>
            </Extensions>
          </Trackpoint>
          <Trackpoint>
            <Time>2026-04-13T01:04:36.000Z</Time>
            <Position>
              <LatitudeDegrees>-41.65240139700472</LatitudeDegrees>
              <LongitudeDegrees>145.9482401702553</LongitudeDegrees>
            </Position>
            <AltitudeMeters>1348.4000244140625</AltitudeMeters>
            <DistanceMeters>2024.760009765625</DistanceMeters>
            <Extensions>
              <ns3:TPX>
                <ns3:Speed>1.2799999713897705</ns3:Speed>
              </ns3:TPX>
            </Extensions>
          </Trackpoint>
          <Trackpoint>
            <Time>2026-04-13T01:04:40.000Z</Time>
            <Position>
              <LatitudeDegrees>-41.652407348155975</LatitudeDegrees>
              <LongitudeDegrees>145.9481881186366</LongitudeDegrees>
            </Position>
            <AltitudeMeters>1349.4000244140625</AltitudeMeters>
            <DistanceMeters>2029.1500244140625</DistanceMeters>
            <Extensions>
              <ns3:TPX>
                <ns3:Speed>1.340000033378601</ns3:Speed>
              </ns3:TPX>
            </Extensions>
          </Trackpoint>
          <Trackpoint>
            <Time>2026-04-13T01:04:42.000Z</Time>
            <Position>
              <LatitudeDegrees>-41.652405336499214</LatitudeDegrees>
              <LongitudeDegrees>145.94815844669938</LongitudeDegrees>
            </Position>
            <AltitudeMeters>1349.5999755859375</AltitudeMeters>
            <DistanceMeters>2031.6500244140625</DistanceMeters>
            <Extensions>
              <ns3:TPX>
                <ns3:Speed>1.1799999475479126</ns3:Speed>
              </ns3:TPX>
            </Extensions>
          </Trackpoint>
          <Trackpoint>
            <Time>2026-04-13T01:04:48.000Z</Time>
            <Position>
              <LatitudeDegrees>-41.65242453105748</LatitudeDegrees>
              <LongitudeDegrees>145.94806842505932</LongitudeDegrees>
            </Position>
            <AltitudeMeters>1348.0</AltitudeMeters>
            <DistanceMeters>2039.469970703125</DistanceMeters>
            <Extensions>
              <ns3:TPX>
                <ns3:Speed>1.25</ns3:Speed>
              </ns3:TPX>
            </Extensions>
          </Trackpoint>
          <Trackpoint>
            <Time>2026-04-13T01:04:57.000Z</Time>
            <Position>
              <LatitudeDegrees>-41.65249896235764</LatitudeDegrees>
              <LongitudeDegrees>145.94807412475348</LongitudeDegrees>
            </Position>
            <AltitudeMeters>1347.199951171875</AltitudeMeters>
            <DistanceMeters>2047.8699951171875</DistanceMeters>
            <Extensions>
              <ns3:TPX>
                <ns3:Speed>1.1200000047683716</ns3:Speed>
              </ns3:TPX>
            </Extensions>
          </Trackpoint>
          <Trackpoint>
            <Time>2026-04-13T01:05:07.000Z</Time>
            <Position>
              <LatitudeDegrees>-41.652580266818404</LatitudeDegrees>
              <LongitudeDegrees>145.948157440871</LongitudeDegrees>
            </Position>
            <AltitudeMeters>1348.0</AltitudeMeters>
            <DistanceMeters>2059.389892578125</DistanceMeters>
            <Extensions>
              <ns3:TPX>
                <ns3:Speed>1.3700000047683716</ns3:Speed>
              </ns3:TPX>
            </Extensions>
          </Trackpoint>
          <Trackpoint>
            <Time>2026-04-13T01:05:11.000Z</Time>
            <Position>
              <LatitudeDegrees>-41.65260306559503</LatitudeDegrees>
              <LongitudeDegrees>145.9482099954039</LongitudeDegrees>
            </Position>
            <AltitudeMeters>1349.5999755859375</AltitudeMeters>
            <DistanceMeters>2064.47998046875</DistanceMeters>
            <Extensions>
              <ns3:TPX>
                <ns3:Speed>1.5299999713897705</ns3:Speed>
              </ns3:TPX>
            </Extensions>
          </Trackpoint>
          <Trackpoint>
            <Time>2026-04-13T01:05:17.000Z</Time>
            <Position>
              <LatitudeDegrees>-41.6526442207396</LatitudeDegrees>
              <LongitudeDegrees>145.9482885338366</LongitudeDegrees>
            </Position>
            <AltitudeMeters>1350.199951171875</AltitudeMeters>
            <DistanceMeters>2072.52001953125</DistanceMeters>
            <Extensions>
              <ns3:TPX>
                <ns3:Speed>1.5700000524520874</ns3:Speed>
              </ns3:TPX>
            </Extensions>
          </Trackpoint>
          <Trackpoint>
            <Time>2026-04-13T01:05:19.000Z</Time>
            <Position>
              <LatitudeDegrees>-41.65266266092658</LatitudeDegrees>
              <LongitudeDegrees>145.94830529764295</LongitudeDegrees>
            </Position>
            <AltitudeMeters>1350.800048828125</AltitudeMeters>
            <DistanceMeters>2075.02001953125</DistanceMeters>
            <Extensions>
              <ns3:TPX>
                <ns3:Speed>1.4299999475479126</ns3:Speed>
              </ns3:TPX>
            </Extensions>
          </Trackpoint>
          <Trackpoint>
            <Time>2026-04-13T01:05:20.000Z</Time>
            <Position>
              <LatitudeDegrees>-41.65267053991556</LatitudeDegrees>
              <LongitudeDegrees>145.9483165293932</LongitudeDegrees>
            </Position>
            <AltitudeMeters>1351.0</AltitudeMeters>
            <DistanceMeters>2076.320068359375</DistanceMeters>
            <Extensions>
              <ns3:TPX>
                <ns3:Speed>1.1100000143051147</ns3:Speed>
              </ns3:TPX>
            </Extensions>
          </Trackpoint>
          <Trackpoint>
            <Time>2026-04-13T01:05:21.000Z</Time>
            <Position>
              <LatitudeDegrees>-41.65267816744745</LatitudeDegrees>
              <LongitudeDegrees>145.94832591712475</LongitudeDegrees>
            </Position>
            <AltitudeMeters>1351.199951171875</AltitudeMeters>
            <DistanceMeters>2077.489990234375</DistanceMeters>
            <Extensions>
              <ns3:TPX>
                <ns3:Speed>1.2400000095367432</ns3:Speed>
              </ns3:TPX>
            </Extensions>
          </Trackpoint>
          <Trackpoint>
            <Time>2026-04-13T01:05:25.000Z</Time>
            <Position>
              <LatitudeDegrees>-41.65271295234561</LatitudeDegrees>
              <LongitudeDegrees>145.9483527392149</LongitudeDegrees>
            </Position>
            <AltitudeMeters>1350.199951171875</AltitudeMeters>
            <DistanceMeters>2081.989990234375</DistanceMeters>
            <Extensions>
              <ns3:TPX>
                <ns3:Speed>1.4800000190734863</ns3:Speed>
              </ns3:TPX>
            </Extensions>
          </Trackpoint>
          <Trackpoint>
            <Time>2026-04-13T01:05:28.000Z</Time>
            <Position>
              <LatitudeDegrees>-41.652743043377995</LatitudeDegrees>
              <LongitudeDegrees>145.94836891628802</LongitudeDegrees>
            </Position>
            <AltitudeMeters>1349.0</AltitudeMeters>
            <DistanceMeters>2085.639892578125</DistanceMeters>
            <Extensions>
              <ns3:TPX>
                <ns3:Speed>1.409999966621399</ns3:Speed>
              </ns3:TPX>
            </Extensions>
          </Trackpoint>
          <Trackpoint>
            <Time>2026-04-13T01:05:29.000Z</Time>
            <Position>
              <LatitudeDegrees>-41.65275159291923</LatitudeDegrees>
              <LongitudeDegrees>145.94837847165763</LongitudeDegrees>
            </Position>
            <AltitudeMeters>1349.0</AltitudeMeters>
            <DistanceMeters>2086.889892578125</DistanceMeters>
            <Extensions>
              <ns3:TPX>
                <ns3:Speed>1.1399999856948853</ns3:Speed>
              </ns3:TPX>
            </Extensions>
          </Trackpoint>
          <Trackpoint>
            <Time>2026-04-13T01:05:35.000Z</Time>
            <Position>
              <LatitudeDegrees>-41.65280029177666</LatitudeDegrees>
              <LongitudeDegrees>145.94840495847166</LongitudeDegrees>
            </Position>
            <AltitudeMeters>1350.5999755859375</AltitudeMeters>
            <DistanceMeters>2092.800048828125</DistanceMeters>
            <Extensions>
              <ns3:TPX>
                <ns3:Speed>1.1399999856948853</ns3:Speed>
              </ns3:TPX>
            </Extensions>
          </Trackpoint>
          <Trackpoint>
            <Time>2026-04-13T01:05:36.000Z</Time>
            <Position>
              <LatitudeDegrees>-41.652811942622066</LatitudeDegrees>
              <LongitudeDegrees>145.94840898178518</LongitudeDegrees>
            </Position>
            <AltitudeMeters>1350.800048828125</AltitudeMeters>
            <DistanceMeters>2094.14990234375</DistanceMeters>
            <Extensions>
              <ns3:TPX>
                <ns3:Speed>1.2200000286102295</ns3:Speed>
              </ns3:TPX>
            </Extensions>
          </Trackpoint>
          <Trackpoint>
            <Time>2026-04-13T01:05:37.000Z</Time>
            <Position>
              <LatitudeDegrees>-41.652821665629745</LatitudeDegrees>
              <LongitudeDegrees>145.94841602258384</LongitudeDegrees>
            </Position>
            <AltitudeMeters>1350.800048828125</AltitudeMeters>
            <DistanceMeters>2095.389892578125</DistanceMeters>
            <Extensions>
              <ns3:TPX>
                <ns3:Speed>1.409999966621399</ns3:Speed>
              </ns3:TPX>
            </Extensions>
          </Trackpoint>
          <Trackpoint>
            <Time>2026-04-13T01:05:44.000Z</Time>
            <Position>
              <LatitudeDegrees>-41.65288561955094</LatitudeDegrees>
              <LongitudeDegrees>145.94846706837416</LongitudeDegrees>
            </Position>
            <AltitudeMeters>1352.4000244140625</AltitudeMeters>
            <DistanceMeters>2103.760009765625</DistanceMeters>
            <Extensions>
              <ns3:TPX>
                <ns3:Speed>0.8799999952316284</ns3:Speed>
              </ns3:TPX>
            </Extensions>
          </Trackpoint>
          <Trackpoint>
            <Time>2026-04-13T01:05:52.000Z</Time>
            <Position>
              <LatitudeDegrees>-41.65296591818333</LatitudeDegrees>
              <LongitudeDegrees>145.94853546470404</LongitudeDegrees>
            </Position>
            <AltitudeMeters>1355.0</AltitudeMeters>
            <DistanceMeters>2114.4599609375</DistanceMeters>
            <Extensions>
              <ns3:TPX>
                <ns3:Speed>1.0700000524520874</ns3:Speed>
              </ns3:TPX>
            </Extensions>
          </Trackpoint>
          <Trackpoint>
            <Time>2026-04-13T01:05:53.000Z</Time>
            <Position>
              <LatitudeDegrees>-41.65297161787748</LatitudeDegrees>
              <LongitudeDegrees>145.9485480375588</LongitudeDegrees>
            </Position>
            <AltitudeMeters>1355.0</AltitudeMeters>
            <DistanceMeters>2115.68994140625</DistanceMeters>
            <Extensions>
              <ns3:TPX>
                <ns3:Speed>1.4700000286102295</ns3:Speed>
              </ns3:TPX>
            </Extensions>
          </Trackpoint>
          <Trackpoint>
            <Time>2026-04-13T01:06:04.000Z</Time>
            <Position>
              <LatitudeDegrees>-41.65302827954292</LatitudeDegrees>
              <LongitudeDegrees>145.94861266203225</LongitudeDegrees>
            </Position>
            <AltitudeMeters>1356.4000244140625</AltitudeMeters>
            <DistanceMeters>2124.050048828125</DistanceMeters>
            <Extensions>
              <ns3:TPX>
                <ns3:Speed>1.100000023841858</ns3:Speed>
              </ns3:TPX>
            </Extensions>
          </Trackpoint>
          <Trackpoint>
            <Time>2026-04-13T01:06:05.000Z</Time>
            <Position>
              <LatitudeDegrees>-41.65303414687514</LatitudeDegrees>
              <LongitudeDegrees>145.94862716272473</LongitudeDegrees>
            </Position>
            <AltitudeMeters>1356.4000244140625</AltitudeMeters>
            <DistanceMeters>2125.43994140625</DistanceMeters>
            <Extensions>
              <ns3:TPX>
                <ns3:Speed>1.2999999523162842</ns3:Speed>
              </ns3:TPX>
            </Extensions>
          </Trackpoint>
          <Trackpoint>
            <Time>2026-04-13T01:06:06.000Z</Time>
            <Position>
              <LatitudeDegrees>-41.65304286405444</LatitudeDegrees>
              <LongitudeDegrees>145.94863755628467</LongitudeDegrees>
            </Position>
            <AltitudeMeters>1356.5999755859375</AltitudeMeters>
            <DistanceMeters>2126.75</DistanceMeters>
            <Extensions>
              <ns3:TPX>
                <ns3:Speed>1.4299999475479126</ns3:Speed>
              </ns3:TPX>
            </Extensions>
          </Trackpoint>
          <Trackpoint>
            <Time>2026-04-13T01:06:07.000Z</Time>
            <Position>
              <LatitudeDegrees>-41.653053257614374</LatitudeDegrees>
              <LongitudeDegrees>145.94864602200687</LongitudeDegrees>
            </Position>
            <AltitudeMeters>1357.0</AltitudeMeters>
            <DistanceMeters>2128.1201171875</DistanceMeters>
            <Extensions>
              <ns3:TPX>
                <ns3:Speed>1.1799999475479126</ns3:Speed>
              </ns3:TPX>
            </Extensions>
          </Trackpoint>
          <Trackpoint>
            <Time>2026-04-13T01:06:08.000Z</Time>
            <Position>
              <LatitudeDegrees>-41.653062142431736</LatitudeDegrees>
              <LongitudeDegrees>145.9486537333578</LongitudeDegrees>
            </Position>
            <AltitudeMeters>1357.199951171875</AltitudeMeters>
            <DistanceMeters>2129.31005859375</DistanceMeters>
            <Extensions>
              <ns3:TPX>
                <ns3:Speed>1.309999942779541</ns3:Speed>
              </ns3:TPX>
            </Extensions>
          </Trackpoint>
          <Trackpoint>
            <Time>2026-04-13T01:06:09.000Z</Time>
            <Position>
              <LatitudeDegrees>-41.65307245217264</LatitudeDegrees>
              <LongitudeDegrees>145.94866043888032</LongitudeDegrees>
            </Position>
            <AltitudeMeters>1357.4000244140625</AltitudeMeters>
            <DistanceMeters>2130.60009765625</DistanceMeters>
            <Extensions>
              <ns3:TPX>
                <ns3:Speed>1.1699999570846558</ns3:Speed>
              </ns3:TPX>
            </Extensions>
          </Trackpoint>
          <Trackpoint>
            <Time>2026-04-13T01:06:18.000Z</Time>
            <Position>
              <LatitudeDegrees>-41.65313959121704</LatitudeDegrees>
              <LongitudeDegrees>145.94870964065194</LongitudeDegrees>
            </Position>
            <AltitudeMeters>1359.0</AltitudeMeters>
            <DistanceMeters>2139.2099609375</DistanceMeters>
            <Extensions>
              <ns3:TPX>
                <ns3:Speed>0.6899999976158142</ns3:Speed>
              </ns3:TPX>
            </Extensions>
          </Trackpoint>
          <Trackpoint>
            <Time>2026-04-13T01:06:24.000Z</Time>
            <Position>
              <LatitudeDegrees>-41.65316993370652</LatitudeDegrees>
              <LongitudeDegrees>145.94873587600887</LongitudeDegrees>
            </Position>
            <AltitudeMeters>1359.5999755859375</AltitudeMeters>
            <DistanceMeters>2143.27001953125</DistanceMeters>
            <Extensions>
              <ns3:TPX>
                <ns3:Speed>1.2100000381469727</ns3:Speed>
              </ns3:TPX>
            </Extensions>
          </Trackpoint>
          <Trackpoint>
            <Time>2026-04-13T01:06:26.000Z</Time>
            <Position>
              <LatitudeDegrees>-41.65318854153156</LatitudeDegrees>
              <LongitudeDegrees>145.94875004142523</LongitudeDegrees>
            </Position>
            <AltitudeMeters>1359.4000244140625</AltitudeMeters>
            <DistanceMeters>2145.679931640625</DistanceMeters>
            <Extensions>
              <ns3:TPX>
                <ns3:Speed>1.3899999856948853</ns3:Speed>
              </ns3:TPX>
            </Extensions>
          </Trackpoint>
          <Trackpoint>
            <Time>2026-04-13T01:06:28.000Z</Time>
            <Position>
              <LatitudeDegrees>-41.653210083022714</LatitudeDegrees>
              <LongitudeDegrees>145.94876169227064</LongitudeDegrees>
            </Position>
            <AltitudeMeters>1359.0</AltitudeMeters>
            <DistanceMeters>2148.280029296875</DistanceMeters>
            <Extensions>
              <ns3:TPX>
                <ns3:Speed>1.5800000429153442</ns3:Speed>
              </ns3:TPX>
            </Extensions>
          </Trackpoint>
          <Trackpoint>
            <Time>2026-04-13T01:06:29.000Z</Time>
            <Position>
              <LatitudeDegrees>-41.653222823515534</LatitudeDegrees>
              <LongitudeDegrees>145.94876999035478</LongitudeDegrees>
            </Position>
            <AltitudeMeters>1359.0</AltitudeMeters>
            <DistanceMeters>2149.8701171875</DistanceMeters>
            <Extensions>
              <ns3:TPX>
                <ns3:Speed>1.2599999904632568</ns3:Speed>
              </ns3:TPX>
            </Extensions>
          </Trackpoint>
          <Trackpoint>
            <Time>2026-04-13T01:06:30.000Z</Time>
            <Position>
              <LatitudeDegrees>-41.65323296561837</LatitudeDegrees>
              <LongitudeDegrees>145.9487763606012</LongitudeDegrees>
            </Position>
            <AltitudeMeters>1359.0</AltitudeMeters>
            <DistanceMeters>2151.1298828125</DistanceMeters>
            <Extensions>
              <ns3:TPX>
                <ns3:Speed>1.2200000286102295</ns3:Speed>
              </ns3:TPX>
            </Extensions>
          </Trackpoint>
          <Trackpoint>
            <Time>2026-04-13T01:06:31.000Z</Time>
            <Position>
              <LatitudeDegrees>-41.65324461646378</LatitudeDegrees>
              <LongitudeDegrees>145.94877828843892</LongitudeDegrees>
            </Position>
            <AltitudeMeters>1359.0</AltitudeMeters>
            <DistanceMeters>2152.43994140625</DistanceMeters>
            <Extensions>
              <ns3:TPX>
                <ns3:Speed>1.2899999618530273</ns3:Speed>
              </ns3:TPX>
            </Extensions>
          </Trackpoint>
          <Trackpoint>
            <Time>2026-04-13T01:06:33.000Z</Time>
            <Position>
              <LatitudeDegrees>-41.65326314046979</LatitudeDegrees>
              <LongitudeDegrees>145.94878926873207</LongitudeDegrees>
            </Position>
            <AltitudeMeters>1359.0</AltitudeMeters>
            <DistanceMeters>2154.719970703125</DistanceMeters>
            <Extensions>
              <ns3:TPX>
                <ns3:Speed>1.2599999904632568</ns3:Speed>
              </ns3:TPX>
            </Extensions>
          </Trackpoint>
          <Trackpoint>
            <Time>2026-04-13T01:06:43.000Z</Time>
            <Position>
              <LatitudeDegrees>-41.65336087346077</LatitudeDegrees>
              <LongitudeDegrees>145.9488567430526</LongitudeDegrees>
            </Position>
            <AltitudeMeters>1360.199951171875</AltitudeMeters>
            <DistanceMeters>2167.090087890625</DistanceMeters>
            <Extensions>
              <ns3:TPX>
                <ns3:Speed>1.3300000429153442</ns3:Speed>
              </ns3:TPX>
            </Extensions>
          </Trackpoint>
          <Trackpoint>
            <Time>2026-04-13T01:06:45.000Z</Time>
            <Position>
              <LatitudeDegrees>-41.65337805636227</LatitudeDegrees>
              <LongitudeDegrees>145.94886696897447</LongitudeDegrees>
            </Position>
            <AltitudeMeters>1360.4000244140625</AltitudeMeters>
            <DistanceMeters>2169.2099609375</DistanceMeters>
            <Extensions>
              <ns3:TPX>
                <ns3:Speed>1.4199999570846558</ns3:Speed>
              </ns3:TPX>
            </Extensions>
          </Trackpoint>
          <Trackpoint>
            <Time>2026-04-13T01:06:50.000Z</Time>
            <Position>
              <LatitudeDegrees>-41.65342189371586</LatitudeDegrees>
              <LongitudeDegrees>145.94890577718616</LongitudeDegrees>
            </Position>
            <AltitudeMeters>1361.5999755859375</AltitudeMeters>
            <DistanceMeters>2175.110107421875</DistanceMeters>
            <Extensions>
              <ns3:TPX>
                <ns3:Speed>1.2400000095367432</ns3:Speed>
              </ns3:TPX>
            </Extensions>
          </Trackpoint>
          <Trackpoint>
            <Time>2026-04-13T01:07:00.000Z</Time>
            <Position>
              <LatitudeDegrees>-41.65350931696594</LatitudeDegrees>
              <LongitudeDegrees>145.94895363785326</LongitudeDegrees>
            </Position>
            <AltitudeMeters>1364.800048828125</AltitudeMeters>
            <DistanceMeters>2185.72998046875</DistanceMeters>
            <Extensions>
              <ns3:TPX>
                <ns3:Speed>0.75</ns3:Speed>
              </ns3:TPX>
            </Extensions>
          </Trackpoint>
          <Trackpoint>
            <Time>2026-04-13T01:07:11.000Z</Time>
            <Position>
              <LatitudeDegrees>-41.653585843741894</LatitudeDegrees>
              <LongitudeDegrees>145.94897953793406</LongitudeDegrees>
            </Position>
            <AltitudeMeters>1367.199951171875</AltitudeMeters>
            <DistanceMeters>2194.6201171875</DistanceMeters>
            <Extensions>
              <ns3:TPX>
                <ns3:Speed>0.8299999833106995</ns3:Speed>
              </ns3:TPX>
            </Extensions>
          </Trackpoint>
          <Trackpoint>
            <Time>2026-04-13T01:07:25.000Z</Time>
            <Position>
              <LatitudeDegrees>-41.653692880645394</LatitudeDegrees>
              <LongitudeDegrees>145.94897819682956</LongitudeDegrees>
            </Position>
            <AltitudeMeters>1370.5999755859375</AltitudeMeters>
            <DistanceMeters>2206.659912109375</DistanceMeters>
            <Extensions>
              <ns3:TPX>
                <ns3:Speed>0.7300000190734863</ns3:Speed>
              </ns3:TPX>
            </Extensions>
          </Trackpoint>
          <Trackpoint>
            <Time>2026-04-13T01:07:33.000Z</Time>
            <Position>
              <LatitudeDegrees>-41.653761276975274</LatitudeDegrees>
              <LongitudeDegrees>145.94897283241153</LongitudeDegrees>
            </Position>
            <AltitudeMeters>1373.800048828125</AltitudeMeters>
            <DistanceMeters>2214.3701171875</DistanceMeters>
            <Extensions>
              <ns3:TPX>
                <ns3:Speed>0.9399999976158142</ns3:Speed>
              </ns3:TPX>
            </Extensions>
          </Trackpoint>
          <Trackpoint>
            <Time>2026-04-13T01:07:48.000Z</Time>
            <Position>
              <LatitudeDegrees>-41.653773598372936</LatitudeDegrees>
              <LongitudeDegrees>145.94897392205894</LongitudeDegrees>
            </Position>
            <AltitudeMeters>1374.4000244140625</AltitudeMeters>
            <DistanceMeters>2215.75</DistanceMeters>
            <Extensions>
              <ns3:TPX>
                <ns3:Speed>0.0</ns3:Speed>
              </ns3:TPX>
            </Extensions>
          </Trackpoint>
          <Trackpoint>
            <Time>2026-04-13T01:08:07.000Z</Time>
            <Position>
              <LatitudeDegrees>-41.653835037723184</LatitudeDegrees>
              <LongitudeDegrees>145.9489383827895</LongitudeDegrees>
            </Position>
            <AltitudeMeters>1375.199951171875</AltitudeMeters>
            <DistanceMeters>2223.27001953125</DistanceMeters>
            <Extensions>
              <ns3:TPX>
                <ns3:Speed>0.6899999976158142</ns3:Speed>
              </ns3:TPX>
            </Extensions>
          </Trackpoint>
          <Trackpoint>
            <Time>2026-04-13T01:08:22.000Z</Time>
            <Position>
              <LatitudeDegrees>-41.65392816066742</LatitudeDegrees>
              <LongitudeDegrees>145.9488643705845</LongitudeDegrees>
            </Position>
            <AltitudeMeters>1378.4000244140625</AltitudeMeters>
            <DistanceMeters>2235.43994140625</DistanceMeters>
            <Extensions>
              <ns3:TPX>
                <ns3:Speed>0.9200000166893005</ns3:Speed>
              </ns3:TPX>
            </Extensions>
          </Trackpoint>
          <Trackpoint>
            <Time>2026-04-13T01:08:32.000Z</Time>
            <Position>
              <LatitudeDegrees>-41.65400695055723</LatitudeDegrees>
              <LongitudeDegrees>145.9488205332309</LongitudeDegrees>
            </Position>
            <AltitudeMeters>1381.5999755859375</AltitudeMeters>
            <DistanceMeters>2245.030029296875</DistanceMeters>
            <Extensions>
              <ns3:TPX>
                <ns3:Speed>0.7400000095367432</ns3:Speed>
              </ns3:TPX>
            </Extensions>
          </Trackpoint>
          <Trackpoint>
            <Time>2026-04-13T01:08:41.000Z</Time>
            <Position>
              <LatitudeDegrees>-41.65407249704003</LatitudeDegrees>
              <LongitudeDegrees>145.9487808868289</LongitudeDegrees>
            </Position>
            <AltitudeMeters>1384.5999755859375</AltitudeMeters>
            <DistanceMeters>2253.110107421875</DistanceMeters>
            <Extensions>
              <ns3:TPX>
                <ns3:Speed>0.7200000286102295</ns3:Speed>
              </ns3:TPX>
            </Extensions>
          </Trackpoint>
          <Trackpoint>
            <Time>2026-04-13T01:08:53.000Z</Time>
            <Position>
              <LatitudeDegrees>-41.65416972711682</LatitudeDegrees>
              <LongitudeDegrees>145.94872321933508</LongitudeDegrees>
            </Position>
            <AltitudeMeters>1388.0</AltitudeMeters>
            <DistanceMeters>2265.070068359375</DistanceMeters>
            <Extensions>
              <ns3:TPX>
                <ns3:Speed>0.8899999856948853</ns3:Speed>
              </ns3:TPX>
            </Extensions>
          </Trackpoint>
          <Trackpoint>
            <Time>2026-04-13T01:09:04.000Z</Time>
            <Position>
              <LatitudeDegrees>-41.65424197912216</LatitudeDegrees>
              <LongitudeDegrees>145.94864602200687</LongitudeDegrees>
            </Position>
            <AltitudeMeters>1391.199951171875</AltitudeMeters>
            <DistanceMeters>2275.449951171875</DistanceMeters>
            <Extensions>
              <ns3:TPX>
                <ns3:Speed>0.8500000238418579</ns3:Speed>
              </ns3:TPX>
            </Extensions>
          </Trackpoint>
          <Trackpoint>
            <Time>2026-04-13T01:09:18.000Z</Time>
            <Position>
              <LatitudeDegrees>-41.65426184423268</LatitudeDegrees>
              <LongitudeDegrees>145.9486236423254</LongitudeDegrees>
            </Position>
            <AltitudeMeters>1394.4000244140625</AltitudeMeters>
            <DistanceMeters>2278.360107421875</DistanceMeters>
            <Extensions>
              <ns3:TPX>
                <ns3:Speed>0.3400000035762787</ns3:Speed>
              </ns3:TPX>
            </Extensions>
          </Trackpoint>
          <Trackpoint>
            <Time>2026-04-13T01:09:36.000Z</Time>
            <Position>
              <LatitudeDegrees>-41.65426176041365</LatitudeDegrees>
              <LongitudeDegrees>145.9486204572022</LongitudeDegrees>
            </Position>
            <AltitudeMeters>1395.0</AltitudeMeters>
            <DistanceMeters>2278.6201171875</DistanceMeters>
            <Extensions>
              <ns3:TPX>
                <ns3:Speed>0.0</ns3:Speed>
              </ns3:TPX>
            </Extensions>
          </Trackpoint>
          <Trackpoint>
            <Time>2026-04-13T01:09:55.000Z</Time>
            <Position>
              <LatitudeDegrees>-41.65427106432617</LatitudeDegrees>
              <LongitudeDegrees>145.94862766563892</LongitudeDegrees>
            </Position>
            <AltitudeMeters>1395.5999755859375</AltitudeMeters>
            <DistanceMeters>2279.820068359375</DistanceMeters>
            <Extensions>
              <ns3:TPX>
                <ns3:Speed>0.0</ns3:Speed>
              </ns3:TPX>
            </Extensions>
          </Trackpoint>
          <Trackpoint>
            <Time>2026-04-13T01:10:12.000Z</Time>
            <Position>
              <LatitudeDegrees>-41.65427869185805</LatitudeDegrees>
              <LongitudeDegrees>145.94861408695579</LongitudeDegrees>
            </Position>
            <AltitudeMeters>1398.800048828125</AltitudeMeters>
            <DistanceMeters>2281.239990234375</DistanceMeters>
            <Extensions>
              <ns3:TPX>
                <ns3:Speed>0.27000001072883606</ns3:Speed>
              </ns3:TPX>
            </Extensions>
          </Trackpoint>
          <Trackpoint>
            <Time>2026-04-13T01:10:29.000Z</Time>
            <Position>
              <LatitudeDegrees>-41.65433241985738</LatitudeDegrees>
              <LongitudeDegrees>145.9485610295087</LongitudeDegrees>
            </Position>
            <AltitudeMeters>1399.800048828125</AltitudeMeters>
            <DistanceMeters>2288.72998046875</DistanceMeters>
            <Extensions>
              <ns3:TPX>
                <ns3:Speed>0.6000000238418579</ns3:Speed>
              </ns3:TPX>
            </Extensions>
          </Trackpoint>
          <Trackpoint>
            <Time>2026-04-13T01:10:45.000Z</Time>
            <Position>
              <LatitudeDegrees>-41.65446284227073</LatitudeDegrees>
              <LongitudeDegrees>145.94848123379052</LongitudeDegrees>
            </Position>
            <AltitudeMeters>1402.199951171875</AltitudeMeters>
            <DistanceMeters>2304.860107421875</DistanceMeters>
            <Extensions>
              <ns3:TPX>
                <ns3:Speed>0.8799999952316284</ns3:Speed>
              </ns3:TPX>
            </Extensions>
          </Trackpoint>
          <Trackpoint>
            <Time>2026-04-13T01:10:52.000Z</Time>
            <Position>
              <LatitudeDegrees>-41.65452763438225</LatitudeDegrees>
              <LongitudeDegrees>145.94844477251172</LongitudeDegrees>
            </Position>
            <AltitudeMeters>1404.4000244140625</AltitudeMeters>
            <DistanceMeters>2312.75</DistanceMeters>
            <Extensions>
              <ns3:TPX>
                <ns3:Speed>1.2799999713897705</ns3:Speed>
              </ns3:TPX>
            </Extensions>
          </Trackpoint>
          <Trackpoint>
            <Time>2026-04-13T01:11:01.000Z</Time>
            <Position>
              <LatitudeDegrees>-41.654620757326484</LatitudeDegrees>
              <LongitudeDegrees>145.94840487465262</LongitudeDegrees>
            </Position>
            <AltitudeMeters>1405.800048828125</AltitudeMeters>
            <DistanceMeters>2323.739990234375</DistanceMeters>
            <Extensions>
              <ns3:TPX>
                <ns3:Speed>1.409999966621399</ns3:Speed>
              </ns3:TPX>
            </Extensions>
          </Trackpoint>
          <Trackpoint>
            <Time>2026-04-13T01:11:04.000Z</Time>
            <Position>
              <LatitudeDegrees>-41.65464992634952</LatitudeDegrees>
              <LongitudeDegrees>145.94839205034077</LongitudeDegrees>
            </Position>
            <AltitudeMeters>1407.0</AltitudeMeters>
            <DistanceMeters>2327.18994140625</DistanceMeters>
            <Extensions>
              <ns3:TPX>
                <ns3:Speed>1.5099999904632568</ns3:Speed>
              </ns3:TPX>
            </Extensions>
          </Trackpoint>
          <Trackpoint>
            <Time>2026-04-13T01:11:14.000Z</Time>
            <Position>
              <LatitudeDegrees>-41.65471522137523</LatitudeDegrees>
              <LongitudeDegrees>145.94834527932107</LongitudeDegrees>
            </Position>
            <AltitudeMeters>1409.4000244140625</AltitudeMeters>
            <DistanceMeters>2335.510009765625</DistanceMeters>
            <Extensions>
              <ns3:TPX>
                <ns3:Speed>0.7099999785423279</ns3:Speed>
              </ns3:TPX>
            </Extensions>
          </Trackpoint>
          <Trackpoint>
            <Time>2026-04-13T01:11:25.000Z</Time>
            <Position>
              <LatitudeDegrees>-41.654795268550515</LatitudeDegrees>
              <LongitudeDegrees>145.94829926267266</LongitudeDegrees>
            </Position>
            <AltitudeMeters>1411.199951171875</AltitudeMeters>
            <DistanceMeters>2345.300048828125</DistanceMeters>
            <Extensions>
              <ns3:TPX>
                <ns3:Speed>0.6899999976158142</ns3:Speed>
              </ns3:TPX>
            </Extensions>
          </Trackpoint>
          <Trackpoint>
            <Time>2026-04-13T01:11:38.000Z</Time>
            <Position>
              <LatitudeDegrees>-41.65490046143532</LatitudeDegrees>
              <LongitudeDegrees>145.94825425185263</LongitudeDegrees>
            </Position>
            <AltitudeMeters>1414.199951171875</AltitudeMeters>
            <DistanceMeters>2357.719970703125</DistanceMeters>
            <Extensions>
              <ns3:TPX>
                <ns3:Speed>0.9700000286102295</ns3:Speed>
              </ns3:TPX>
            </Extensions>
          </Trackpoint>
          <Trackpoint>
            <Time>2026-04-13T01:11:51.000Z</Time>
            <Position>
              <LatitudeDegrees>-41.65500791743398</LatitudeDegrees>
              <LongitudeDegrees>145.94820966012776</LongitudeDegrees>
            </Position>
            <AltitudeMeters>1417.5999755859375</AltitudeMeters>
            <DistanceMeters>2370.3701171875</DistanceMeters>
            <Extensions>
              <ns3:TPX>
                <ns3:Speed>0.9700000286102295</ns3:Speed>
              </ns3:TPX>
            </Extensions>
          </Trackpoint>
          <Trackpoint>
            <Time>2026-04-13T01:12:01.000Z</Time>
            <Position>
              <LatitudeDegrees>-41.655061980709434</LatitudeDegrees>
              <LongitudeDegrees>145.94819289632142</LongitudeDegrees>
            </Position>
            <AltitudeMeters>1420.5999755859375</AltitudeMeters>
            <DistanceMeters>2376.610107421875</DistanceMeters>
            <Extensions>
              <ns3:TPX>
                <ns3:Speed>0.49000000953674316</ns3:Speed>
              </ns3:TPX>
            </Extensions>
          </Trackpoint>
          <Trackpoint>
            <Time>2026-04-13T01:12:18.000Z</Time>
            <Position>
              <LatitudeDegrees>-41.655153930187225</LatitudeDegrees>
              <LongitudeDegrees>145.94816288910806</LongitudeDegrees>
            </Position>
            <AltitudeMeters>1423.5999755859375</AltitudeMeters>
            <DistanceMeters>2387.260009765625</DistanceMeters>
            <Extensions>
              <ns3:TPX>
                <ns3:Speed>0.6800000071525574</ns3:Speed>
              </ns3:TPX>
            </Extensions>
          </Trackpoint>
          <Trackpoint>
            <Time>2026-04-13T01:12:26.000Z</Time>
            <Position>
              <LatitudeDegrees>-41.655228193849325</LatitudeDegrees>
              <LongitudeDegrees>145.94816045835614</LongitudeDegrees>
            </Position>
            <AltitudeMeters>1427.0</AltitudeMeters>
            <DistanceMeters>2395.6201171875</DistanceMeters>
            <Extensions>
              <ns3:TPX>
                <ns3:Speed>0.8600000143051147</ns3:Speed>
              </ns3:TPX>
            </Extensions>
          </Trackpoint>
          <Trackpoint>
            <Time>2026-04-13T01:12:28.000Z</Time>
            <Position>
              <LatitudeDegrees>-41.65524562820792</LatitudeDegrees>
              <LongitudeDegrees>145.94815643504262</LongitudeDegrees>
            </Position>
            <AltitudeMeters>1427.800048828125</AltitudeMeters>
            <DistanceMeters>2397.60009765625</DistanceMeters>
            <Extensions>
              <ns3:TPX>
                <ns3:Speed>0.8700000047683716</ns3:Speed>
              </ns3:TPX>
            </Extensions>
          </Trackpoint>
          <Trackpoint>
            <Time>2026-04-13T01:12:35.000Z</Time>
            <Position>
              <LatitudeDegrees>-41.65531067177653</LatitudeDegrees>
              <LongitudeDegrees>145.9481455385685</LongitudeDegrees>
            </Position>
            <AltitudeMeters>1429.5999755859375</AltitudeMeters>
            <DistanceMeters>2404.97998046875</DistanceMeters>
            <Extensions>
              <ns3:TPX>
                <ns3:Speed>1.1100000143051147</ns3:Speed>
              </ns3:TPX>
            </Extensions>
          </Trackpoint>
          <Trackpoint>
            <Time>2026-04-13T01:12:38.000Z</Time>
            <Position>
              <LatitudeDegrees>-41.65533414110541</LatitudeDegrees>
              <LongitudeDegrees>145.94816339202225</LongitudeDegrees>
            </Position>
            <AltitudeMeters>1429.5999755859375</AltitudeMeters>
            <DistanceMeters>2408.02001953125</DistanceMeters>
            <Extensions>
              <ns3:TPX>
                <ns3:Speed>1.25</ns3:Speed>
              </ns3:TPX>
            </Extensions>
          </Trackpoint>
          <Trackpoint>
            <Time>2026-04-13T01:12:49.000Z</Time>
            <Position>
              <LatitudeDegrees>-41.65540823712945</LatitudeDegrees>
              <LongitudeDegrees>145.94816045835614</LongitudeDegrees>
            </Position>
            <AltitudeMeters>1431.800048828125</AltitudeMeters>
            <DistanceMeters>2416.360107421875</DistanceMeters>
            <Extensions>
              <ns3:TPX>
                <ns3:Speed>0.9200000166893005</ns3:Speed>
              </ns3:TPX>
            </Extensions>
          </Trackpoint>
          <Trackpoint>
            <Time>2026-04-13T01:13:00.000Z</Time>
            <Position>
              <LatitudeDegrees>-41.65549758821726</LatitudeDegrees>
              <LongitudeDegrees>145.94814084470272</LongitudeDegrees>
            </Position>
            <AltitudeMeters>1433.5999755859375</AltitudeMeters>
            <DistanceMeters>2426.550048828125</DistanceMeters>
            <Extensions>
              <ns3:TPX>
                <ns3:Speed>0.8100000023841858</ns3:Speed>
              </ns3:TPX>
            </Extensions>
          </Trackpoint>
          <Trackpoint>
            <Time>2026-04-13T01:13:15.000Z</Time>
            <Position>
              <LatitudeDegrees>-41.655578976497054</LatitudeDegrees>
              <LongitudeDegrees>145.94808703288436</LongitudeDegrees>
            </Position>
            <AltitudeMeters>1437.0</AltitudeMeters>
            <DistanceMeters>2436.760009765625</DistanceMeters>
            <Extensions>
              <ns3:TPX>
                <ns3:Speed>1.2999999523162842</ns3:Speed>
              </ns3:TPX>
            </Extensions>
          </Trackpoint>
          <Trackpoint>
            <Time>2026-04-13T01:13:25.000Z</Time>
            <Position>
              <LatitudeDegrees>-41.65564963594079</LatitudeDegrees>
              <LongitudeDegrees>145.94804713502526</LongitudeDegrees>
            </Position>
            <AltitudeMeters>1438.800048828125</AltitudeMeters>
            <DistanceMeters>2445.3798828125</DistanceMeters>
            <Extensions>
              <ns3:TPX>
                <ns3:Speed>1.0800000429153442</ns3:Speed>
              </ns3:TPX>
            </Extensions>
          </Trackpoint>
          <Trackpoint>
            <Time>2026-04-13T01:13:38.000Z</Time>
            <Position>
              <LatitudeDegrees>-41.6557355504483</LatitudeDegrees>
              <LongitudeDegrees>145.94801754690707</LongitudeDegrees>
            </Position>
            <AltitudeMeters>1439.5999755859375</AltitudeMeters>
            <DistanceMeters>2455.35009765625</DistanceMeters>
            <Extensions>
              <ns3:TPX>
                <ns3:Speed>0.8100000023841858</ns3:Speed>
              </ns3:TPX>
            </Extensions>
          </Trackpoint>
          <Trackpoint>
            <Time>2026-04-13T01:13:49.000Z</Time>
            <Position>
              <LatitudeDegrees>-41.65580989792943</LatitudeDegrees>
              <LongitudeDegrees>145.948006818071</LongitudeDegrees>
            </Position>
            <AltitudeMeters>1442.5999755859375</AltitudeMeters>
            <DistanceMeters>2463.77001953125</DistanceMeters>
            <Extensions>
              <ns3:TPX>
                <ns3:Speed>1.0800000429153442</ns3:Speed>
              </ns3:TPX>
            </Extensions>
          </Trackpoint>
          <Trackpoint>
            <Time>2026-04-13T01:13:51.000Z</Time>
            <Position>
              <LatitudeDegrees>-41.65582565590739</LatitudeDegrees>
              <LongitudeDegrees>145.9480178821832</LongitudeDegrees>
            </Position>
            <AltitudeMeters>1443.4000244140625</AltitudeMeters>
            <DistanceMeters>2465.77001953125</DistanceMeters>
            <Extensions>
              <ns3:TPX>
                <ns3:Speed>1.2300000190734863</ns3:Speed>
              </ns3:TPX>
            </Extensions>
          </Trackpoint>
          <Trackpoint>
            <Time>2026-04-13T01:13:53.000Z</Time>
            <Position>
              <LatitudeDegrees>-41.65584518574178</LatitudeDegrees>
              <LongitudeDegrees>145.9480242524296</LongitudeDegrees>
            </Position>
            <AltitudeMeters>1443.800048828125</AltitudeMeters>
            <DistanceMeters>2468.030029296875</DistanceMeters>
            <Extensions>
              <ns3:TPX>
                <ns3:Speed>1.4600000381469727</ns3:Speed>
              </ns3:TPX>
            </Extensions>
          </Trackpoint>
          <Trackpoint>
            <Time>2026-04-13T01:13:56.000Z</Time>
            <Position>
              <LatitudeDegrees>-41.65587259456515</LatitudeDegrees>
              <LongitudeDegrees>145.94803229905665</LongitudeDegrees>
            </Position>
            <AltitudeMeters>1446.0</AltitudeMeters>
            <DistanceMeters>2471.18994140625</DistanceMeters>
            <Extensions>
              <ns3:TPX>
                <ns3:Speed>1.1799999475479126</ns3:Speed>
              </ns3:TPX>
            </Extensions>
          </Trackpoint>
          <Trackpoint>
            <Time>2026-04-13T01:13:58.000Z</Time>
            <Position>
              <LatitudeDegrees>-41.65588717907667</LatitudeDegrees>
              <LongitudeDegrees>145.9480414353311</LongitudeDegrees>
            </Position>
            <AltitudeMeters>1447.0</AltitudeMeters>
            <DistanceMeters>2472.989990234375</DistanceMeters>
            <Extensions>
              <ns3:TPX>
                <ns3:Speed>0.8700000047683716</ns3:Speed>
              </ns3:TPX>
            </Extensions>
          </Trackpoint>
          <Trackpoint>
            <Time>2026-04-13T01:14:09.000Z</Time>
            <Position>
              <LatitudeDegrees>-41.65596613660455</LatitudeDegrees>
              <LongitudeDegrees>145.9481159504503</LongitudeDegrees>
            </Position>
            <AltitudeMeters>1445.199951171875</AltitudeMeters>
            <DistanceMeters>2483.85009765625</DistanceMeters>
            <Extensions>
              <ns3:TPX>
                <ns3:Speed>0.9300000071525574</ns3:Speed>
              </ns3:TPX>
            </Extensions>
          </Trackpoint>
          <Trackpoint>
            <Time>2026-04-13T01:14:17.000Z</Time>
            <Position>
              <LatitudeDegrees>-41.65603822097182</LatitudeDegrees>
              <LongitudeDegrees>145.94811134040356</LongitudeDegrees>
            </Position>
            <AltitudeMeters>1443.5999755859375</AltitudeMeters>
            <DistanceMeters>2491.969970703125</DistanceMeters>
            <Extensions>
              <ns3:TPX>
                <ns3:Speed>0.8100000023841858</ns3:Speed>
              </ns3:TPX>
            </Extensions>
          </Trackpoint>
          <Trackpoint>
            <Time>2026-04-13T01:14:25.000Z</Time>
            <Position>
              <LatitudeDegrees>-41.65610393509269</LatitudeDegrees>
              <LongitudeDegrees>145.9480895474553</LongitudeDegrees>
            </Position>
            <AltitudeMeters>1440.4000244140625</AltitudeMeters>
            <DistanceMeters>2499.580078125</DistanceMeters>
            <Extensions>
              <ns3:TPX>
                <ns3:Speed>0.7799999713897705</ns3:Speed>
              </ns3:TPX>
            </Extensions>
          </Trackpoint>
          <Trackpoint>
            <Time>2026-04-13T01:14:32.000Z</Time>
            <Position>
              <LatitudeDegrees>-41.65614592842758</LatitudeDegrees>
              <LongitudeDegrees>145.94806406646967</LongitudeDegrees>
            </Position>
            <AltitudeMeters>1443.0</AltitudeMeters>
            <DistanceMeters>2504.760009765625</DistanceMeters>
            <Extensions>
              <ns3:TPX>
                <ns3:Speed>0.550000011920929</ns3:Speed>
              </ns3:TPX>
            </Extensions>
          </Trackpoint>
          <Trackpoint>
            <Time>2026-04-13T01:14:51.000Z</Time>
            <Position>
              <LatitudeDegrees>-41.65615984238684</LatitudeDegrees>
              <LongitudeDegrees>145.9480612166226</LongitudeDegrees>
            </Position>
            <AltitudeMeters>1445.5999755859375</AltitudeMeters>
            <DistanceMeters>2506.330078125</DistanceMeters>
            <Extensions>
              <ns3:TPX>
                <ns3:Speed>0.0</ns3:Speed>
              </ns3:TPX>
            </Extensions>
          </Trackpoint>
          <Trackpoint>
            <Time>2026-04-13T01:15:16.000Z</Time>
            <Position>
              <LatitudeDegrees>-41.65615146048367</LatitudeDegrees>
              <LongitudeDegrees>145.94807085581124</LongitudeDegrees>
            </Position>
            <AltitudeMeters>1445.4000244140625</AltitudeMeters>
            <DistanceMeters>2507.590087890625</DistanceMeters>
            <Extensions>
              <ns3:TPX>
                <ns3:Speed>0.0</ns3:Speed>
              </ns3:TPX>
            </Extensions>
          </Trackpoint>
          <Trackpoint>
            <Time>2026-04-13T01:15:30.000Z</Time>
            <Position>
              <LatitudeDegrees>-41.65615053847432</LatitudeDegrees>
              <LongitudeDegrees>145.94806884415448</LongitudeDegrees>
            </Position>
            <AltitudeMeters>1448.800048828125</AltitudeMeters>
            <DistanceMeters>2507.7900390625</DistanceMeters>
            <Extensions>
              <ns3:TPX>
                <ns3:Speed>0.0</ns3:Speed>
              </ns3:TPX>
            </Extensions>
          </Trackpoint>
          <Trackpoint>
            <Time>2026-04-13T01:15:31.000Z</Time>
            <Position>
              <LatitudeDegrees>-41.65615053847432</LatitudeDegrees>
              <LongitudeDegrees>145.9480691794306</LongitudeDegrees>
            </Position>
            <AltitudeMeters>1449.0</AltitudeMeters>
            <DistanceMeters>2507.830078125</DistanceMeters>
            <Extensions>
              <ns3:TPX>
                <ns3:Speed>0.0</ns3:Speed>
              </ns3:TPX>
            </Extensions>
          </Trackpoint>
          <Trackpoint>
            <Time>2026-04-13T01:16:21.000Z</Time>
            <Position>
              <LatitudeDegrees>-41.656140396371484</LatitudeDegrees>
              <LongitudeDegrees>145.94814117997885</LongitudeDegrees>
            </Position>
            <AltitudeMeters>1449.800048828125</AltitudeMeters>
            <DistanceMeters>2513.969970703125</DistanceMeters>
            <Extensions>
              <ns3:TPX>
                <ns3:Speed>0.9200000166893005</ns3:Speed>
              </ns3:TPX>
            </Extensions>
          </Trackpoint>
          <Trackpoint>
            <Time>2026-04-13T01:16:25.000Z</Time>
            <Position>
              <LatitudeDegrees>-41.656129164621234</LatitudeDegrees>
              <LongitudeDegrees>145.94819063320756</LongitudeDegrees>
            </Position>
            <AltitudeMeters>1450.4000244140625</AltitudeMeters>
            <DistanceMeters>2518.300048828125</DistanceMeters>
            <Extensions>
              <ns3:TPX>
                <ns3:Speed>1.1699999570846558</ns3:Speed>
              </ns3:TPX>
            </Extensions>
          </Trackpoint>
          <Trackpoint>
            <Time>2026-04-13T01:16:26.000Z</Time>
            <Position>
              <LatitudeDegrees>-41.65612497366965</LatitudeDegrees>
              <LongitudeDegrees>145.9482039604336</LongitudeDegrees>
            </Position>
            <AltitudeMeters>1450.4000244140625</AltitudeMeters>
            <DistanceMeters>2519.510009765625</DistanceMeters>
            <Extensions>
              <ns3:TPX>
                <ns3:Speed>1.340000033378601</ns3:Speed>
              </ns3:TPX>
            </Extensions>
          </Trackpoint>
          <Trackpoint>
            <Time>2026-04-13T01:16:34.000Z</Time>
            <Position>
              <LatitudeDegrees>-41.65612019598484</LatitudeDegrees>
              <LongitudeDegrees>145.94826799817383</LongitudeDegrees>
            </Position>
            <AltitudeMeters>1451.4000244140625</AltitudeMeters>
            <DistanceMeters>2524.89990234375</DistanceMeters>
            <Extensions>
              <ns3:TPX>
                <ns3:Speed>0.9200000166893005</ns3:Speed>
              </ns3:TPX>
            </Extensions>
          </Trackpoint>
          <Trackpoint>
            <Time>2026-04-13T01:16:38.000Z</Time>
            <Position>
              <LatitudeDegrees>-41.656139055266976</LatitudeDegrees>
              <LongitudeDegrees>145.94831485301256</LongitudeDegrees>
            </Position>
            <AltitudeMeters>1451.4000244140625</AltitudeMeters>
            <DistanceMeters>2529.360107421875</DistanceMeters>
            <Extensions>
              <ns3:TPX>
                <ns3:Speed>1.6100000143051147</ns3:Speed>
              </ns3:TPX>
            </Extensions>
          </Trackpoint>
          <Trackpoint>
            <Time>2026-04-13T01:16:40.000Z</Time>
            <Position>
              <LatitudeDegrees>-41.65614802390337</LatitudeDegrees>
              <LongitudeDegrees>145.9483432676643</LongitudeDegrees>
            </Position>
            <AltitudeMeters>1451.5999755859375</AltitudeMeters>
            <DistanceMeters>2531.949951171875</DistanceMeters>
            <Extensions>
              <ns3:TPX>
                <ns3:Speed>1.1299999952316284</ns3:Speed>
              </ns3:TPX>
            </Extensions>
          </Trackpoint>
          <Trackpoint>
            <Time>2026-04-13T01:16:41.000Z</Time>
            <Position>
              <LatitudeDegrees>-41.65615732781589</LatitudeDegrees>
              <LongitudeDegrees>145.94835206866264</LongitudeDegrees>
            </Position>
            <AltitudeMeters>1452.0</AltitudeMeters>
            <DistanceMeters>2533.22998046875</DistanceMeters>
            <Extensions>
              <ns3:TPX>
                <ns3:Speed>1.2400000095367432</ns3:Speed>
              </ns3:TPX>
            </Extensions>
          </Trackpoint>
          <Trackpoint>
            <Time>2026-04-13T01:16:42.000Z</Time>
            <Position>
              <LatitudeDegrees>-41.656166380271316</LatitudeDegrees>
              <LongitudeDegrees>145.94836036674678</LongitudeDegrees>
            </Position>
            <AltitudeMeters>1452.199951171875</AltitudeMeters>
            <DistanceMeters>2534.4599609375</DistanceMeters>
            <Extensions>
              <ns3:TPX>
                <ns3:Speed>1.409999966621399</ns3:Speed>
              </ns3:TPX>
            </Extensions>
          </Trackpoint>
          <Trackpoint>
            <Time>2026-04-13T01:16:45.000Z</Time>
            <Position>
              <LatitudeDegrees>-41.65619152598083</LatitudeDegrees>
              <LongitudeDegrees>145.94838249497116</LongitudeDegrees>
            </Position>
            <AltitudeMeters>1452.199951171875</AltitudeMeters>
            <DistanceMeters>2537.840087890625</DistanceMeters>
            <Extensions>
              <ns3:TPX>
                <ns3:Speed>1.2999999523162842</ns3:Speed>
              </ns3:TPX>
            </Extensions>
          </Trackpoint>
          <Trackpoint>
            <Time>2026-04-13T01:16:55.000Z</Time>
            <Position>
              <LatitudeDegrees>-41.656250869855285</LatitudeDegrees>
              <LongitudeDegrees>145.9484423417598</LongitudeDegrees>
            </Position>
            <AltitudeMeters>1453.4000244140625</AltitudeMeters>
            <DistanceMeters>2546.199951171875</DistanceMeters>
            <Extensions>
              <ns3:TPX>
                <ns3:Speed>0.9599999785423279</ns3:Speed>
              </ns3:TPX>
            </Extensions>
          </Trackpoint>
          <Trackpoint>
            <Time>2026-04-13T01:16:59.000Z</Time>
            <Position>
              <LatitudeDegrees>-41.656284146010876</LatitudeDegrees>
              <LongitudeDegrees>145.94846128486097</LongitudeDegrees>
            </Position>
            <AltitudeMeters>1453.5999755859375</AltitudeMeters>
            <DistanceMeters>2550.260009765625</DistanceMeters>
            <Extensions>
              <ns3:TPX>
                <ns3:Speed>1.1100000143051147</ns3:Speed>
              </ns3:TPX>
            </Extensions>
          </Trackpoint>
          <Trackpoint>
            <Time>2026-04-13T01:17:03.000Z</Time>
            <Position>
              <LatitudeDegrees>-41.6563140694052</LatitudeDegrees>
              <LongitudeDegrees>145.9484883584082</LongitudeDegrees>
            </Position>
            <AltitudeMeters>1454.800048828125</AltitudeMeters>
            <DistanceMeters>2554.320068359375</DistanceMeters>
            <Extensions>
              <ns3:TPX>
                <ns3:Speed>1.25</ns3:Speed>
              </ns3:TPX>
            </Extensions>
          </Trackpoint>
          <Trackpoint>
            <Time>2026-04-13T01:17:09.000Z</Time>
            <Position>
              <LatitudeDegrees>-41.6563589964062</LatitudeDegrees>
              <LongitudeDegrees>145.94853487797081</LongitudeDegrees>
            </Position>
            <AltitudeMeters>1455.4000244140625</AltitudeMeters>
            <DistanceMeters>2560.699951171875</DistanceMeters>
            <Extensions>
              <ns3:TPX>
                <ns3:Speed>1.2999999523162842</ns3:Speed>
              </ns3:TPX>
            </Extensions>
          </Trackpoint>
          <Trackpoint>
            <Time>2026-04-13T01:17:18.000Z</Time>
            <Position>
              <LatitudeDegrees>-41.65642395615578</LatitudeDegrees>
              <LongitudeDegrees>145.9486030228436</LongitudeDegrees>
            </Position>
            <AltitudeMeters>1455.5999755859375</AltitudeMeters>
            <DistanceMeters>2569.97998046875</DistanceMeters>
            <Extensions>
              <ns3:TPX>
                <ns3:Speed>1.3700000047683716</ns3:Speed>
              </ns3:TPX>
            </Extensions>
          </Trackpoint>
          <Trackpoint>
            <Time>2026-04-13T01:17:29.000Z</Time>
            <Position>
              <LatitudeDegrees>-41.65652143768966</LatitudeDegrees>
              <LongitudeDegrees>145.94869329594076</LongitudeDegrees>
            </Position>
            <AltitudeMeters>1455.800048828125</AltitudeMeters>
            <DistanceMeters>2583.300048828125</DistanceMeters>
            <Extensions>
              <ns3:TPX>
                <ns3:Speed>1.25</ns3:Speed>
              </ns3:TPX>
            </Extensions>
          </Trackpoint>
          <Trackpoint>
            <Time>2026-04-13T01:17:40.000Z</Time>
            <Position>
              <LatitudeDegrees>-41.65660592727363</LatitudeDegrees>
              <LongitudeDegrees>145.94878683798015</LongitudeDegrees>
            </Position>
            <AltitudeMeters>1454.800048828125</AltitudeMeters>
            <DistanceMeters>2595.6201171875</DistanceMeters>
            <Extensions>
              <ns3:TPX>
                <ns3:Speed>1.5299999713897705</ns3:Speed>
              </ns3:TPX>
            </Extensions>
          </Trackpoint>
          <Trackpoint>
            <Time>2026-04-13T01:17:45.000Z</Time>
            <Position>
              <LatitudeDegrees>-41.65663769468665</LatitudeDegrees>
              <LongitudeDegrees>145.94884542748332</LongitudeDegrees>
            </Position>
            <AltitudeMeters>1454.4000244140625</AltitudeMeters>
            <DistanceMeters>2601.68994140625</DistanceMeters>
            <Extensions>
              <ns3:TPX>
                <ns3:Speed>1.2799999713897705</ns3:Speed>
              </ns3:TPX>
            </Extensions>
          </Trackpoint>
          <Trackpoint>
            <Time>2026-04-13T01:17:54.000Z</Time>
            <Position>
              <LatitudeDegrees>-41.65672495029867</LatitudeDegrees>
              <LongitudeDegrees>145.94890636391938</LongitudeDegrees>
            </Position>
            <AltitudeMeters>1454.199951171875</AltitudeMeters>
            <DistanceMeters>2612.760009765625</DistanceMeters>
            <Extensions>
              <ns3:TPX>
                <ns3:Speed>1.5700000524520874</ns3:Speed>
              </ns3:TPX>
            </Extensions>
          </Trackpoint>
          <Trackpoint>
            <Time>2026-04-13T01:17:59.000Z</Time>
            <Position>
              <LatitudeDegrees>-41.656774654984474</LatitudeDegrees>
              <LongitudeDegrees>145.9489383827895</LongitudeDegrees>
            </Position>
            <AltitudeMeters>1456.0</AltitudeMeters>
            <DistanceMeters>2618.9599609375</DistanceMeters>
            <Extensions>
              <ns3:TPX>
                <ns3:Speed>1.5099999904632568</ns3:Speed>
              </ns3:TPX>
            </Extensions>
          </Trackpoint>
          <Trackpoint>
            <Time>2026-04-13T01:18:09.000Z</Time>
            <Position>
              <LatitudeDegrees>-41.65685947984457</LatitudeDegrees>
              <LongitudeDegrees>145.94903586432338</LongitudeDegrees>
            </Position>
            <AltitudeMeters>1457.0</AltitudeMeters>
            <DistanceMeters>2631.52001953125</DistanceMeters>
            <Extensions>
              <ns3:TPX>
                <ns3:Speed>0.949999988079071</ns3:Speed>
              </ns3:TPX>
            </Extensions>
          </Trackpoint>
          <Trackpoint>
            <Time>2026-04-13T01:18:19.000Z</Time>
            <Position>
              <LatitudeDegrees>-41.656946232542396</LatitudeDegrees>
              <LongitudeDegrees>145.949103590101</LongitudeDegrees>
            </Position>
            <AltitudeMeters>1457.5999755859375</AltitudeMeters>
            <DistanceMeters>2642.81005859375</DistanceMeters>
            <Extensions>
              <ns3:TPX>
                <ns3:Speed>0.9200000166893005</ns3:Speed>
              </ns3:TPX>
            </Extensions>
          </Trackpoint>
          <Trackpoint>
            <Time>2026-04-13T01:18:20.000Z</Time>
            <Position>
              <LatitudeDegrees>-41.65695528499782</LatitudeDegrees>
              <LongitudeDegrees>145.94911247491837</LongitudeDegrees>
            </Position>
            <AltitudeMeters>1457.5999755859375</AltitudeMeters>
            <DistanceMeters>2644.070068359375</DistanceMeters>
            <Extensions>
              <ns3:TPX>
                <ns3:Speed>1.149999976158142</ns3:Speed>
              </ns3:TPX>
            </Extensions>
          </Trackpoint>
          <Trackpoint>
            <Time>2026-04-13T01:18:22.000Z</Time>
            <Position>
              <LatitudeDegrees>-41.65697146207094</LatitudeDegrees>
              <LongitudeDegrees>145.94912345521152</LongitudeDegrees>
            </Position>
            <AltitudeMeters>1457.199951171875</AltitudeMeters>
            <DistanceMeters>2646.1201171875</DistanceMeters>
            <Extensions>
              <ns3:TPX>
                <ns3:Speed>1.159999966621399</ns3:Speed>
              </ns3:TPX>
            </Extensions>
          </Trackpoint>
          <Trackpoint>
            <Time>2026-04-13T01:18:30.000Z</Time>
            <Position>
              <LatitudeDegrees>-41.65704815648496</LatitudeDegrees>
              <LongitudeDegrees>145.94915136694908</LongitudeDegrees>
            </Position>
            <AltitudeMeters>1455.800048828125</AltitudeMeters>
            <DistanceMeters>2655.06005859375</DistanceMeters>
            <Extensions>
              <ns3:TPX>
                <ns3:Speed>1.1699999570846558</ns3:Speed>
              </ns3:TPX>
            </Extensions>
          </Trackpoint>
          <Trackpoint>
            <Time>2026-04-13T01:18:41.000Z</Time>
            <Position>
              <LatitudeDegrees>-41.657155277207494</LatitudeDegrees>
              <LongitudeDegrees>145.9491693880409</LongitudeDegrees>
            </Position>
            <AltitudeMeters>1457.5999755859375</AltitudeMeters>
            <DistanceMeters>2667.199951171875</DistanceMeters>
            <Extensions>
              <ns3:TPX>
                <ns3:Speed>0.9700000286102295</ns3:Speed>
              </ns3:TPX>
            </Extensions>
          </Trackpoint>
          <Trackpoint>
            <Time>2026-04-13T01:18:49.000Z</Time>
            <Position>
              <LatitudeDegrees>-41.657222835347056</LatitudeDegrees>
              <LongitudeDegrees>145.9491976350546</LongitudeDegrees>
            </Position>
            <AltitudeMeters>1456.800048828125</AltitudeMeters>
            <DistanceMeters>2675.169921875</DistanceMeters>
            <Extensions>
              <ns3:TPX>
                <ns3:Speed>1.1799999475479126</ns3:Speed>
              </ns3:TPX>
            </Extensions>
          </Trackpoint>
          <Trackpoint>
            <Time>2026-04-13T01:18:58.000Z</Time>
            <Position>
              <LatitudeDegrees>-41.65729885920882</LatitudeDegrees>
              <LongitudeDegrees>145.9492759220302</LongitudeDegrees>
            </Position>
            <AltitudeMeters>1453.800048828125</AltitudeMeters>
            <DistanceMeters>2685.949951171875</DistanceMeters>
            <Extensions>
              <ns3:TPX>
                <ns3:Speed>0.9700000286102295</ns3:Speed>
              </ns3:TPX>
            </Extensions>
          </Trackpoint>
          <Trackpoint>
            <Time>2026-04-13T01:18:59.000Z</Time>
            <Position>
              <LatitudeDegrees>-41.65730372071266</LatitudeDegrees>
              <LongitudeDegrees>145.9492874890566</LongitudeDegrees>
            </Position>
            <AltitudeMeters>1453.4000244140625</AltitudeMeters>
            <DistanceMeters>2687.06005859375</DistanceMeters>
            <Extensions>
              <ns3:TPX>
                <ns3:Speed>1.159999966621399</ns3:Speed>
              </ns3:TPX>
            </Extensions>
          </Trackpoint>
          <Trackpoint>
            <Time>2026-04-13T01:19:02.000Z</Time>
            <Position>
              <LatitudeDegrees>-41.6573241725564</LatitudeDegrees>
              <LongitudeDegrees>145.9493052586913</LongitudeDegrees>
            </Position>
            <AltitudeMeters>1453.199951171875</AltitudeMeters>
            <DistanceMeters>2689.7900390625</DistanceMeters>
            <Extensions>
              <ns3:TPX>
                <ns3:Speed>1.190000057220459</ns3:Speed>
              </ns3:TPX>
            </Extensions>
          </Trackpoint>
          <Trackpoint>
            <Time>2026-04-13T01:19:13.000Z</Time>
            <Position>
              <LatitudeDegrees>-41.65739248506725</LatitudeDegrees>
              <LongitudeDegrees>145.94941539689898</LongitudeDegrees>
            </Position>
            <AltitudeMeters>1455.199951171875</AltitudeMeters>
            <DistanceMeters>2701.800048828125</DistanceMeters>
            <Extensions>
              <ns3:TPX>
                <ns3:Speed>0.9200000166893005</ns3:Speed>
              </ns3:TPX>
            </Extensions>
          </Trackpoint>
          <Trackpoint>
            <Time>2026-04-13T01:19:22.000Z</Time>
            <Position>
              <LatitudeDegrees>-41.65742869488895</LatitudeDegrees>
              <LongitudeDegrees>145.94947256147861</LongitudeDegrees>
            </Position>
            <AltitudeMeters>1458.5999755859375</AltitudeMeters>
            <DistanceMeters>2708.080078125</DistanceMeters>
            <Extensions>
              <ns3:TPX>
                <ns3:Speed>0.5400000214576721</ns3:Speed>
              </ns3:TPX>
            </Extensions>
          </Trackpoint>
          <Trackpoint>
            <Time>2026-04-13T01:19:40.000Z</Time>
            <Position>
              <LatitudeDegrees>-41.65744042955339</LatitudeDegrees>
              <LongitudeDegrees>145.9494836255908</LongitudeDegrees>
            </Position>
            <AltitudeMeters>1461.5999755859375</AltitudeMeters>
            <DistanceMeters>2709.699951171875</DistanceMeters>
            <Extensions>
              <ns3:TPX>
                <ns3:Speed>0.0</ns3:Speed>
              </ns3:TPX>
            </Extensions>
          </Trackpoint>
          <Trackpoint>
            <Time>2026-04-13T01:19:58.000Z</Time>
            <Position>
              <LatitudeDegrees>-41.65750849060714</LatitudeDegrees>
              <LongitudeDegrees>145.9495240263641</LongitudeDegrees>
            </Position>
            <AltitudeMeters>1460.5999755859375</AltitudeMeters>
            <DistanceMeters>2718.080078125</DistanceMeters>
            <Extensions>
              <ns3:TPX>
                <ns3:Speed>0.8100000023841858</ns3:Speed>
              </ns3:TPX>
            </Extensions>
          </Trackpoint>
          <Trackpoint>
            <Time>2026-04-13T01:20:06.000Z</Time>
            <Position>
              <LatitudeDegrees>-41.65752064436674</LatitudeDegrees>
              <LongitudeDegrees>145.94960197806358</LongitudeDegrees>
            </Position>
            <AltitudeMeters>1464.0</AltitudeMeters>
            <DistanceMeters>2724.75</DistanceMeters>
            <Extensions>
              <ns3:TPX>
                <ns3:Speed>0.7599999904632568</ns3:Speed>
              </ns3:TPX>
            </Extensions>
          </Trackpoint>
          <Trackpoint>
            <Time>2026-04-13T01:20:19.000Z</Time>
            <Position>
              <LatitudeDegrees>-41.65756934322417</LatitudeDegrees>
              <LongitudeDegrees>145.94970222562551</LongitudeDegrees>
            </Position>
            <AltitudeMeters>1467.0</AltitudeMeters>
            <DistanceMeters>2734.77001953125</DistanceMeters>
            <Extensions>
              <ns3:TPX>
                <ns3:Speed>0.9100000262260437</ns3:Speed>
              </ns3:TPX>
            </Extensions>
          </Trackpoint>
          <Trackpoint>
            <Time>2026-04-13T01:20:31.000Z</Time>
            <Position>
              <LatitudeDegrees>-41.65760555304587</LatitudeDegrees>
              <LongitudeDegrees>145.9497846197337</LongitudeDegrees>
            </Position>
            <AltitudeMeters>1468.4000244140625</AltitudeMeters>
            <DistanceMeters>2742.77001953125</DistanceMeters>
            <Extensions>
              <ns3:TPX>
                <ns3:Speed>0.6100000143051147</ns3:Speed>
              </ns3:TPX>
            </Extensions>
          </Trackpoint>
          <Trackpoint>
            <Time>2026-04-13T01:20:47.000Z</Time>
            <Position>
              <LatitudeDegrees>-41.657617622986436</LatitudeDegrees>
              <LongitudeDegrees>145.94989199191332</LongitudeDegrees>
            </Position>
            <AltitudeMeters>1470.5999755859375</AltitudeMeters>
            <DistanceMeters>2751.860107421875</DistanceMeters>
            <Extensions>
              <ns3:TPX>
                <ns3:Speed>0.49000000953674316</ns3:Speed>
              </ns3:TPX>
            </Extensions>
          </Trackpoint>
          <Trackpoint>
            <Time>2026-04-13T01:20:56.000Z</Time>
            <Position>
              <LatitudeDegrees>-41.65762793272734</LatitudeDegrees>
              <LongitudeDegrees>145.94993432052433</LongitudeDegrees>
            </Position>
            <AltitudeMeters>1473.800048828125</AltitudeMeters>
            <DistanceMeters>2755.590087890625</DistanceMeters>
            <Extensions>
              <ns3:TPX>
                <ns3:Speed>0.27000001072883606</ns3:Speed>
              </ns3:TPX>
            </Extensions>
          </Trackpoint>
          <Trackpoint>
            <Time>2026-04-13T01:21:03.000Z</Time>
            <Position>
              <LatitudeDegrees>-41.65763698518276</LatitudeDegrees>
              <LongitudeDegrees>145.94995795749128</LongitudeDegrees>
            </Position>
            <AltitudeMeters>1476.800048828125</AltitudeMeters>
            <DistanceMeters>2757.81005859375</DistanceMeters>
            <Extensions>
              <ns3:TPX>
                <ns3:Speed>0.36000001430511475</ns3:Speed>
              </ns3:TPX>
            </Extensions>
          </Trackpoint>
          <Trackpoint>
            <Time>2026-04-13T01:21:12.000Z</Time>
            <Position>
              <LatitudeDegrees>-41.6576558444649</LatitudeDegrees>
              <LongitudeDegrees>145.94999307766557</LongitudeDegrees>
            </Position>
            <AltitudeMeters>1480.0</AltitudeMeters>
            <DistanceMeters>2761.429931640625</DistanceMeters>
            <Extensions>
              <ns3:TPX>
                <ns3:Speed>0.18000000715255737</ns3:Speed>
              </ns3:TPX>
            </Extensions>
          </Trackpoint>
          <Trackpoint>
            <Time>2026-04-13T01:21:26.000Z</Time>
            <Position>
              <LatitudeDegrees>-41.6576954908669</LatitudeDegrees>
              <LongitudeDegrees>145.95003238879144</LongitudeDegrees>
            </Position>
            <AltitudeMeters>1481.5999755859375</AltitudeMeters>
            <DistanceMeters>2766.97998046875</DistanceMeters>
            <Extensions>
              <ns3:TPX>
                <ns3:Speed>0.6899999976158142</ns3:Speed>
              </ns3:TPX>
            </Extensions>
          </Trackpoint>
          <Trackpoint>
            <Time>2026-04-13T01:21:42.000Z</Time>
            <Position>
              <LatitudeDegrees>-41.657720217481256</LatitudeDegrees>
              <LongitudeDegrees>145.95012735575438</LongitudeDegrees>
            </Position>
            <AltitudeMeters>1482.800048828125</AltitudeMeters>
            <DistanceMeters>2775.39990234375</DistanceMeters>
            <Extensions>
              <ns3:TPX>
                <ns3:Speed>0.49000000953674316</ns3:Speed>
              </ns3:TPX>
            </Extensions>
          </Trackpoint>
          <Trackpoint>
            <Time>2026-04-13T01:21:55.000Z</Time>
            <Position>
              <LatitudeDegrees>-41.65779607370496</LatitudeDegrees>
              <LongitudeDegrees>145.9501609671861</LongitudeDegrees>
            </Position>
            <AltitudeMeters>1485.0</AltitudeMeters>
            <DistanceMeters>2784.39990234375</DistanceMeters>
            <Extensions>
              <ns3:TPX>
                <ns3:Speed>0.6600000262260437</ns3:Speed>
              </ns3:TPX>
            </Extensions>
          </Trackpoint>
          <Trackpoint>
            <Time>2026-04-13T01:22:10.000Z</Time>
            <Position>
              <LatitudeDegrees>-41.65784653276205</LatitudeDegrees>
              <LongitudeDegrees>145.95025291666389</LongitudeDegrees>
            </Position>
            <AltitudeMeters>1487.199951171875</AltitudeMeters>
            <DistanceMeters>2793.9599609375</DistanceMeters>
            <Extensions>
              <ns3:TPX>
                <ns3:Speed>0.17000000178813934</ns3:Speed>
              </ns3:TPX>
            </Extensions>
          </Trackpoint>
          <Trackpoint>
            <Time>2026-04-13T01:22:17.000Z</Time>
            <Position>
              <LatitudeDegrees>-41.65788073092699</LatitudeDegrees>
              <LongitudeDegrees>145.9502775594592</LongitudeDegrees>
            </Position>
            <AltitudeMeters>1490.4000244140625</AltitudeMeters>
            <DistanceMeters>2798.330078125</DistanceMeters>
            <Extensions>
              <ns3:TPX>
                <ns3:Speed>0.550000011920929</ns3:Speed>
              </ns3:TPX>
            </Extensions>
          </Trackpoint>
          <Trackpoint>
            <Time>2026-04-13T01:22:29.000Z</Time>
            <Position>
              <LatitudeDegrees>-41.657920461148024</LatitudeDegrees>
              <LongitudeDegrees>145.95032365992665</LongitudeDegrees>
            </Position>
            <AltitudeMeters>1493.4000244140625</AltitudeMeters>
            <DistanceMeters>2804.22998046875</DistanceMeters>
            <Extensions>
              <ns3:TPX>
                <ns3:Speed>0.46000000834465027</ns3:Speed>
              </ns3:TPX>
            </Extensions>
          </Trackpoint>
          <Trackpoint>
            <Time>2026-04-13T01:22:43.000Z</Time>
            <Position>
              <LatitudeDegrees>-41.65796999819577</LatitudeDegrees>
              <LongitudeDegrees>145.9503832552582</LongitudeDegrees>
            </Position>
            <AltitudeMeters>1496.199951171875</AltitudeMeters>
            <DistanceMeters>2811.719970703125</DistanceMeters>
            <Extensions>
              <ns3:TPX>
                <ns3:Speed>0.46000000834465027</ns3:Speed>
              </ns3:TPX>
            </Extensions>
          </Trackpoint>
          <Trackpoint>
            <Time>2026-04-13T01:22:53.000Z</Time>
            <Position>
              <LatitudeDegrees>-41.65798416361213</LatitudeDegrees>
              <LongitudeDegrees>145.95042533241212</LongitudeDegrees>
            </Position>
            <AltitudeMeters>1499.5999755859375</AltitudeMeters>
            <DistanceMeters>2815.580078125</DistanceMeters>
            <Extensions>
              <ns3:TPX>
                <ns3:Speed>0.3700000047683716</ns3:Speed>
              </ns3:TPX>
            </Extensions>
          </Trackpoint>
          <Trackpoint>
            <Time>2026-04-13T01:23:04.000Z</Time>
            <Position>
              <LatitudeDegrees>-41.65802037343383</LatitudeDegrees>
              <LongitudeDegrees>145.95044871792197</LongitudeDegrees>
            </Position>
            <AltitudeMeters>1502.5999755859375</AltitudeMeters>
            <DistanceMeters>2820.10009765625</DistanceMeters>
            <Extensions>
              <ns3:TPX>
                <ns3:Speed>0.4000000059604645</ns3:Speed>
              </ns3:TPX>
            </Extensions>
          </Trackpoint>
          <Trackpoint>
            <Time>2026-04-13T01:23:19.000Z</Time>
            <Position>
              <LatitudeDegrees>-41.658058762550354</LatitudeDegrees>
              <LongitudeDegrees>145.95049062743783</LongitudeDegrees>
            </Position>
            <AltitudeMeters>1505.800048828125</AltitudeMeters>
            <DistanceMeters>2825.659912109375</DistanceMeters>
            <Extensions>
              <ns3:TPX>
                <ns3:Speed>0.36000001430511475</ns3:Speed>
              </ns3:TPX>
            </Extensions>
          </Trackpoint>
          <Trackpoint>
            <Time>2026-04-13T01:23:30.000Z</Time>
            <Position>
              <LatitudeDegrees>-41.65811768732965</LatitudeDegrees>
              <LongitudeDegrees>145.95055164769292</LongitudeDegrees>
            </Position>
            <AltitudeMeters>1509.0</AltitudeMeters>
            <DistanceMeters>2834.030029296875</DistanceMeters>
            <Extensions>
              <ns3:TPX>
                <ns3:Speed>0.6899999976158142</ns3:Speed>
              </ns3:TPX>
            </Extensions>
          </Trackpoint>
          <Trackpoint>
            <Time>2026-04-13T01:23:38.000Z</Time>
            <Position>
              <LatitudeDegrees>-41.65813336148858</LatitudeDegrees>
              <LongitudeDegrees>145.9505790565163</LongitudeDegrees>
            </Position>
            <AltitudeMeters>1512.4000244140625</AltitudeMeters>
            <DistanceMeters>2836.919921875</DistanceMeters>
            <Extensions>
              <ns3:TPX>
                <ns3:Speed>0.0</ns3:Speed>
              </ns3:TPX>
            </Extensions>
          </Trackpoint>
          <Trackpoint>
            <Time>2026-04-13T01:23:52.000Z</Time>
            <Position>
              <LatitudeDegrees>-41.65814543142915</LatitudeDegrees>
              <LongitudeDegrees>145.95058458857238</LongitudeDegrees>
            </Position>
            <AltitudeMeters>1515.4000244140625</AltitudeMeters>
            <DistanceMeters>2838.35009765625</DistanceMeters>
            <Extensions>
              <ns3:TPX>
                <ns3:Speed>0.5199999809265137</ns3:Speed>
              </ns3:TPX>
            </Extensions>
          </Trackpoint>
          <Trackpoint>
            <Time>2026-04-13T01:24:11.000Z</Time>
            <Position>
              <LatitudeDegrees>-41.65816152468324</LatitudeDegrees>
              <LongitudeDegrees>145.95061333850026</LongitudeDegrees>
            </Position>
            <AltitudeMeters>1518.0</AltitudeMeters>
            <DistanceMeters>2841.360107421875</DistanceMeters>
            <Extensions>
              <ns3:TPX>
                <ns3:Speed>0.12999999523162842</ns3:Speed>
              </ns3:TPX>
            </Extensions>
          </Trackpoint>
          <Trackpoint>
            <Time>2026-04-13T01:24:23.000Z</Time>
            <Position>
              <LatitudeDegrees>-41.65816177614033</LatitudeDegrees>
              <LongitudeDegrees>145.95062624663115</LongitudeDegrees>
            </Position>
            <AltitudeMeters>1521.0</AltitudeMeters>
            <DistanceMeters>2842.43994140625</DistanceMeters>
            <Extensions>
              <ns3:TPX>
                <ns3:Speed>0.12999999523162842</ns3:Speed>
              </ns3:TPX>
            </Extensions>
          </Trackpoint>
          <Trackpoint>
            <Time>2026-04-13T01:24:34.000Z</Time>
            <Position>
              <LatitudeDegrees>-41.65816705673933</LatitudeDegrees>
              <LongitudeDegrees>145.95064368098974</LongitudeDegrees>
            </Position>
            <AltitudeMeters>1524.0</AltitudeMeters>
            <DistanceMeters>2844.02001953125</DistanceMeters>
            <Extensions>
              <ns3:TPX>
                <ns3:Speed>0.0</ns3:Speed>
              </ns3:TPX>
            </Extensions>
          </Trackpoint>
          <Trackpoint>
            <Time>2026-04-13T01:24:50.000Z</Time>
            <Position>
              <LatitudeDegrees>-41.6581738460809</LatitudeDegrees>
              <LongitudeDegrees>145.95067285001278</LongitudeDegrees>
            </Position>
            <AltitudeMeters>1525.800048828125</AltitudeMeters>
            <DistanceMeters>2846.580078125</DistanceMeters>
            <Extensions>
              <ns3:TPX>
                <ns3:Speed>0.27000001072883606</ns3:Speed>
              </ns3:TPX>
            </Extensions>
          </Trackpoint>
          <Trackpoint>
            <Time>2026-04-13T01:25:03.000Z</Time>
            <Position>
              <LatitudeDegrees>-41.65817837230861</LatitudeDegrees>
              <LongitudeDegrees>145.95070688053966</LongitudeDegrees>
            </Position>
            <AltitudeMeters>1528.4000244140625</AltitudeMeters>
            <DistanceMeters>2849.47998046875</DistanceMeters>
            <Extensions>
              <ns3:TPX>
                <ns3:Speed>0.36000001430511475</ns3:Speed>
              </ns3:TPX>
            </Extensions>
          </Trackpoint>
          <Trackpoint>
            <Time>2026-04-13T01:25:14.000Z</Time>
            <Position>
              <LatitudeDegrees>-41.658154567703605</LatitudeDegrees>
              <LongitudeDegrees>145.95075516030192</LongitudeDegrees>
            </Position>
            <AltitudeMeters>1531.5999755859375</AltitudeMeters>
            <DistanceMeters>2854.330078125</DistanceMeters>
            <Extensions>
              <ns3:TPX>
                <ns3:Speed>0.8100000023841858</ns3:Speed>
              </ns3:TPX>
            </Extensions>
          </Trackpoint>
          <Trackpoint>
            <Time>2026-04-13T01:25:23.000Z</Time>
            <Position>
              <LatitudeDegrees>-41.65814962238073</LatitudeDegrees>
              <LongitudeDegrees>145.95080444589257</LongitudeDegrees>
            </Position>
            <AltitudeMeters>1534.800048828125</AltitudeMeters>
            <DistanceMeters>2858.489990234375</DistanceMeters>
            <Extensions>
              <ns3:TPX>
                <ns3:Speed>0.46000000834465027</ns3:Speed>
              </ns3:TPX>
            </Extensions>
          </Trackpoint>
          <Trackpoint>
            <Time>2026-04-13T01:25:29.000Z</Time>
            <Position>
              <LatitudeDegrees>-41.65815515443683</LatitudeDegrees>
              <LongitudeDegrees>145.95083537511528</LongitudeDegrees>
            </Position>
            <AltitudeMeters>1538.0</AltitudeMeters>
            <DistanceMeters>2861.159912109375</DistanceMeters>
            <Extensions>
              <ns3:TPX>
                <ns3:Speed>0.47999998927116394</ns3:Speed>
              </ns3:TPX>
            </Extensions>
          </Trackpoint>
          <Trackpoint>
            <Time>2026-04-13T01:25:35.000Z</Time>
            <Position>
              <LatitudeDegrees>-41.65814509615302</LatitudeDegrees>
              <LongitudeDegrees>145.95087133347988</LongitudeDegrees>
            </Position>
            <AltitudeMeters>1541.0</AltitudeMeters>
            <DistanceMeters>2864.3798828125</DistanceMeters>
            <Extensions>
              <ns3:TPX>
                <ns3:Speed>0.3799999952316284</ns3:Speed>
              </ns3:TPX>
            </Extensions>
          </Trackpoint>
          <Trackpoint>
            <Time>2026-04-13T01:25:49.000Z</Time>
            <Position>
              <LatitudeDegrees>-41.658208882436156</LatitudeDegrees>
              <LongitudeDegrees>145.95092514529824</LongitudeDegrees>
            </Position>
            <AltitudeMeters>1540.800048828125</AltitudeMeters>
            <DistanceMeters>2872.85009765625</DistanceMeters>
            <Extensions>
              <ns3:TPX>
                <ns3:Speed>0.5400000214576721</ns3:Speed>
              </ns3:TPX>
            </Extensions>
          </Trackpoint>
          <Trackpoint>
            <Time>2026-04-13T01:26:01.000Z</Time>
            <Position>
              <LatitudeDegrees>-41.65823042392731</LatitudeDegrees>
              <LongitudeDegrees>145.95093755051494</LongitudeDegrees>
            </Position>
            <AltitudeMeters>1542.0</AltitudeMeters>
            <DistanceMeters>2875.47998046875</DistanceMeters>
            <Extensions>
              <ns3:TPX>
                <ns3:Speed>0.3199999928474426</ns3:Speed>
              </ns3:TPX>
            </Extensions>
          </Trackpoint>
          <Trackpoint>
            <Time>2026-04-13T01:26:10.000Z</Time>
            <Position>
              <LatitudeDegrees>-41.65827317163348</LatitudeDegrees>
              <LongitudeDegrees>145.9509303420782</LongitudeDegrees>
            </Position>
            <AltitudeMeters>1540.800048828125</AltitudeMeters>
            <DistanceMeters>2880.330078125</DistanceMeters>
            <Extensions>
              <ns3:TPX>
                <ns3:Speed>0.47999998927116394</ns3:Speed>
              </ns3:TPX>
            </Extensions>
          </Trackpoint>
          <Trackpoint>
            <Time>2026-04-13T01:26:15.000Z</Time>
            <Position>
              <LatitudeDegrees>-41.658290438354015</LatitudeDegrees>
              <LongitudeDegrees>145.95097275450826</LongitudeDegrees>
            </Position>
            <AltitudeMeters>1544.199951171875</AltitudeMeters>
            <DistanceMeters>2884.3798828125</DistanceMeters>
            <Extensions>
              <ns3:TPX>
                <ns3:Speed>0.7200000286102295</ns3:Speed>
              </ns3:TPX>
            </Extensions>
          </Trackpoint>
          <Trackpoint>
            <Time>2026-04-13T01:26:18.000Z</Time>
            <Position>
              <LatitudeDegrees>-41.65829228237271</LatitudeDegrees>
              <LongitudeDegrees>145.95097619108856</LongitudeDegrees>
            </Position>
            <AltitudeMeters>1545.5999755859375</AltitudeMeters>
            <DistanceMeters>2884.72998046875</DistanceMeters>
            <Extensions>
              <ns3:TPX>
                <ns3:Speed>0.0</ns3:Speed>
              </ns3:TPX>
            </Extensions>
          </Trackpoint>
          <Trackpoint>
            <Time>2026-04-13T01:26:33.000Z</Time>
            <Position>
              <LatitudeDegrees>-41.65830435231328</LatitudeDegrees>
              <LongitudeDegrees>145.951006449759</LongitudeDegrees>
            </Position>
            <AltitudeMeters>1545.4000244140625</AltitudeMeters>
            <DistanceMeters>2887.60009765625</DistanceMeters>
            <Extensions>
              <ns3:TPX>
                <ns3:Speed>0.0</ns3:Speed>
              </ns3:TPX>
            </Extensions>
          </Trackpoint>
          <Trackpoint>
            <Time>2026-04-13T01:26:45.000Z</Time>
            <Position>
              <LatitudeDegrees>-41.658319272100925</LatitudeDegrees>
              <LongitudeDegrees>145.9510410670191</LongitudeDegrees>
            </Position>
            <AltitudeMeters>1544.4000244140625</AltitudeMeters>
            <DistanceMeters>2890.949951171875</DistanceMeters>
            <Extensions>
              <ns3:TPX>
                <ns3:Speed>0.0</ns3:Speed>
              </ns3:TPX>
            </Extensions>
          </Trackpoint>
          <Trackpoint>
            <Time>2026-04-13T01:26:57.000Z</Time>
            <Position>
              <LatitudeDegrees>-41.65838154964149</LatitudeDegrees>
              <LongitudeDegrees>145.95105648972094</LongitudeDegrees>
            </Position>
            <AltitudeMeters>1543.800048828125</AltitudeMeters>
            <DistanceMeters>2898.080078125</DistanceMeters>
            <Extensions>
              <ns3:TPX>
                <ns3:Speed>0.6100000143051147</ns3:Speed>
              </ns3:TPX>
            </Extensions>
          </Trackpoint>
          <Trackpoint>
            <Time>2026-04-13T01:27:09.000Z</Time>
            <Position>
              <LatitudeDegrees>-41.65840292349458</LatitudeDegrees>
              <LongitudeDegrees>145.95110116526484</LongitudeDegrees>
            </Position>
            <AltitudeMeters>1545.5999755859375</AltitudeMeters>
            <DistanceMeters>2902.52001953125</DistanceMeters>
            <Extensions>
              <ns3:TPX>
                <ns3:Speed>0.8299999833106995</ns3:Speed>
              </ns3:TPX>
            </Extensions>
          </Trackpoint>
          <Trackpoint>
            <Time>2026-04-13T01:27:24.000Z</Time>
            <Position>
              <LatitudeDegrees>-41.658427817747</LatitudeDegrees>
              <LongitudeDegrees>145.95114508643746</LongitudeDegrees>
            </Position>
            <AltitudeMeters>1548.0</AltitudeMeters>
            <DistanceMeters>2907.139892578125</DistanceMeters>
            <Extensions>
              <ns3:TPX>
                <ns3:Speed>0.7300000190734863</ns3:Speed>
              </ns3:TPX>
            </Extensions>
          </Trackpoint>
          <Trackpoint>
            <Time>2026-04-13T01:27:28.000Z</Time>
            <Position>
              <LatitudeDegrees>-41.65844986215234</LatitudeDegrees>
              <LongitudeDegrees>145.95115103758872</LongitudeDegrees>
            </Position>
            <AltitudeMeters>1548.4000244140625</AltitudeMeters>
            <DistanceMeters>2909.659912109375</DistanceMeters>
            <Extensions>
              <ns3:TPX>
                <ns3:Speed>1.1299999952316284</ns3:Speed>
              </ns3:TPX>
            </Extensions>
          </Trackpoint>
          <Trackpoint>
            <Time>2026-04-13T01:27:39.000Z</Time>
            <Position>
              <LatitudeDegrees>-41.65848112665117</LatitudeDegrees>
              <LongitudeDegrees>145.95118448138237</LongitudeDegrees>
            </Position>
            <AltitudeMeters>1551.800048828125</AltitudeMeters>
            <DistanceMeters>2914.159912109375</DistanceMeters>
            <Extensions>
              <ns3:TPX>
                <ns3:Speed>0.30000001192092896</ns3:Speed>
              </ns3:TPX>
            </Extensions>
          </Trackpoint>
          <Trackpoint>
            <Time>2026-04-13T01:27:56.000Z</Time>
            <Position>
              <LatitudeDegrees>-41.65854558348656</LatitudeDegrees>
              <LongitudeDegrees>145.95120342448354</LongitudeDegrees>
            </Position>
            <AltitudeMeters>1553.800048828125</AltitudeMeters>
            <DistanceMeters>2921.580078125</DistanceMeters>
            <Extensions>
              <ns3:TPX>
                <ns3:Speed>0.8199999928474426</ns3:Speed>
              </ns3:TPX>
            </Extensions>
          </Trackpoint>
          <Trackpoint>
            <Time>2026-04-13T01:28:14.000Z</Time>
            <Position>
              <LatitudeDegrees>-41.6586572304368</LatitudeDegrees>
              <LongitudeDegrees>145.9512392990291</LongitudeDegrees>
            </Position>
            <AltitudeMeters>1555.800048828125</AltitudeMeters>
            <DistanceMeters>2934.5</DistanceMeters>
            <Extensions>
              <ns3:TPX>
                <ns3:Speed>0.6100000143051147</ns3:Speed>
              </ns3:TPX>
            </Extensions>
          </Trackpoint>
          <Trackpoint>
            <Time>2026-04-13T01:28:26.000Z</Time>
            <Position>
              <LatitudeDegrees>-41.658695954829454</LatitudeDegrees>
              <LongitudeDegrees>145.95126369036734</LongitudeDegrees>
            </Position>
            <AltitudeMeters>1558.800048828125</AltitudeMeters>
            <DistanceMeters>2939.31005859375</DistanceMeters>
            <Extensions>
              <ns3:TPX>
                <ns3:Speed>0.5299999713897705</ns3:Speed>
              </ns3:TPX>
            </Extensions>
          </Trackpoint>
          <Trackpoint>
            <Time>2026-04-13T01:28:39.000Z</Time>
            <Position>
              <LatitudeDegrees>-41.658734595403075</LatitudeDegrees>
              <LongitudeDegrees>145.95131213776767</LongitudeDegrees>
            </Position>
            <AltitudeMeters>1561.0</AltitudeMeters>
            <DistanceMeters>2945.260009765625</DistanceMeters>
            <Extensions>
              <ns3:TPX>
                <ns3:Speed>0.49000000953674316</ns3:Speed>
              </ns3:TPX>
            </Extensions>
          </Trackpoint>
          <Trackpoint>
            <Time>2026-04-13T01:28:49.000Z</Time>
            <Position>
              <LatitudeDegrees>-41.658743899315596</LatitudeDegrees>
              <LongitudeDegrees>145.95131523907185</LongitudeDegrees>
            </Position>
            <AltitudeMeters>1562.5999755859375</AltitudeMeters>
            <DistanceMeters>2946.330078125</DistanceMeters>
            <Extensions>
              <ns3:TPX>
                <ns3:Speed>0.0</ns3:Speed>
              </ns3:TPX>
            </Extensions>
          </Trackpoint>
          <Trackpoint>
            <Time>2026-04-13T01:28:57.000Z</Time>
            <Position>
              <LatitudeDegrees>-41.65877256542444</LatitudeDegrees>
              <LongitudeDegrees>145.95133644528687</LongitudeDegrees>
            </Position>
            <AltitudeMeters>1563.5999755859375</AltitudeMeters>
            <DistanceMeters>2950.010009765625</DistanceMeters>
            <Extensions>
              <ns3:TPX>
                <ns3:Speed>0.41999998688697815</ns3:Speed>
              </ns3:TPX>
            </Extensions>
          </Trackpoint>
          <Trackpoint>
            <Time>2026-04-13T01:29:12.000Z</Time>
            <Position>
              <LatitudeDegrees>-41.65878748521209</LatitudeDegrees>
              <LongitudeDegrees>145.95134834758937</LongitudeDegrees>
            </Position>
            <AltitudeMeters>1563.199951171875</AltitudeMeters>
            <DistanceMeters>2951.9599609375</DistanceMeters>
            <Extensions>
              <ns3:TPX>
                <ns3:Speed>0.0</ns3:Speed>
              </ns3:TPX>
            </Extensions>
          </Trackpoint>
          <Trackpoint>
            <Time>2026-04-13T01:29:24.000Z</Time>
            <Position>
              <LatitudeDegrees>-41.6587867308408</LatitudeDegrees>
              <LongitudeDegrees>145.95141506753862</LongitudeDegrees>
            </Position>
            <AltitudeMeters>1564.800048828125</AltitudeMeters>
            <DistanceMeters>2957.550048828125</DistanceMeters>
            <Extensions>
              <ns3:TPX>
                <ns3:Speed>0.7900000214576721</ns3:Speed>
              </ns3:TPX>
            </Extensions>
          </Trackpoint>
          <Trackpoint>
            <Time>2026-04-13T01:29:35.000Z</Time>
            <Position>
              <LatitudeDegrees>-41.658807937055826</LatitudeDegrees>
              <LongitudeDegrees>145.9514752496034</LongitudeDegrees>
            </Position>
            <AltitudeMeters>1566.0</AltitudeMeters>
            <DistanceMeters>2963.1201171875</DistanceMeters>
            <Extensions>
              <ns3:TPX>
                <ns3:Speed>0.5400000214576721</ns3:Speed>
              </ns3:TPX>
            </Extensions>
          </Trackpoint>
          <Trackpoint>
            <Time>2026-04-13T01:29:51.000Z</Time>
            <Position>
              <LatitudeDegrees>-41.65883073583245</LatitudeDegrees>
              <LongitudeDegrees>145.95154632814229</LongitudeDegrees>
            </Position>
            <AltitudeMeters>1569.0</AltitudeMeters>
            <DistanceMeters>2969.60009765625</DistanceMeters>
            <Extensions>
              <ns3:TPX>
                <ns3:Speed>0.6499999761581421</ns3:Speed>
              </ns3:TPX>
            </Extensions>
          </Trackpoint>
          <Trackpoint>
            <Time>2026-04-13T01:30:03.000Z</Time>
            <Position>
              <LatitudeDegrees>-41.658859234303236</LatitudeDegrees>
              <LongitudeDegrees>145.9515669476241</LongitudeDegrees>
            </Position>
            <AltitudeMeters>1571.5999755859375</AltitudeMeters>
            <DistanceMeters>2973.239990234375</DistanceMeters>
            <Extensions>
              <ns3:TPX>
                <ns3:Speed>0.44999998807907104</ns3:Speed>
              </ns3:TPX>
            </Extensions>
          </Trackpoint>
          <Trackpoint>
            <Time>2026-04-13T01:30:12.000Z</Time>
            <Position>
              <LatitudeDegrees>-41.658917823806405</LatitudeDegrees>
              <LongitudeDegrees>145.95155177637935</LongitudeDegrees>
            </Position>
            <AltitudeMeters>1572.4000244140625</AltitudeMeters>
            <DistanceMeters>2979.949951171875</DistanceMeters>
            <Extensions>
              <ns3:TPX>
                <ns3:Speed>1.1200000047683716</ns3:Speed>
              </ns3:TPX>
            </Extensions>
          </Trackpoint>
          <Trackpoint>
            <Time>2026-04-13T01:30:23.000Z</Time>
            <Position>
              <LatitudeDegrees>-41.65897557511926</LatitudeDegrees>
              <LongitudeDegrees>145.95154699869454</LongitudeDegrees>
            </Position>
            <AltitudeMeters>1572.199951171875</AltitudeMeters>
            <DistanceMeters>2986.449951171875</DistanceMeters>
            <Extensions>
              <ns3:TPX>
                <ns3:Speed>0.8299999833106995</ns3:Speed>
              </ns3:TPX>
            </Extensions>
          </Trackpoint>
          <Trackpoint>
            <Time>2026-04-13T01:30:33.000Z</Time>
            <Position>
              <LatitudeDegrees>-41.659040031954646</LatitudeDegrees>
              <LongitudeDegrees>145.95153006725013</LongitudeDegrees>
            </Position>
            <AltitudeMeters>1572.800048828125</AltitudeMeters>
            <DistanceMeters>2993.840087890625</DistanceMeters>
            <Extensions>
              <ns3:TPX>
                <ns3:Speed>0.8600000143051147</ns3:Speed>
              </ns3:TPX>
            </Extensions>
          </Trackpoint>
          <Trackpoint>
            <Time>2026-04-13T01:30:43.000Z</Time>
            <Position>
              <LatitudeDegrees>-41.659060567617416</LatitudeDegrees>
              <LongitudeDegrees>145.9515458252281</LongitudeDegrees>
            </Position>
            <AltitudeMeters>1573.199951171875</AltitudeMeters>
            <DistanceMeters>2996.5</DistanceMeters>
            <Extensions>
              <ns3:TPX>
                <ns3:Speed>0.4000000059604645</ns3:Speed>
              </ns3:TPX>
            </Extensions>
          </Trackpoint>
          <Trackpoint>
            <Time>2026-04-13T01:30:56.000Z</Time>
            <Position>
              <LatitudeDegrees>-41.65906417183578</LatitudeDegrees>
              <LongitudeDegrees>145.95154624432325</LongitudeDegrees>
            </Position>
            <AltitudeMeters>1573.800048828125</AltitudeMeters>
            <DistanceMeters>2996.89990234375</DistanceMeters>
            <Extensions>
              <ns3:TPX>
                <ns3:Speed>0.44999998807907104</ns3:Speed>
              </ns3:TPX>
            </Extensions>
          </Trackpoint>
          <Trackpoint>
            <Time>2026-04-13T01:31:11.000Z</Time>
            <Position>
              <LatitudeDegrees>-41.65911538526416</LatitudeDegrees>
              <LongitudeDegrees>145.95149519853294</LongitudeDegrees>
            </Position>
            <AltitudeMeters>1574.199951171875</AltitudeMeters>
            <DistanceMeters>3004.070068359375</DistanceMeters>
            <Extensions>
              <ns3:TPX>
                <ns3:Speed>0.5799999833106995</ns3:Speed>
              </ns3:TPX>
            </Extensions>
          </Trackpoint>
          <Trackpoint>
            <Time>2026-04-13T01:31:26.000Z</Time>
            <Position>
              <LatitudeDegrees>-41.65918679907918</LatitudeDegrees>
              <LongitudeDegrees>145.95152478665113</LongitudeDegrees>
            </Position>
            <AltitudeMeters>1575.5999755859375</AltitudeMeters>
            <DistanceMeters>3012.47998046875</DistanceMeters>
            <Extensions>
              <ns3:TPX>
                <ns3:Speed>1.0299999713897705</ns3:Speed>
              </ns3:TPX>
            </Extensions>
          </Trackpoint>
          <Trackpoint>
            <Time>2026-04-13T01:31:38.000Z</Time>
            <Position>
              <LatitudeDegrees>-41.65923306718469</LatitudeDegrees>
              <LongitudeDegrees>145.9515881538391</LongitudeDegrees>
            </Position>
            <AltitudeMeters>1576.4000244140625</AltitudeMeters>
            <DistanceMeters>3019.909912109375</DistanceMeters>
            <Extensions>
              <ns3:TPX>
                <ns3:Speed>0.3499999940395355</ns3:Speed>
              </ns3:TPX>
            </Extensions>
          </Trackpoint>
          <Trackpoint>
            <Time>2026-04-13T01:31:52.000Z</Time>
            <Position>
              <LatitudeDegrees>-41.659313617274165</LatitudeDegrees>
              <LongitudeDegrees>145.95162293873727</LongitudeDegrees>
            </Position>
            <AltitudeMeters>1578.0</AltitudeMeters>
            <DistanceMeters>3029.429931640625</DistanceMeters>
            <Extensions>
              <ns3:TPX>
                <ns3:Speed>0.550000011920929</ns3:Speed>
              </ns3:TPX>
            </Extensions>
          </Trackpoint>
          <Trackpoint>
            <Time>2026-04-13T01:32:09.000Z</Time>
            <Position>
              <LatitudeDegrees>-41.659422079101205</LatitudeDegrees>
              <LongitudeDegrees>145.951630147174</LongitudeDegrees>
            </Position>
            <AltitudeMeters>1579.800048828125</AltitudeMeters>
            <DistanceMeters>3041.64990234375</DistanceMeters>
            <Extensions>
              <ns3:TPX>
                <ns3:Speed>0.9700000286102295</ns3:Speed>
              </ns3:TPX>
            </Extensions>
          </Trackpoint>
          <Trackpoint>
            <Time>2026-04-13T01:32:18.000Z</Time>
            <Position>
              <LatitudeDegrees>-41.65945996530354</LatitudeDegrees>
              <LongitudeDegrees>145.95164146274328</LongitudeDegrees>
            </Position>
            <AltitudeMeters>1582.800048828125</AltitudeMeters>
            <DistanceMeters>3046.02001953125</DistanceMeters>
            <Extensions>
              <ns3:TPX>
                <ns3:Speed>0.4300000071525574</ns3:Speed>
              </ns3:TPX>
            </Extensions>
          </Trackpoint>
          <Trackpoint>
            <Time>2026-04-13T01:32:30.000Z</Time>
            <Position>
              <LatitudeDegrees>-41.65947329252958</LatitudeDegrees>
              <LongitudeDegrees>145.95167784020305</LongitudeDegrees>
            </Position>
            <AltitudeMeters>1585.199951171875</AltitudeMeters>
            <DistanceMeters>3049.419921875</DistanceMeters>
            <Extensions>
              <ns3:TPX>
                <ns3:Speed>0.4099999964237213</ns3:Speed>
              </ns3:TPX>
            </Extensions>
          </Trackpoint>
          <Trackpoint>
            <Time>2026-04-13T01:32:43.000Z</Time>
            <Position>
              <LatitudeDegrees>-41.65949718095362</LatitudeDegrees>
              <LongitudeDegrees>145.95173022709787</LongitudeDegrees>
            </Position>
            <AltitudeMeters>1588.199951171875</AltitudeMeters>
            <DistanceMeters>3054.56005859375</DistanceMeters>
            <Extensions>
              <ns3:TPX>
                <ns3:Speed>0.5799999833106995</ns3:Speed>
              </ns3:TPX>
            </Extensions>
          </Trackpoint>
          <Trackpoint>
            <Time>2026-04-13T01:32:54.000Z</Time>
            <Position>
              <LatitudeDegrees>-41.65958737023175</LatitudeDegrees>
              <LongitudeDegrees>145.9517355915159</LongitudeDegrees>
            </Position>
            <AltitudeMeters>1588.4000244140625</AltitudeMeters>
            <DistanceMeters>3064.719970703125</DistanceMeters>
            <Extensions>
              <ns3:TPX>
                <ns3:Speed>1.190000057220459</ns3:Speed>
              </ns3:TPX>
            </Extensions>
          </Trackpoint>
          <Trackpoint>
            <Time>2026-04-13T01:33:04.000Z</Time>
            <Position>
              <LatitudeDegrees>-41.65964939631522</LatitudeDegrees>
              <LongitudeDegrees>145.95178906805813</LongitudeDegrees>
            </Position>
            <AltitudeMeters>1591.4000244140625</AltitudeMeters>
            <DistanceMeters>3073.010009765625</DistanceMeters>
            <Extensions>
              <ns3:TPX>
                <ns3:Speed>0.5799999833106995</ns3:Speed>
              </ns3:TPX>
            </Extensions>
          </Trackpoint>
          <Trackpoint>
            <Time>2026-04-13T01:33:10.000Z</Time>
            <Position>
              <LatitudeDegrees>-41.65965828113258</LatitudeDegrees>
              <LongitudeDegrees>145.95183458179235</LongitudeDegrees>
            </Position>
            <AltitudeMeters>1592.800048828125</AltitudeMeters>
            <DistanceMeters>3076.9599609375</DistanceMeters>
            <Extensions>
              <ns3:TPX>
                <ns3:Speed>1.1100000143051147</ns3:Speed>
              </ns3:TPX>
            </Extensions>
          </Trackpoint>
          <Trackpoint>
            <Time>2026-04-13T01:33:20.000Z</Time>
            <Position>
              <LatitudeDegrees>-41.65972089394927</LatitudeDegrees>
              <LongitudeDegrees>145.95187984406948</LongitudeDegrees>
            </Position>
            <AltitudeMeters>1594.4000244140625</AltitudeMeters>
            <DistanceMeters>3084.9599609375</DistanceMeters>
            <Extensions>
              <ns3:TPX>
                <ns3:Speed>0.7699999809265137</ns3:Speed>
              </ns3:TPX>
            </Extensions>
          </Trackpoint>
          <Trackpoint>
            <Time>2026-04-13T01:33:32.000Z</Time>
            <Position>
              <LatitudeDegrees>-41.65977613069117</LatitudeDegrees>
              <LongitudeDegrees>145.95194497145712</LongitudeDegrees>
            </Position>
            <AltitudeMeters>1595.199951171875</AltitudeMeters>
            <DistanceMeters>3093.219970703125</DistanceMeters>
            <Extensions>
              <ns3:TPX>
                <ns3:Speed>0.8600000143051147</ns3:Speed>
              </ns3:TPX>
            </Extensions>
          </Trackpoint>
          <Trackpoint>
            <Time>2026-04-13T01:33:46.000Z</Time>
            <Position>
              <LatitudeDegrees>-41.65980546735227</LatitudeDegrees>
              <LongitudeDegrees>145.95198947936296</LongitudeDegrees>
            </Position>
            <AltitudeMeters>1597.0</AltitudeMeters>
            <DistanceMeters>3098.199951171875</DistanceMeters>
            <Extensions>
              <ns3:TPX>
                <ns3:Speed>0.0</ns3:Speed>
              </ns3:TPX>
            </Extensions>
          </Trackpoint>
          <Trackpoint>
            <Time>2026-04-13T01:33:57.000Z</Time>
            <Position>
              <LatitudeDegrees>-41.65984394028783</LatitudeDegrees>
              <LongitudeDegrees>145.95199886709452</LongitudeDegrees>
            </Position>
            <AltitudeMeters>1596.5999755859375</AltitudeMeters>
            <DistanceMeters>3102.60009765625</DistanceMeters>
            <Extensions>
              <ns3:TPX>
                <ns3:Speed>0.6299999952316284</ns3:Speed>
              </ns3:TPX>
            </Extensions>
          </Trackpoint>
          <Trackpoint>
            <Time>2026-04-13T01:34:11.000Z</Time>
            <Position>
              <LatitudeDegrees>-41.65987813845277</LatitudeDegrees>
              <LongitudeDegrees>145.9520553611219</LongitudeDegrees>
            </Position>
            <AltitudeMeters>1598.4000244140625</AltitudeMeters>
            <DistanceMeters>3108.68994140625</DistanceMeters>
            <Extensions>
              <ns3:TPX>
                <ns3:Speed>0.6399999856948853</ns3:Speed>
              </ns3:TPX>
            </Extensions>
          </Trackpoint>
          <Trackpoint>
            <Time>2026-04-13T01:34:24.000Z</Time>
            <Position>
              <LatitudeDegrees>-41.6599387396127</LatitudeDegrees>
              <LongitudeDegrees>145.95209249295294</LongitudeDegrees>
            </Position>
            <AltitudeMeters>1600.0</AltitudeMeters>
            <DistanceMeters>3116.18994140625</DistanceMeters>
            <Extensions>
              <ns3:TPX>
                <ns3:Speed>0.5799999833106995</ns3:Speed>
              </ns3:TPX>
            </Extensions>
          </Trackpoint>
          <Trackpoint>
            <Time>2026-04-13T01:34:39.000Z</Time>
            <Position>
              <LatitudeDegrees>-41.65996816009283</LatitudeDegrees>
              <LongitudeDegrees>145.9521087538451</LongitudeDegrees>
            </Position>
            <AltitudeMeters>1601.5999755859375</AltitudeMeters>
            <DistanceMeters>3119.760009765625</DistanceMeters>
            <Extensions>
              <ns3:TPX>
                <ns3:Speed>0.1599999964237213</ns3:Speed>
              </ns3:TPX>
            </Extensions>
          </Trackpoint>
          <Trackpoint>
            <Time>2026-04-13T01:34:52.000Z</Time>
            <Position>
              <LatitudeDegrees>-41.65997436270118</LatitudeDegrees>
              <LongitudeDegrees>145.952161392197</LongitudeDegrees>
            </Position>
            <AltitudeMeters>1602.199951171875</AltitudeMeters>
            <DistanceMeters>3124.22998046875</DistanceMeters>
            <Extensions>
              <ns3:TPX>
                <ns3:Speed>0.3700000047683716</ns3:Speed>
              </ns3:TPX>
            </Extensions>
          </Trackpoint>
          <Trackpoint>
            <Time>2026-04-13T01:35:07.000Z</Time>
            <Position>
              <LatitudeDegrees>-41.66005013510585</LatitudeDegrees>
              <LongitudeDegrees>145.95221637748182</LongitudeDegrees>
            </Position>
            <AltitudeMeters>1605.199951171875</AltitudeMeters>
            <DistanceMeters>3133.919921875</DistanceMeters>
            <Extensions>
              <ns3:TPX>
                <ns3:Speed>0.5699999928474426</ns3:Speed>
              </ns3:TPX>
            </Extensions>
          </Trackpoint>
          <Trackpoint>
            <Time>2026-04-13T01:35:12.000Z</Time>
            <Position>
              <LatitudeDegrees>-41.660072933882475</LatitudeDegrees>
              <LongitudeDegrees>145.95223188400269</LongitudeDegrees>
            </Position>
            <AltitudeMeters>1608.199951171875</AltitudeMeters>
            <DistanceMeters>3136.81005859375</DistanceMeters>
            <Extensions>
              <ns3:TPX>
                <ns3:Speed>0.699999988079071</ns3:Speed>
              </ns3:TPX>
            </Extensions>
          </Trackpoint>
          <Trackpoint>
            <Time>2026-04-13T01:35:21.000Z</Time>
            <Position>
              <LatitudeDegrees>-41.66012741625309</LatitudeDegrees>
              <LongitudeDegrees>145.95228728838265</LongitudeDegrees>
            </Position>
            <AltitudeMeters>1611.4000244140625</AltitudeMeters>
            <DistanceMeters>3144.5</DistanceMeters>
            <Extensions>
              <ns3:TPX>
                <ns3:Speed>0.5899999737739563</ns3:Speed>
              </ns3:TPX>
            </Extensions>
          </Trackpoint>
          <Trackpoint>
            <Time>2026-04-13T01:35:35.000Z</Time>
            <Position>
              <LatitudeDegrees>-41.660206289961934</LatitudeDegrees>
              <LongitudeDegrees>145.95236322842538</LongitudeDegrees>
            </Position>
            <AltitudeMeters>1613.5999755859375</AltitudeMeters>
            <DistanceMeters>3155.409912109375</DistanceMeters>
            <Extensions>
              <ns3:TPX>
                <ns3:Speed>0.8299999833106995</ns3:Speed>
              </ns3:TPX>
            </Extensions>
          </Trackpoint>
          <Trackpoint>
            <Time>2026-04-13T01:35:49.000Z</Time>
            <Position>
              <LatitudeDegrees>-41.660297233611345</LatitudeDegrees>
              <LongitudeDegrees>145.95241804607213</LongitudeDegrees>
            </Position>
            <AltitudeMeters>1615.0</AltitudeMeters>
            <DistanceMeters>3166.6298828125</DistanceMeters>
            <Extensions>
              <ns3:TPX>
                <ns3:Speed>0.9300000071525574</ns3:Speed>
              </ns3:TPX>
            </Extensions>
          </Trackpoint>
          <Trackpoint>
            <Time>2026-04-13T01:35:55.000Z</Time>
            <Position>
              <LatitudeDegrees>-41.66034182533622</LatitudeDegrees>
              <LongitudeDegrees>145.95246062614024</LongitudeDegrees>
            </Position>
            <AltitudeMeters>1614.800048828125</AltitudeMeters>
            <DistanceMeters>3172.7900390625</DistanceMeters>
            <Extensions>
              <ns3:TPX>
                <ns3:Speed>1.1299999952316284</ns3:Speed>
              </ns3:TPX>
            </Extensions>
          </Trackpoint>
          <Trackpoint>
            <Time>2026-04-13T01:36:04.000Z</Time>
            <Position>
              <LatitudeDegrees>-41.660387674346566</LatitudeDegrees>
              <LongitudeDegrees>145.9525350574404</LongitudeDegrees>
            </Position>
            <AltitudeMeters>1615.4000244140625</AltitudeMeters>
            <DistanceMeters>3180.8798828125</DistanceMeters>
            <Extensions>
              <ns3:TPX>
                <ns3:Speed>0.9399999976158142</ns3:Speed>
              </ns3:TPX>
            </Extensions>
          </Trackpoint>
          <Trackpoint>
            <Time>2026-04-13T01:36:05.000Z</Time>
            <Position>
              <LatitudeDegrees>-41.660391530022025</LatitudeDegrees>
              <LongitudeDegrees>145.95255006104708</LongitudeDegrees>
            </Position>
            <AltitudeMeters>1615.800048828125</AltitudeMeters>
            <DistanceMeters>3182.2099609375</DistanceMeters>
            <Extensions>
              <ns3:TPX>
                <ns3:Speed>1.350000023841858</ns3:Speed>
              </ns3:TPX>
            </Extensions>
          </Trackpoint>
          <Trackpoint>
            <Time>2026-04-13T01:36:15.000Z</Time>
            <Position>
              <LatitudeDegrees>-41.6604292485863</LatitudeDegrees>
              <LongitudeDegrees>145.95266765914857</LongitudeDegrees>
            </Position>
            <AltitudeMeters>1619.0</AltitudeMeters>
            <DistanceMeters>3192.929931640625</DistanceMeters>
            <Extensions>
              <ns3:TPX>
                <ns3:Speed>0.8799999952316284</ns3:Speed>
              </ns3:TPX>
            </Extensions>
          </Trackpoint>
          <Trackpoint>
            <Time>2026-04-13T01:36:23.000Z</Time>
            <Position>
              <LatitudeDegrees>-41.66044634766877</LatitudeDegrees>
              <LongitudeDegrees>145.95276245847344</LongitudeDegrees>
            </Position>
            <AltitudeMeters>1620.800048828125</AltitudeMeters>
            <DistanceMeters>3201.110107421875</DistanceMeters>
            <Extensions>
              <ns3:TPX>
                <ns3:Speed>1.25</ns3:Speed>
              </ns3:TPX>
            </Extensions>
          </Trackpoint>
          <Trackpoint>
            <Time>2026-04-13T01:36:33.000Z</Time>
            <Position>
              <LatitudeDegrees>-41.660510385409</LatitudeDegrees>
              <LongitudeDegrees>145.95282146707177</LongitudeDegrees>
            </Position>
            <AltitudeMeters>1621.199951171875</AltitudeMeters>
            <DistanceMeters>3209.840087890625</DistanceMeters>
            <Extensions>
              <ns3:TPX>
                <ns3:Speed>0.7300000190734863</ns3:Speed>
              </ns3:TPX>
            </Extensions>
          </Trackpoint>
          <Trackpoint>
            <Time>2026-04-13T01:36:44.000Z</Time>
            <Position>
              <LatitudeDegrees>-41.660497561097145</LatitudeDegrees>
              <LongitudeDegrees>145.95285767689347</LongitudeDegrees>
            </Position>
            <AltitudeMeters>1621.5999755859375</AltitudeMeters>
            <DistanceMeters>3213.199951171875</DistanceMeters>
            <Extensions>
              <ns3:TPX>
                <ns3:Speed>0.49000000953674316</ns3:Speed>
              </ns3:TPX>
            </Extensions>
          </Trackpoint>
          <Trackpoint>
            <Time>2026-04-13T01:37:01.000Z</Time>
            <Position>
              <LatitudeDegrees>-41.66048817336559</LatitudeDegrees>
              <LongitudeDegrees>145.9528630413115</LongitudeDegrees>
            </Position>
            <AltitudeMeters>1622.199951171875</AltitudeMeters>
            <DistanceMeters>3214.35009765625</DistanceMeters>
            <Extensions>
              <ns3:TPX>
                <ns3:Speed>0.8500000238418579</ns3:Speed>
              </ns3:TPX>
            </Extensions>
          </Trackpoint>
          <Trackpoint>
            <Time>2026-04-13T01:37:14.000Z</Time>
            <Position>
              <LatitudeDegrees>-41.6604498680681</LatitudeDegrees>
              <LongitudeDegrees>145.95288349315524</LongitudeDegrees>
            </Position>
            <AltitudeMeters>1620.199951171875</AltitudeMeters>
            <DistanceMeters>3219.0</DistanceMeters>
            <Extensions>
              <ns3:TPX>
                <ns3:Speed>0.0</ns3:Speed>
              </ns3:TPX>
            </Extensions>
          </Trackpoint>
          <Trackpoint>
            <Time>2026-04-13T01:37:45.000Z</Time>
            <Position>
              <LatitudeDegrees>-41.660447772592306</LatitudeDegrees>
              <LongitudeDegrees>145.9528815653175</LongitudeDegrees>
            </Position>
            <AltitudeMeters>1619.0</AltitudeMeters>
            <DistanceMeters>3219.2900390625</DistanceMeters>
            <Extensions>
              <ns3:TPX>
                <ns3:Speed>0.0</ns3:Speed>
              </ns3:TPX>
            </Extensions>
          </Trackpoint>
          <Trackpoint>
            <Time>2026-04-13T01:38:21.000Z</Time>
            <Position>
              <LatitudeDegrees>-41.66042455472052</LatitudeDegrees>
              <LongitudeDegrees>145.95284627750516</LongitudeDegrees>
            </Position>
            <AltitudeMeters>1618.5999755859375</AltitudeMeters>
            <DistanceMeters>3223.239990234375</DistanceMeters>
            <Extensions>
              <ns3:TPX>
                <ns3:Speed>0.17000000178813934</ns3:Speed>
              </ns3:TPX>
            </Extensions>
          </Trackpoint>
          <Trackpoint>
            <Time>2026-04-13T01:38:42.000Z</Time>
            <Position>
              <LatitudeDegrees>-41.66041575372219</LatitudeDegrees>
              <LongitudeDegrees>145.95284518785775</LongitudeDegrees>
            </Position>
            <AltitudeMeters>1617.199951171875</AltitudeMeters>
            <DistanceMeters>3224.239990234375</DistanceMeters>
            <Extensions>
              <ns3:TPX>
                <ns3:Speed>0.0</ns3:Speed>
              </ns3:TPX>
            </Extensions>
          </Trackpoint>
          <Trackpoint>
            <Time>2026-04-13T01:39:16.000Z</Time>
            <Position>
              <LatitudeDegrees>-41.660415921360254</LatitudeDegrees>
              <LongitudeDegrees>145.95284787006676</LongitudeDegrees>
            </Position>
            <AltitudeMeters>1617.5999755859375</AltitudeMeters>
            <DistanceMeters>3224.469970703125</DistanceMeters>
            <Extensions>
              <ns3:TPX>
                <ns3:Speed>0.0</ns3:Speed>
              </ns3:TPX>
            </Extensions>
          </Trackpoint>
          <Trackpoint>
            <Time>2026-04-13T01:39:52.000Z</Time>
            <Position>
              <LatitudeDegrees>-41.66041759774089</LatitudeDegrees>
              <LongitudeDegrees>145.95284812152386</LongitudeDegrees>
            </Position>
            <AltitudeMeters>1619.199951171875</AltitudeMeters>
            <DistanceMeters>3224.659912109375</DistanceMeters>
            <Extensions>
              <ns3:TPX>
                <ns3:Speed>0.0</ns3:Speed>
              </ns3:TPX>
            </Extensions>
          </Trackpoint>
          <Trackpoint>
            <Time>2026-04-13T01:40:28.000Z</Time>
            <Position>
              <LatitudeDegrees>-41.6604170948267</LatitudeDegrees>
              <LongitudeDegrees>145.95284443348646</LongitudeDegrees>
            </Position>
            <AltitudeMeters>1620.0</AltitudeMeters>
            <DistanceMeters>3224.969970703125</DistanceMeters>
            <Extensions>
              <ns3:TPX>
                <ns3:Speed>0.0</ns3:Speed>
              </ns3:TPX>
            </Extensions>
          </Trackpoint>
          <Trackpoint>
            <Time>2026-04-13T01:41:05.000Z</Time>
            <Position>
              <LatitudeDegrees>-41.66042145341635</LatitudeDegrees>
              <LongitudeDegrees>145.95283705741167</LongitudeDegrees>
            </Position>
            <AltitudeMeters>1620.4000244140625</AltitudeMeters>
            <DistanceMeters>3225.760009765625</DistanceMeters>
            <Extensions>
              <ns3:TPX>
                <ns3:Speed>0.0</ns3:Speed>
              </ns3:TPX>
            </Extensions>
          </Trackpoint>
          <Trackpoint>
            <Time>2026-04-13T01:41:34.000Z</Time>
            <Position>
              <LatitudeDegrees>-41.660423716530204</LatitudeDegrees>
              <LongitudeDegrees>145.95283621922135</LongitudeDegrees>
            </Position>
            <AltitudeMeters>1619.800048828125</AltitudeMeters>
            <DistanceMeters>3226.02001953125</DistanceMeters>
            <Extensions>
              <ns3:TPX>
                <ns3:Speed>0.0</ns3:Speed>
              </ns3:TPX>
            </Extensions>
          </Trackpoint>
          <Trackpoint>
            <Time>2026-04-13T01:42:02.000Z</Time>
            <Position>
              <LatitudeDegrees>-41.660418855026364</LatitudeDegrees>
              <LongitudeDegrees>145.95282993279397</LongitudeDegrees>
            </Position>
            <AltitudeMeters>1620.199951171875</AltitudeMeters>
            <DistanceMeters>3226.77001953125</DistanceMeters>
            <Extensions>
              <ns3:TPX>
                <ns3:Speed>0.0</ns3:Speed>
              </ns3:TPX>
            </Extensions>
          </Trackpoint>
          <Trackpoint>
            <Time>2026-04-13T01:42:26.000Z</Time>
            <Position>
              <LatitudeDegrees>-41.660425225272775</LatitudeDegrees>
              <LongitudeDegrees>145.9528268314898</LongitudeDegrees>
            </Position>
            <AltitudeMeters>1620.199951171875</AltitudeMeters>
            <DistanceMeters>3227.530029296875</DistanceMeters>
            <Extensions>
              <ns3:TPX>
                <ns3:Speed>0.0</ns3:Speed>
              </ns3:TPX>
            </Extensions>
          </Trackpoint>
          <Trackpoint>
            <Time>2026-04-13T01:43:02.000Z</Time>
            <Position>
              <LatitudeDegrees>-41.6604255605489</LatitudeDegrees>
              <LongitudeDegrees>145.95282322727144</LongitudeDegrees>
            </Position>
            <AltitudeMeters>1620.199951171875</AltitudeMeters>
            <DistanceMeters>3227.830078125</DistanceMeters>
            <Extensions>
              <ns3:TPX>
                <ns3:Speed>0.0</ns3:Speed>
              </ns3:TPX>
            </Extensions>
          </Trackpoint>
          <Trackpoint>
            <Time>2026-04-13T01:43:34.000Z</Time>
            <Position>
              <LatitudeDegrees>-41.66042455472052</LatitudeDegrees>
              <LongitudeDegrees>145.95282062888145</LongitudeDegrees>
            </Position>
            <AltitudeMeters>1621.199951171875</AltitudeMeters>
            <DistanceMeters>3228.070068359375</DistanceMeters>
            <Extensions>
              <ns3:TPX>
                <ns3:Speed>0.0</ns3:Speed>
              </ns3:TPX>
            </Extensions>
          </Trackpoint>
          <Trackpoint>
            <Time>2026-04-13T01:44:10.000Z</Time>
            <Position>
              <LatitudeDegrees>-41.66042807511985</LatitudeDegrees>
              <LongitudeDegrees>145.952824736014</LongitudeDegrees>
            </Position>
            <AltitudeMeters>1621.5999755859375</AltitudeMeters>
            <DistanceMeters>3228.590087890625</DistanceMeters>
            <Extensions>
              <ns3:TPX>
                <ns3:Speed>0.12999999523162842</ns3:Speed>
              </ns3:TPX>
            </Extensions>
          </Trackpoint>
          <Trackpoint>
            <Time>2026-04-13T01:44:27.000Z</Time>
            <Position>
              <LatitudeDegrees>-41.66042757220566</LatitudeDegrees>
              <LongitudeDegrees>145.95282062888145</LongitudeDegrees>
            </Position>
            <AltitudeMeters>1621.0</AltitudeMeters>
            <DistanceMeters>3228.93994140625</DistanceMeters>
            <Extensions>
              <ns3:TPX>
                <ns3:Speed>0.0</ns3:Speed>
              </ns3:TPX>
            </Extensions>
          </Trackpoint>
          <Trackpoint>
            <Time>2026-04-13T01:44:48.000Z</Time>
            <Position>
              <LatitudeDegrees>-41.66042497381568</LatitudeDegrees>
              <LongitudeDegrees>145.9528160188347</LongitudeDegrees>
            </Position>
            <AltitudeMeters>1621.800048828125</AltitudeMeters>
            <DistanceMeters>3229.419921875</DistanceMeters>
            <Extensions>
              <ns3:TPX>
                <ns3:Speed>0.0</ns3:Speed>
              </ns3:TPX>
            </Extensions>
          </Trackpoint>
          <Trackpoint>
            <Time>2026-04-13T01:45:27.000Z</Time>
            <Position>
              <LatitudeDegrees>-41.66042287833989</LatitudeDegrees>
              <LongitudeDegrees>145.9528048709035</LongitudeDegrees>
            </Position>
            <AltitudeMeters>1622.199951171875</AltitudeMeters>
            <DistanceMeters>3230.3798828125</DistanceMeters>
            <Extensions>
              <ns3:TPX>
                <ns3:Speed>0.0</ns3:Speed>
              </ns3:TPX>
            </Extensions>
          </Trackpoint>
          <Trackpoint>
            <Time>2026-04-13T01:45:54.000Z</Time>
            <Position>
              <LatitudeDegrees>-41.66041625663638</LatitudeDegrees>
              <LongitudeDegrees>145.95280369743705</LongitudeDegrees>
            </Position>
            <AltitudeMeters>1623.800048828125</AltitudeMeters>
            <DistanceMeters>3231.1298828125</DistanceMeters>
            <Extensions>
              <ns3:TPX>
                <ns3:Speed>0.12999999523162842</ns3:Speed>
              </ns3:TPX>
            </Extensions>
          </Trackpoint>
          <Trackpoint>
            <Time>2026-04-13T01:46:25.000Z</Time>
            <Position>
              <LatitudeDegrees>-41.66041483171284</LatitudeDegrees>
              <LongitudeDegrees>145.9528064634651</LongitudeDegrees>
            </Position>
            <AltitudeMeters>1623.5999755859375</AltitudeMeters>
            <DistanceMeters>3231.419921875</DistanceMeters>
            <Extensions>
              <ns3:TPX>
                <ns3:Speed>0.0</ns3:Speed>
              </ns3:TPX>
            </Extensions>
          </Trackpoint>
          <Trackpoint>
            <Time>2026-04-13T01:46:52.000Z</Time>
            <Position>
              <LatitudeDegrees>-41.660418435931206</LatitudeDegrees>
              <LongitudeDegrees>145.95279917120934</LongitudeDegrees>
            </Position>
            <AltitudeMeters>1622.5999755859375</AltitudeMeters>
            <DistanceMeters>3232.14990234375</DistanceMeters>
            <Extensions>
              <ns3:TPX>
                <ns3:Speed>0.0</ns3:Speed>
              </ns3:TPX>
            </Extensions>
          </Trackpoint>
          <Trackpoint>
            <Time>2026-04-13T01:47:18.000Z</Time>
            <Position>
              <LatitudeDegrees>-41.660415418446064</LatitudeDegrees>
              <LongitudeDegrees>145.95280503854156</LongitudeDegrees>
            </Position>
            <AltitudeMeters>1623.199951171875</AltitudeMeters>
            <DistanceMeters>3232.75</DistanceMeters>
            <Extensions>
              <ns3:TPX>
                <ns3:Speed>0.0</ns3:Speed>
              </ns3:TPX>
            </Extensions>
          </Trackpoint>
          <Trackpoint>
            <Time>2026-04-13T01:48:16.000Z</Time>
            <Position>
              <LatitudeDegrees>-41.660415418446064</LatitudeDegrees>
              <LongitudeDegrees>145.95280981622636</LongitudeDegrees>
            </Position>
            <AltitudeMeters>1623.199951171875</AltitudeMeters>
            <DistanceMeters>3233.159912109375</DistanceMeters>
            <Extensions>
              <ns3:TPX>
                <ns3:Speed>0.0</ns3:Speed>
              </ns3:TPX>
            </Extensions>
          </Trackpoint>
          <Trackpoint>
            <Time>2026-04-13T01:49:01.000Z</Time>
            <Position>
              <LatitudeDegrees>-41.66041374206543</LatitudeDegrees>
              <LongitudeDegrees>145.95281316898763</LongitudeDegrees>
            </Position>
            <AltitudeMeters>1624.5999755859375</AltitudeMeters>
            <DistanceMeters>3233.5</DistanceMeters>
            <Extensions>
              <ns3:TPX>
                <ns3:Speed>0.0</ns3:Speed>
              </ns3:TPX>
            </Extensions>
          </Trackpoint>
          <Trackpoint>
            <Time>2026-04-13T01:49:37.000Z</Time>
            <Position>
              <LatitudeDegrees>-41.66039756499231</LatitudeDegrees>
              <LongitudeDegrees>145.95281568355858</LongitudeDegrees>
            </Position>
            <AltitudeMeters>1624.5999755859375</AltitudeMeters>
            <DistanceMeters>3235.340087890625</DistanceMeters>
            <Extensions>
              <ns3:TPX>
                <ns3:Speed>0.0</ns3:Speed>
              </ns3:TPX>
            </Extensions>
          </Trackpoint>
          <Trackpoint>
            <Time>2026-04-13T01:50:40.000Z</Time>
            <Position>
              <LatitudeDegrees>-41.660396391525865</LatitudeDegrees>
              <LongitudeDegrees>145.95282247290015</LongitudeDegrees>
            </Position>
            <AltitudeMeters>1625.5999755859375</AltitudeMeters>
            <DistanceMeters>3235.929931640625</DistanceMeters>
            <Extensions>
              <ns3:TPX>
                <ns3:Speed>0.0</ns3:Speed>
              </ns3:TPX>
            </Extensions>
          </Trackpoint>
          <Trackpoint>
            <Time>2026-04-13T01:53:21.000Z</Time>
            <Position>
              <LatitudeDegrees>-41.66034727357328</LatitudeDegrees>
              <LongitudeDegrees>145.95279045403004</LongitudeDegrees>
            </Position>
            <AltitudeMeters>1626.800048828125</AltitudeMeters>
            <DistanceMeters>3242.080078125</DistanceMeters>
            <Extensions>
              <ns3:TPX>
                <ns3:Speed>0.550000011920929</ns3:Speed>
              </ns3:TPX>
            </Extensions>
          </Trackpoint>
          <Trackpoint>
            <Time>2026-04-13T01:53:38.000Z</Time>
            <Position>
              <LatitudeDegrees>-41.660352386534214</LatitudeDegrees>
              <LongitudeDegrees>145.95280813984573</LongitudeDegrees>
            </Position>
            <AltitudeMeters>1627.4000244140625</AltitudeMeters>
            <DistanceMeters>3243.659912109375</DistanceMeters>
            <Extensions>
              <ns3:TPX>
                <ns3:Speed>0.3199999928474426</ns3:Speed>
              </ns3:TPX>
            </Extensions>
          </Trackpoint>
          <Trackpoint>
            <Time>2026-04-13T01:53:56.000Z</Time>
            <Position>
              <LatitudeDegrees>-41.66039429605007</LatitudeDegrees>
              <LongitudeDegrees>145.95288491807878</LongitudeDegrees>
            </Position>
            <AltitudeMeters>1627.0</AltitudeMeters>
            <DistanceMeters>3251.6298828125</DistanceMeters>
            <Extensions>
              <ns3:TPX>
                <ns3:Speed>0.5199999809265137</ns3:Speed>
              </ns3:TPX>
            </Extensions>
          </Trackpoint>
          <Trackpoint>
            <Time>2026-04-13T01:54:08.000Z</Time>
            <Position>
              <LatitudeDegrees>-41.660369988530874</LatitudeDegrees>
              <LongitudeDegrees>145.95287268050015</LongitudeDegrees>
            </Position>
            <AltitudeMeters>1625.5999755859375</AltitudeMeters>
            <DistanceMeters>3254.56005859375</DistanceMeters>
            <Extensions>
              <ns3:TPX>
                <ns3:Speed>0.20000000298023224</ns3:Speed>
              </ns3:TPX>
            </Extensions>
          </Trackpoint>
          <Trackpoint>
            <Time>2026-04-13T01:54:28.000Z</Time>
            <Position>
              <LatitudeDegrees>-41.66036596521735</LatitudeDegrees>
              <LongitudeDegrees>145.95286748372018</LongitudeDegrees>
            </Position>
            <AltitudeMeters>1627.0</AltitudeMeters>
            <DistanceMeters>3255.18994140625</DistanceMeters>
            <Extensions>
              <ns3:TPX>
                <ns3:Speed>0.0</ns3:Speed>
              </ns3:TPX>
            </Extensions>
          </Trackpoint>
          <Trackpoint>
            <Time>2026-04-13T01:54:42.000Z</Time>
            <Position>
              <LatitudeDegrees>-41.66037409566343</LatitudeDegrees>
              <LongitudeDegrees>145.9528678189963</LongitudeDegrees>
            </Position>
            <AltitudeMeters>1628.4000244140625</AltitudeMeters>
            <DistanceMeters>3256.10009765625</DistanceMeters>
            <Extensions>
              <ns3:TPX>
                <ns3:Speed>0.0</ns3:Speed>
              </ns3:TPX>
            </Extensions>
          </Trackpoint>
          <Trackpoint>
            <Time>2026-04-13T01:55:23.000Z</Time>
            <Position>
              <LatitudeDegrees>-41.66038205847144</LatitudeDegrees>
              <LongitudeDegrees>145.95286186784506</LongitudeDegrees>
            </Position>
            <AltitudeMeters>1629.5999755859375</AltitudeMeters>
            <DistanceMeters>3257.1298828125</DistanceMeters>
            <Extensions>
              <ns3:TPX>
                <ns3:Speed>0.0</ns3:Speed>
              </ns3:TPX>
            </Extensions>
          </Trackpoint>
          <Trackpoint>
            <Time>2026-04-13T01:55:36.000Z</Time>
            <Position>
              <LatitudeDegrees>-41.66040753945708</LatitudeDegrees>
              <LongitudeDegrees>145.95278542488813</LongitudeDegrees>
            </Position>
            <AltitudeMeters>1630.199951171875</AltitudeMeters>
            <DistanceMeters>3264.1298828125</DistanceMeters>
            <Extensions>
              <ns3:TPX>
                <ns3:Speed>1.3200000524520874</ns3:Speed>
              </ns3:TPX>
            </Extensions>
          </Trackpoint>
          <Trackpoint>
            <Time>2026-04-13T01:55:49.000Z</Time>
            <Position>
              <LatitudeDegrees>-41.66041189804673</LatitudeDegrees>
              <LongitudeDegrees>145.9526306949556</LongitudeDegrees>
            </Position>
            <AltitudeMeters>1630.5999755859375</AltitudeMeters>
            <DistanceMeters>3277.080078125</DistanceMeters>
            <Extensions>
              <ns3:TPX>
                <ns3:Speed>0.9900000095367432</ns3:Speed>
              </ns3:TPX>
            </Extensions>
          </Trackpoint>
          <Trackpoint>
            <Time>2026-04-13T01:56:04.000Z</Time>
            <Position>
              <LatitudeDegrees>-41.66037426330149</LatitudeDegrees>
              <LongitudeDegrees>145.9525052178651</LongitudeDegrees>
            </Position>
            <AltitudeMeters>1629.800048828125</AltitudeMeters>
            <DistanceMeters>3288.409912109375</DistanceMeters>
            <Extensions>
              <ns3:TPX>
                <ns3:Speed>0.0</ns3:Speed>
              </ns3:TPX>
            </Extensions>
          </Trackpoint>
          <Trackpoint>
            <Time>2026-04-13T01:56:15.000Z</Time>
            <Position>
              <LatitudeDegrees>-41.66030142456293</LatitudeDegrees>
              <LongitudeDegrees>145.95243246294558</LongitudeDegrees>
            </Position>
            <AltitudeMeters>1628.5999755859375</AltitudeMeters>
            <DistanceMeters>3298.6201171875</DistanceMeters>
            <Extensions>
              <ns3:TPX>
                <ns3:Speed>1.0</ns3:Speed>
              </ns3:TPX>
            </Extensions>
          </Trackpoint>
          <Trackpoint>
            <Time>2026-04-13T01:56:21.000Z</Time>
            <Position>
              <LatitudeDegrees>-41.66027217172086</LatitudeDegrees>
              <LongitudeDegrees>145.95239264890552</LongitudeDegrees>
            </Position>
            <AltitudeMeters>1628.4000244140625</AltitudeMeters>
            <DistanceMeters>3303.300048828125</DistanceMeters>
            <Extensions>
              <ns3:TPX>
                <ns3:Speed>1.1200000047683716</ns3:Speed>
              </ns3:TPX>
            </Extensions>
          </Trackpoint>
          <Trackpoint>
            <Time>2026-04-13T01:56:34.000Z</Time>
            <Position>
              <LatitudeDegrees>-41.660197488963604</LatitudeDegrees>
              <LongitudeDegrees>145.95232727006078</LongitudeDegrees>
            </Position>
            <AltitudeMeters>1630.199951171875</AltitudeMeters>
            <DistanceMeters>3313.340087890625</DistanceMeters>
            <Extensions>
              <ns3:TPX>
                <ns3:Speed>0.6299999952316284</ns3:Speed>
              </ns3:TPX>
            </Extensions>
          </Trackpoint>
          <Trackpoint>
            <Time>2026-04-13T01:56:37.000Z</Time>
            <Position>
              <LatitudeDegrees>-41.66017435491085</LatitudeDegrees>
              <LongitudeDegrees>145.95231369137764</LongitudeDegrees>
            </Position>
            <AltitudeMeters>1631.5999755859375</AltitudeMeters>
            <DistanceMeters>3316.18994140625</DistanceMeters>
            <Extensions>
              <ns3:TPX>
                <ns3:Speed>1.100000023841858</ns3:Speed>
              </ns3:TPX>
            </Extensions>
          </Trackpoint>
          <Trackpoint>
            <Time>2026-04-13T01:56:47.000Z</Time>
            <Position>
              <LatitudeDegrees>-41.66010755114257</LatitudeDegrees>
              <LongitudeDegrees>145.95225669443607</LongitudeDegrees>
            </Position>
            <AltitudeMeters>1633.0</AltitudeMeters>
            <DistanceMeters>3325.10009765625</DistanceMeters>
            <Extensions>
              <ns3:TPX>
                <ns3:Speed>0.8700000047683716</ns3:Speed>
              </ns3:TPX>
            </Extensions>
          </Trackpoint>
          <Trackpoint>
            <Time>2026-04-13T01:56:53.000Z</Time>
            <Position>
              <LatitudeDegrees>-41.660068491473794</LatitudeDegrees>
              <LongitudeDegrees>145.952211599797</LongitudeDegrees>
            </Position>
            <AltitudeMeters>1629.800048828125</AltitudeMeters>
            <DistanceMeters>3330.889892578125</DistanceMeters>
            <Extensions>
              <ns3:TPX>
                <ns3:Speed>0.8500000238418579</ns3:Speed>
              </ns3:TPX>
            </Extensions>
          </Trackpoint>
          <Trackpoint>
            <Time>2026-04-13T01:57:00.000Z</Time>
            <Position>
              <LatitudeDegrees>-41.66003605350852</LatitudeDegrees>
              <LongitudeDegrees>145.9521658346057</LongitudeDegrees>
            </Position>
            <AltitudeMeters>1626.4000244140625</AltitudeMeters>
            <DistanceMeters>3336.18994140625</DistanceMeters>
            <Extensions>
              <ns3:TPX>
                <ns3:Speed>0.41999998688697815</ns3:Speed>
              </ns3:TPX>
            </Extensions>
          </Trackpoint>
          <Trackpoint>
            <Time>2026-04-13T01:57:06.000Z</Time>
            <Position>
              <LatitudeDegrees>-41.66000118479133</LatitudeDegrees>
              <LongitudeDegrees>145.95214454457164</LongitudeDegrees>
            </Position>
            <AltitudeMeters>1623.199951171875</AltitudeMeters>
            <DistanceMeters>3340.5</DistanceMeters>
            <Extensions>
              <ns3:TPX>
                <ns3:Speed>0.6499999761581421</ns3:Speed>
              </ns3:TPX>
            </Extensions>
          </Trackpoint>
          <Trackpoint>
            <Time>2026-04-13T01:57:08.000Z</Time>
            <Position>
              <LatitudeDegrees>-41.659986432641745</LatitudeDegrees>
              <LongitudeDegrees>145.95214119181037</LongitudeDegrees>
            </Position>
            <AltitudeMeters>1622.4000244140625</AltitudeMeters>
            <DistanceMeters>3342.18994140625</DistanceMeters>
            <Extensions>
              <ns3:TPX>
                <ns3:Speed>0.8799999952316284</ns3:Speed>
              </ns3:TPX>
            </Extensions>
          </Trackpoint>
          <Trackpoint>
            <Time>2026-04-13T01:57:17.000Z</Time>
            <Position>
              <LatitudeDegrees>-41.65997117757797</LatitudeDegrees>
              <LongitudeDegrees>145.95206189900637</LongitudeDegrees>
            </Position>
            <AltitudeMeters>1619.199951171875</AltitudeMeters>
            <DistanceMeters>3349.0400390625</DistanceMeters>
            <Extensions>
              <ns3:TPX>
                <ns3:Speed>0.6499999761581421</ns3:Speed>
              </ns3:TPX>
            </Extensions>
          </Trackpoint>
          <Trackpoint>
            <Time>2026-04-13T01:57:30.000Z</Time>
            <Position>
              <LatitudeDegrees>-41.659894566982985</LatitudeDegrees>
              <LongitudeDegrees>145.95200733281672</LongitudeDegrees>
            </Position>
            <AltitudeMeters>1616.5999755859375</AltitudeMeters>
            <DistanceMeters>3358.800048828125</DistanceMeters>
            <Extensions>
              <ns3:TPX>
                <ns3:Speed>0.9700000286102295</ns3:Speed>
              </ns3:TPX>
            </Extensions>
          </Trackpoint>
          <Trackpoint>
            <Time>2026-04-13T01:57:43.000Z</Time>
            <Position>
              <LatitudeDegrees>-41.659824242815375</LatitudeDegrees>
              <LongitudeDegrees>145.95193767920136</LongitudeDegrees>
            </Position>
            <AltitudeMeters>1614.5999755859375</AltitudeMeters>
            <DistanceMeters>3368.639892578125</DistanceMeters>
            <Extensions>
              <ns3:TPX>
                <ns3:Speed>1.100000023841858</ns3:Speed>
              </ns3:TPX>
            </Extensions>
          </Trackpoint>
          <Trackpoint>
            <Time>2026-04-13T01:57:44.000Z</Time>
            <Position>
              <LatitudeDegrees>-41.659815441817045</LatitudeDegrees>
              <LongitudeDegrees>145.951931392774</LongitudeDegrees>
            </Position>
            <AltitudeMeters>1614.800048828125</AltitudeMeters>
            <DistanceMeters>3369.77001953125</DistanceMeters>
            <Extensions>
              <ns3:TPX>
                <ns3:Speed>1.1100000143051147</ns3:Speed>
              </ns3:TPX>
            </Extensions>
          </Trackpoint>
          <Trackpoint>
            <Time>2026-04-13T01:57:45.000Z</Time>
            <Position>
              <LatitudeDegrees>-41.659805634990335</LatitudeDegrees>
              <LongitudeDegrees>145.9519253578037</LongitudeDegrees>
            </Position>
            <AltitudeMeters>1614.800048828125</AltitudeMeters>
            <DistanceMeters>3370.989990234375</DistanceMeters>
            <Extensions>
              <ns3:TPX>
                <ns3:Speed>1.1399999856948853</ns3:Speed>
              </ns3:TPX>
            </Extensions>
          </Trackpoint>
          <Trackpoint>
            <Time>2026-04-13T01:57:56.000Z</Time>
            <Position>
              <LatitudeDegrees>-41.659774454310536</LatitudeDegrees>
              <LongitudeDegrees>145.95191043801606</LongitudeDegrees>
            </Position>
            <AltitudeMeters>1612.800048828125</AltitudeMeters>
            <DistanceMeters>3374.719970703125</DistanceMeters>
            <Extensions>
              <ns3:TPX>
                <ns3:Speed>1.0</ns3:Speed>
              </ns3:TPX>
            </Extensions>
          </Trackpoint>
          <Trackpoint>
            <Time>2026-04-13T01:58:06.000Z</Time>
            <Position>
              <LatitudeDegrees>-41.659708488732576</LatitudeDegrees>
              <LongitudeDegrees>145.95183743163943</LongitudeDegrees>
            </Position>
            <AltitudeMeters>1612.199951171875</AltitudeMeters>
            <DistanceMeters>3384.330078125</DistanceMeters>
            <Extensions>
              <ns3:TPX>
                <ns3:Speed>0.7200000286102295</ns3:Speed>
              </ns3:TPX>
            </Extensions>
          </Trackpoint>
          <Trackpoint>
            <Time>2026-04-13T01:58:17.000Z</Time>
            <Position>
              <LatitudeDegrees>-41.659649228677154</LatitudeDegrees>
              <LongitudeDegrees>145.9517660178244</LongitudeDegrees>
            </Position>
            <AltitudeMeters>1609.800048828125</AltitudeMeters>
            <DistanceMeters>3393.2900390625</DistanceMeters>
            <Extensions>
              <ns3:TPX>
                <ns3:Speed>0.9700000286102295</ns3:Speed>
              </ns3:TPX>
            </Extensions>
          </Trackpoint>
          <Trackpoint>
            <Time>2026-04-13T01:58:21.000Z</Time>
            <Position>
              <LatitudeDegrees>-41.65961863473058</LatitudeDegrees>
              <LongitudeDegrees>145.95173332840204</LongitudeDegrees>
            </Position>
            <AltitudeMeters>1607.5999755859375</AltitudeMeters>
            <DistanceMeters>3397.68994140625</DistanceMeters>
            <Extensions>
              <ns3:TPX>
                <ns3:Speed>0.9800000190734863</ns3:Speed>
              </ns3:TPX>
            </Extensions>
          </Trackpoint>
          <Trackpoint>
            <Time>2026-04-13T01:58:22.000Z</Time>
            <Position>
              <LatitudeDegrees>-41.659609163179994</LatitudeDegrees>
              <LongitudeDegrees>145.95172704197466</LongitudeDegrees>
            </Position>
            <AltitudeMeters>1607.5999755859375</AltitudeMeters>
            <DistanceMeters>3398.889892578125</DistanceMeters>
            <Extensions>
              <ns3:TPX>
                <ns3:Speed>1.2699999809265137</ns3:Speed>
              </ns3:TPX>
            </Extensions>
          </Trackpoint>
          <Trackpoint>
            <Time>2026-04-13T01:58:27.000Z</Time>
            <Position>
              <LatitudeDegrees>-41.659556021913886</LatitudeDegrees>
              <LongitudeDegrees>145.95171405002475</LongitudeDegrees>
            </Position>
            <AltitudeMeters>1607.800048828125</AltitudeMeters>
            <DistanceMeters>3404.969970703125</DistanceMeters>
            <Extensions>
              <ns3:TPX>
                <ns3:Speed>1.3600000143051147</ns3:Speed>
              </ns3:TPX>
            </Extensions>
          </Trackpoint>
          <Trackpoint>
            <Time>2026-04-13T01:58:28.000Z</Time>
            <Position>
              <LatitudeDegrees>-41.65954411961138</LatitudeDegrees>
              <LongitudeDegrees>145.95171648077667</LongitudeDegrees>
            </Position>
            <AltitudeMeters>1607.800048828125</AltitudeMeters>
            <DistanceMeters>3406.330078125</DistanceMeters>
            <Extensions>
              <ns3:TPX>
                <ns3:Speed>1.1699999570846558</ns3:Speed>
              </ns3:TPX>
            </Extensions>
          </Trackpoint>
          <Trackpoint>
            <Time>2026-04-13T01:58:40.000Z</Time>
            <Position>
              <LatitudeDegrees>-41.65945686399937</LatitudeDegrees>
              <LongitudeDegrees>145.95170114189386</LongitudeDegrees>
            </Position>
            <AltitudeMeters>1607.199951171875</AltitudeMeters>
            <DistanceMeters>3416.239990234375</DistanceMeters>
            <Extensions>
              <ns3:TPX>
                <ns3:Speed>0.5799999833106995</ns3:Speed>
              </ns3:TPX>
            </Extensions>
          </Trackpoint>
          <Trackpoint>
            <Time>2026-04-13T01:58:52.000Z</Time>
            <Position>
              <LatitudeDegrees>-41.659466084092855</LatitudeDegrees>
              <LongitudeDegrees>145.95165059901774</LongitudeDegrees>
            </Position>
            <AltitudeMeters>1604.4000244140625</AltitudeMeters>
            <DistanceMeters>3420.590087890625</DistanceMeters>
            <Extensions>
              <ns3:TPX>
                <ns3:Speed>0.5600000023841858</ns3:Speed>
              </ns3:TPX>
            </Extensions>
          </Trackpoint>
          <Trackpoint>
            <Time>2026-04-13T01:59:02.000Z</Time>
            <Position>
              <LatitudeDegrees>-41.659428952261806</LatitudeDegrees>
              <LongitudeDegrees>145.95161656849086</LongitudeDegrees>
            </Position>
            <AltitudeMeters>1604.199951171875</AltitudeMeters>
            <DistanceMeters>3425.659912109375</DistanceMeters>
            <Extensions>
              <ns3:TPX>
                <ns3:Speed>0.6700000166893005</ns3:Speed>
              </ns3:TPX>
            </Extensions>
          </Trackpoint>
          <Trackpoint>
            <Time>2026-04-13T01:59:13.000Z</Time>
            <Position>
              <LatitudeDegrees>-41.65935259312391</LatitudeDegrees>
              <LongitudeDegrees>145.95160198397934</LongitudeDegrees>
            </Position>
            <AltitudeMeters>1601.199951171875</AltitudeMeters>
            <DistanceMeters>3434.340087890625</DistanceMeters>
            <Extensions>
              <ns3:TPX>
                <ns3:Speed>0.7599999904632568</ns3:Speed>
              </ns3:TPX>
            </Extensions>
          </Trackpoint>
          <Trackpoint>
            <Time>2026-04-13T01:59:23.000Z</Time>
            <Position>
              <LatitudeDegrees>-41.659277491271496</LatitudeDegrees>
              <LongitudeDegrees>145.95158907584846</LongitudeDegrees>
            </Position>
            <AltitudeMeters>1599.5999755859375</AltitudeMeters>
            <DistanceMeters>3442.8701171875</DistanceMeters>
            <Extensions>
              <ns3:TPX>
                <ns3:Speed>1.649999976158142</ns3:Speed>
              </ns3:TPX>
            </Extensions>
          </Trackpoint>
          <Trackpoint>
            <Time>2026-04-13T01:59:24.000Z</Time>
            <Position>
              <LatitudeDegrees>-41.659264750778675</LatitudeDegrees>
              <LongitudeDegrees>145.95158463343978</LongitudeDegrees>
            </Position>
            <AltitudeMeters>1599.5999755859375</AltitudeMeters>
            <DistanceMeters>3444.360107421875</DistanceMeters>
            <Extensions>
              <ns3:TPX>
                <ns3:Speed>1.1799999475479126</ns3:Speed>
              </ns3:TPX>
            </Extensions>
          </Trackpoint>
          <Trackpoint>
            <Time>2026-04-13T01:59:35.000Z</Time>
            <Position>
              <LatitudeDegrees>-41.65918537415564</LatitudeDegrees>
              <LongitudeDegrees>145.95151841640472</LongitudeDegrees>
            </Position>
            <AltitudeMeters>1597.4000244140625</AltitudeMeters>
            <DistanceMeters>3454.8701171875</DistanceMeters>
            <Extensions>
              <ns3:TPX>
                <ns3:Speed>1.25</ns3:Speed>
              </ns3:TPX>
            </Extensions>
          </Trackpoint>
          <Trackpoint>
            <Time>2026-04-13T01:59:36.000Z</Time>
            <Position>
              <LatitudeDegrees>-41.65917313657701</LatitudeDegrees>
              <LongitudeDegrees>145.95152026042342</LongitudeDegrees>
            </Position>
            <AltitudeMeters>1597.0</AltitudeMeters>
            <DistanceMeters>3456.260009765625</DistanceMeters>
            <Extensions>
              <ns3:TPX>
                <ns3:Speed>1.409999966621399</ns3:Speed>
              </ns3:TPX>
            </Extensions>
          </Trackpoint>
          <Trackpoint>
            <Time>2026-04-13T01:59:37.000Z</Time>
            <Position>
              <LatitudeDegrees>-41.65915997698903</LatitudeDegrees>
              <LongitudeDegrees>145.95151975750923</LongitudeDegrees>
            </Position>
            <AltitudeMeters>1596.5999755859375</AltitudeMeters>
            <DistanceMeters>3457.75</DistanceMeters>
            <Extensions>
              <ns3:TPX>
                <ns3:Speed>1.4900000095367432</ns3:Speed>
              </ns3:TPX>
            </Extensions>
          </Trackpoint>
          <Trackpoint>
            <Time>2026-04-13T01:59:38.000Z</Time>
            <Position>
              <LatitudeDegrees>-41.65914639830589</LatitudeDegrees>
              <LongitudeDegrees>145.95151506364346</LongitudeDegrees>
            </Position>
            <AltitudeMeters>1596.4000244140625</AltitudeMeters>
            <DistanceMeters>3459.320068359375</DistanceMeters>
            <Extensions>
              <ns3:TPX>
                <ns3:Speed>1.6200000047683716</ns3:Speed>
              </ns3:TPX>
            </Extensions>
          </Trackpoint>
          <Trackpoint>
            <Time>2026-04-13T01:59:47.000Z</Time>
            <Position>
              <LatitudeDegrees>-41.659068865701556</LatitudeDegrees>
              <LongitudeDegrees>145.95152721740305</LongitudeDegrees>
            </Position>
            <AltitudeMeters>1595.0</AltitudeMeters>
            <DistanceMeters>3468.110107421875</DistanceMeters>
            <Extensions>
              <ns3:TPX>
                <ns3:Speed>0.9700000286102295</ns3:Speed>
              </ns3:TPX>
            </Extensions>
          </Trackpoint>
          <Trackpoint>
            <Time>2026-04-13T01:59:54.000Z</Time>
            <Position>
              <LatitudeDegrees>-41.65899854153395</LatitudeDegrees>
              <LongitudeDegrees>145.95150123350322</LongitudeDegrees>
            </Position>
            <AltitudeMeters>1594.199951171875</AltitudeMeters>
            <DistanceMeters>3476.320068359375</DistanceMeters>
            <Extensions>
              <ns3:TPX>
                <ns3:Speed>1.25</ns3:Speed>
              </ns3:TPX>
            </Extensions>
          </Trackpoint>
          <Trackpoint>
            <Time>2026-04-13T02:00:04.000Z</Time>
            <Position>
              <LatitudeDegrees>-41.658938862383366</LatitudeDegrees>
              <LongitudeDegrees>145.95151154324412</LongitudeDegrees>
            </Position>
            <AltitudeMeters>1595.0</AltitudeMeters>
            <DistanceMeters>3483.110107421875</DistanceMeters>
            <Extensions>
              <ns3:TPX>
                <ns3:Speed>0.5099999904632568</ns3:Speed>
              </ns3:TPX>
            </Extensions>
          </Trackpoint>
          <Trackpoint>
            <Time>2026-04-13T02:00:16.000Z</Time>
            <Position>
              <LatitudeDegrees>-41.658861162140965</LatitudeDegrees>
              <LongitudeDegrees>145.95153283327818</LongitudeDegrees>
            </Position>
            <AltitudeMeters>1593.5999755859375</AltitudeMeters>
            <DistanceMeters>3492.0400390625</DistanceMeters>
            <Extensions>
              <ns3:TPX>
                <ns3:Speed>0.41999998688697815</ns3:Speed>
              </ns3:TPX>
            </Extensions>
          </Trackpoint>
          <Trackpoint>
            <Time>2026-04-13T02:00:26.000Z</Time>
            <Position>
              <LatitudeDegrees>-41.65882235392928</LatitudeDegrees>
              <LongitudeDegrees>145.95149813219905</LongitudeDegrees>
            </Position>
            <AltitudeMeters>1592.800048828125</AltitudeMeters>
            <DistanceMeters>3497.2900390625</DistanceMeters>
            <Extensions>
              <ns3:TPX>
                <ns3:Speed>0.6800000071525574</ns3:Speed>
              </ns3:TPX>
            </Extensions>
          </Trackpoint>
          <Trackpoint>
            <Time>2026-04-13T02:00:35.000Z</Time>
            <Position>
              <LatitudeDegrees>-41.65880617685616</LatitudeDegrees>
              <LongitudeDegrees>145.9514623414725</LongitudeDegrees>
            </Position>
            <AltitudeMeters>1590.0</AltitudeMeters>
            <DistanceMeters>3500.7900390625</DistanceMeters>
            <Extensions>
              <ns3:TPX>
                <ns3:Speed>0.2800000011920929</ns3:Speed>
              </ns3:TPX>
            </Extensions>
          </Trackpoint>
          <Trackpoint>
            <Time>2026-04-13T02:00:48.000Z</Time>
            <Position>
              <LatitudeDegrees>-41.65878899395466</LatitudeDegrees>
              <LongitudeDegrees>145.9513851441443</LongitudeDegrees>
            </Position>
            <AltitudeMeters>1589.4000244140625</AltitudeMeters>
            <DistanceMeters>3507.530029296875</DistanceMeters>
            <Extensions>
              <ns3:TPX>
                <ns3:Speed>1.0</ns3:Speed>
              </ns3:TPX>
            </Extensions>
          </Trackpoint>
          <Trackpoint>
            <Time>2026-04-13T02:00:51.000Z</Time>
            <Position>
              <LatitudeDegrees>-41.65878815576434</LatitudeDegrees>
              <LongitudeDegrees>145.95135195180774</LongitudeDegrees>
            </Position>
            <AltitudeMeters>1589.4000244140625</AltitudeMeters>
            <DistanceMeters>3510.31005859375</DistanceMeters>
            <Extensions>
              <ns3:TPX>
                <ns3:Speed>1.190000057220459</ns3:Speed>
              </ns3:TPX>
            </Extensions>
          </Trackpoint>
          <Trackpoint>
            <Time>2026-04-13T02:01:01.000Z</Time>
            <Position>
              <LatitudeDegrees>-41.658792765811086</LatitudeDegrees>
              <LongitudeDegrees>145.9512807894498</LongitudeDegrees>
            </Position>
            <AltitudeMeters>1586.800048828125</AltitudeMeters>
            <DistanceMeters>3516.280029296875</DistanceMeters>
            <Extensions>
              <ns3:TPX>
                <ns3:Speed>0.5199999809265137</ns3:Speed>
              </ns3:TPX>
            </Extensions>
          </Trackpoint>
          <Trackpoint>
            <Time>2026-04-13T02:01:14.000Z</Time>
            <Position>
              <LatitudeDegrees>-41.658755550161004</LatitudeDegrees>
              <LongitudeDegrees>145.9512159973383</LongitudeDegrees>
            </Position>
            <AltitudeMeters>1586.800048828125</AltitudeMeters>
            <DistanceMeters>3523.139892578125</DistanceMeters>
            <Extensions>
              <ns3:TPX>
                <ns3:Speed>0.6899999976158142</ns3:Speed>
              </ns3:TPX>
            </Extensions>
          </Trackpoint>
          <Trackpoint>
            <Time>2026-04-13T02:01:24.000Z</Time>
            <Position>
              <LatitudeDegrees>-41.6586968768388</LatitudeDegrees>
              <LongitudeDegrees>145.95120375975966</LongitudeDegrees>
            </Position>
            <AltitudeMeters>1584.4000244140625</AltitudeMeters>
            <DistanceMeters>3529.820068359375</DistanceMeters>
            <Extensions>
              <ns3:TPX>
                <ns3:Speed>0.9300000071525574</ns3:Speed>
              </ns3:TPX>
            </Extensions>
          </Trackpoint>
          <Trackpoint>
            <Time>2026-04-13T02:01:33.000Z</Time>
            <Position>
              <LatitudeDegrees>-41.65862588211894</LatitudeDegrees>
              <LongitudeDegrees>145.95118657685816</LongitudeDegrees>
            </Position>
            <AltitudeMeters>1583.0</AltitudeMeters>
            <DistanceMeters>3537.93994140625</DistanceMeters>
            <Extensions>
              <ns3:TPX>
                <ns3:Speed>1.2999999523162842</ns3:Speed>
              </ns3:TPX>
            </Extensions>
          </Trackpoint>
          <Trackpoint>
            <Time>2026-04-13T02:01:38.000Z</Time>
            <Position>
              <LatitudeDegrees>-41.65858045220375</LatitudeDegrees>
              <LongitudeDegrees>145.95116176642478</LongitudeDegrees>
            </Position>
            <AltitudeMeters>1581.800048828125</AltitudeMeters>
            <DistanceMeters>3543.469970703125</DistanceMeters>
            <Extensions>
              <ns3:TPX>
                <ns3:Speed>1.3200000524520874</ns3:Speed>
              </ns3:TPX>
            </Extensions>
          </Trackpoint>
          <Trackpoint>
            <Time>2026-04-13T02:01:39.000Z</Time>
            <Position>
              <LatitudeDegrees>-41.658569891005754</LatitudeDegrees>
              <LongitudeDegrees>145.95116126351058</LongitudeDegrees>
            </Position>
            <AltitudeMeters>1581.5999755859375</AltitudeMeters>
            <DistanceMeters>3544.659912109375</DistanceMeters>
            <Extensions>
              <ns3:TPX>
                <ns3:Speed>1.149999976158142</ns3:Speed>
              </ns3:TPX>
            </Extensions>
          </Trackpoint>
          <Trackpoint>
            <Time>2026-04-13T02:01:49.000Z</Time>
            <Position>
              <LatitudeDegrees>-41.65847735479474</LatitudeDegrees>
              <LongitudeDegrees>145.95115321688354</LongitudeDegrees>
            </Position>
            <AltitudeMeters>1580.5999755859375</AltitudeMeters>
            <DistanceMeters>3555.10009765625</DistanceMeters>
            <Extensions>
              <ns3:TPX>
                <ns3:Speed>1.0399999618530273</ns3:Speed>
              </ns3:TPX>
            </Extensions>
          </Trackpoint>
          <Trackpoint>
            <Time>2026-04-13T02:01:51.000Z</Time>
            <Position>
              <LatitudeDegrees>-41.65846109390259</LatitudeDegrees>
              <LongitudeDegrees>145.95113863237202</LongitudeDegrees>
            </Position>
            <AltitudeMeters>1580.4000244140625</AltitudeMeters>
            <DistanceMeters>3557.300048828125</DistanceMeters>
            <Extensions>
              <ns3:TPX>
                <ns3:Speed>1.399999976158142</ns3:Speed>
              </ns3:TPX>
            </Extensions>
          </Trackpoint>
          <Trackpoint>
            <Time>2026-04-13T02:02:01.000Z</Time>
            <Position>
              <LatitudeDegrees>-41.65843351744115</LatitudeDegrees>
              <LongitudeDegrees>145.95107903704047</LongitudeDegrees>
            </Position>
            <AltitudeMeters>1578.5999755859375</AltitudeMeters>
            <DistanceMeters>3563.169921875</DistanceMeters>
            <Extensions>
              <ns3:TPX>
                <ns3:Speed>0.5600000023841858</ns3:Speed>
              </ns3:TPX>
            </Extensions>
          </Trackpoint>
          <Trackpoint>
            <Time>2026-04-13T02:02:13.000Z</Time>
            <Position>
              <LatitudeDegrees>-41.65840107947588</LatitudeDegrees>
              <LongitudeDegrees>145.9510632790625</LongitudeDegrees>
            </Position>
            <AltitudeMeters>1575.5999755859375</AltitudeMeters>
            <DistanceMeters>3567.06005859375</DistanceMeters>
            <Extensions>
              <ns3:TPX>
                <ns3:Speed>0.3799999952316284</ns3:Speed>
              </ns3:TPX>
            </Extensions>
          </Trackpoint>
          <Trackpoint>
            <Time>2026-04-13T02:02:21.000Z</Time>
            <Position>
              <LatitudeDegrees>-41.6583654563874</LatitudeDegrees>
              <LongitudeDegrees>145.95102815888822</LongitudeDegrees>
            </Position>
            <AltitudeMeters>1576.0</AltitudeMeters>
            <DistanceMeters>3572.030029296875</DistanceMeters>
            <Extensions>
              <ns3:TPX>
                <ns3:Speed>1.2699999809265137</ns3:Speed>
              </ns3:TPX>
            </Extensions>
          </Trackpoint>
          <Trackpoint>
            <Time>2026-04-13T02:02:22.000Z</Time>
            <Position>
              <LatitudeDegrees>-41.65836193598807</LatitudeDegrees>
              <LongitudeDegrees>145.95101282000542</LongitudeDegrees>
            </Position>
            <AltitudeMeters>1576.0</AltitudeMeters>
            <DistanceMeters>3573.3701171875</DistanceMeters>
            <Extensions>
              <ns3:TPX>
                <ns3:Speed>1.2300000190734863</ns3:Speed>
              </ns3:TPX>
            </Extensions>
          </Trackpoint>
          <Trackpoint>
            <Time>2026-04-13T02:02:25.000Z</Time>
            <Position>
              <LatitudeDegrees>-41.65833712555468</LatitudeDegrees>
              <LongitudeDegrees>145.9509924519807</LongitudeDegrees>
            </Position>
            <AltitudeMeters>1575.199951171875</AltitudeMeters>
            <DistanceMeters>3576.64990234375</DistanceMeters>
            <Extensions>
              <ns3:TPX>
                <ns3:Speed>1.7100000381469727</ns3:Speed>
              </ns3:TPX>
            </Extensions>
          </Trackpoint>
          <Trackpoint>
            <Time>2026-04-13T02:02:26.000Z</Time>
            <Position>
              <LatitudeDegrees>-41.658324133604765</LatitudeDegrees>
              <LongitudeDegrees>145.95099354162812</LongitudeDegrees>
            </Position>
            <AltitudeMeters>1574.5999755859375</AltitudeMeters>
            <DistanceMeters>3578.110107421875</DistanceMeters>
            <Extensions>
              <ns3:TPX>
                <ns3:Speed>1.1399999856948853</ns3:Speed>
              </ns3:TPX>
            </Extensions>
          </Trackpoint>
          <Trackpoint>
            <Time>2026-04-13T02:02:27.000Z</Time>
            <Position>
              <LatitudeDegrees>-41.6583136562258</LatitudeDegrees>
              <LongitudeDegrees>145.9509961400181</LongitudeDegrees>
            </Position>
            <AltitudeMeters>1574.4000244140625</AltitudeMeters>
            <DistanceMeters>3579.320068359375</DistanceMeters>
            <Extensions>
              <ns3:TPX>
                <ns3:Speed>1.3899999856948853</ns3:Speed>
              </ns3:TPX>
            </Extensions>
          </Trackpoint>
          <Trackpoint>
            <Time>2026-04-13T02:02:28.000Z</Time>
            <Position>
              <LatitudeDegrees>-41.658302675932646</LatitudeDegrees>
              <LongitudeDegrees>145.95099572092295</LongitudeDegrees>
            </Position>
            <AltitudeMeters>1574.199951171875</AltitudeMeters>
            <DistanceMeters>3580.56005859375</DistanceMeters>
            <Extensions>
              <ns3:TPX>
                <ns3:Speed>1.2699999809265137</ns3:Speed>
              </ns3:TPX>
            </Extensions>
          </Trackpoint>
          <Trackpoint>
            <Time>2026-04-13T02:02:29.000Z</Time>
            <Position>
              <LatitudeDegrees>-41.65829261764884</LatitudeDegrees>
              <LongitudeDegrees>145.95099169760942</LongitudeDegrees>
            </Position>
            <AltitudeMeters>1574.0</AltitudeMeters>
            <DistanceMeters>3581.739990234375</DistanceMeters>
            <Extensions>
              <ns3:TPX>
                <ns3:Speed>1.1200000047683716</ns3:Speed>
              </ns3:TPX>
            </Extensions>
          </Trackpoint>
          <Trackpoint>
            <Time>2026-04-13T02:02:34.000Z</Time>
            <Position>
              <LatitudeDegrees>-41.65824852883816</LatitudeDegrees>
              <LongitudeDegrees>145.9509704913944</LongitudeDegrees>
            </Position>
            <AltitudeMeters>1573.4000244140625</AltitudeMeters>
            <DistanceMeters>3587.010009765625</DistanceMeters>
            <Extensions>
              <ns3:TPX>
                <ns3:Speed>1.2100000381469727</ns3:Speed>
              </ns3:TPX>
            </Extensions>
          </Trackpoint>
          <Trackpoint>
            <Time>2026-04-13T02:02:36.000Z</Time>
            <Position>
              <LatitudeDegrees>-41.65822698734701</LatitudeDegrees>
              <LongitudeDegrees>145.95096697099507</LongitudeDegrees>
            </Position>
            <AltitudeMeters>1573.199951171875</AltitudeMeters>
            <DistanceMeters>3589.4599609375</DistanceMeters>
            <Extensions>
              <ns3:TPX>
                <ns3:Speed>1.649999976158142</ns3:Speed>
              </ns3:TPX>
            </Extensions>
          </Trackpoint>
          <Trackpoint>
            <Time>2026-04-13T02:02:45.000Z</Time>
            <Position>
              <LatitudeDegrees>-41.658170158043504</LatitudeDegrees>
              <LongitudeDegrees>145.95096697099507</LongitudeDegrees>
            </Position>
            <AltitudeMeters>1574.199951171875</AltitudeMeters>
            <DistanceMeters>3595.860107421875</DistanceMeters>
            <Extensions>
              <ns3:TPX>
                <ns3:Speed>0.75</ns3:Speed>
              </ns3:TPX>
            </Extensions>
          </Trackpoint>
          <Trackpoint>
            <Time>2026-04-13T02:02:55.000Z</Time>
            <Position>
              <LatitudeDegrees>-41.65816085413098</LatitudeDegrees>
              <LongitudeDegrees>145.9508829843253</LongitudeDegrees>
            </Position>
            <AltitudeMeters>1571.800048828125</AltitudeMeters>
            <DistanceMeters>3602.9599609375</DistanceMeters>
            <Extensions>
              <ns3:TPX>
                <ns3:Speed>0.8899999856948853</ns3:Speed>
              </ns3:TPX>
            </Extensions>
          </Trackpoint>
          <Trackpoint>
            <Time>2026-04-13T02:03:02.000Z</Time>
            <Position>
              <LatitudeDegrees>-41.658094469457865</LatitudeDegrees>
              <LongitudeDegrees>145.95089714974165</LongitudeDegrees>
            </Position>
            <AltitudeMeters>1573.4000244140625</AltitudeMeters>
            <DistanceMeters>3610.5400390625</DistanceMeters>
            <Extensions>
              <ns3:TPX>
                <ns3:Speed>1.3899999856948853</ns3:Speed>
              </ns3:TPX>
            </Extensions>
          </Trackpoint>
          <Trackpoint>
            <Time>2026-04-13T02:03:03.000Z</Time>
            <Position>
              <LatitudeDegrees>-41.6580823995173</LatitudeDegrees>
              <LongitudeDegrees>145.95090184360743</LongitudeDegrees>
            </Position>
            <AltitudeMeters>1573.5999755859375</AltitudeMeters>
            <DistanceMeters>3611.949951171875</DistanceMeters>
            <Extensions>
              <ns3:TPX>
                <ns3:Speed>1.2899999618530273</ns3:Speed>
              </ns3:TPX>
            </Extensions>
          </Trackpoint>
          <Trackpoint>
            <Time>2026-04-13T02:03:04.000Z</Time>
            <Position>
              <LatitudeDegrees>-41.65807083249092</LatitudeDegrees>
              <LongitudeDegrees>145.95090351998806</LongitudeDegrees>
            </Position>
            <AltitudeMeters>1573.5999755859375</AltitudeMeters>
            <DistanceMeters>3613.27001953125</DistanceMeters>
            <Extensions>
              <ns3:TPX>
                <ns3:Speed>1.2899999618530273</ns3:Speed>
              </ns3:TPX>
            </Extensions>
          </Trackpoint>
          <Trackpoint>
            <Time>2026-04-13T02:03:05.000Z</Time>
            <Position>
              <LatitudeDegrees>-41.65805893018842</LatitudeDegrees>
              <LongitudeDegrees>145.95090829767287</LongitudeDegrees>
            </Position>
            <AltitudeMeters>1573.5999755859375</AltitudeMeters>
            <DistanceMeters>3614.669921875</DistanceMeters>
            <Extensions>
              <ns3:TPX>
                <ns3:Speed>1.3700000047683716</ns3:Speed>
              </ns3:TPX>
            </Extensions>
          </Trackpoint>
          <Trackpoint>
            <Time>2026-04-13T02:03:14.000Z</Time>
            <Position>
              <LatitudeDegrees>-41.65801081806421</LatitudeDegrees>
              <LongitudeDegrees>145.9509475249797</LongitudeDegrees>
            </Position>
            <AltitudeMeters>1572.5999755859375</AltitudeMeters>
            <DistanceMeters>3621.0</DistanceMeters>
            <Extensions>
              <ns3:TPX>
                <ns3:Speed>0.0</ns3:Speed>
              </ns3:TPX>
            </Extensions>
          </Trackpoint>
          <Trackpoint>
            <Time>2026-04-13T02:03:23.000Z</Time>
            <Position>
              <LatitudeDegrees>-41.657992796972394</LatitudeDegrees>
              <LongitudeDegrees>145.95097929239273</LongitudeDegrees>
            </Position>
            <AltitudeMeters>1570.4000244140625</AltitudeMeters>
            <DistanceMeters>3624.35009765625</DistanceMeters>
            <Extensions>
              <ns3:TPX>
                <ns3:Speed>1.0399999618530273</ns3:Speed>
              </ns3:TPX>
            </Extensions>
          </Trackpoint>
          <Trackpoint>
            <Time>2026-04-13T02:03:32.000Z</Time>
            <Position>
              <LatitudeDegrees>-41.6579613648355</LatitudeDegrees>
              <LongitudeDegrees>145.95102715305984</LongitudeDegrees>
            </Position>
            <AltitudeMeters>1568.800048828125</AltitudeMeters>
            <DistanceMeters>3629.7099609375</DistanceMeters>
            <Extensions>
              <ns3:TPX>
                <ns3:Speed>0.0</ns3:Speed>
              </ns3:TPX>
            </Extensions>
          </Trackpoint>
          <Trackpoint>
            <Time>2026-04-13T02:03:46.000Z</Time>
            <Position>
              <LatitudeDegrees>-41.65796966291964</LatitudeDegrees>
              <LongitudeDegrees>145.9510016720742</LongitudeDegrees>
            </Position>
            <AltitudeMeters>1567.800048828125</AltitudeMeters>
            <DistanceMeters>3632.030029296875</DistanceMeters>
            <Extensions>
              <ns3:TPX>
                <ns3:Speed>1.0</ns3:Speed>
              </ns3:TPX>
            </Extensions>
          </Trackpoint>
          <Trackpoint>
            <Time>2026-04-13T02:03:55.000Z</Time>
            <Position>
              <LatitudeDegrees>-41.65801417082548</LatitudeDegrees>
              <LongitudeDegrees>145.95091265626252</LongitudeDegrees>
            </Position>
            <AltitudeMeters>1567.800048828125</AltitudeMeters>
            <DistanceMeters>3641.010009765625</DistanceMeters>
            <Extensions>
              <ns3:TPX>
                <ns3:Speed>0.8700000047683716</ns3:Speed>
              </ns3:TPX>
            </Extensions>
          </Trackpoint>
          <Trackpoint>
            <Time>2026-04-13T02:04:00.000Z</Time>
            <Position>
              <LatitudeDegrees>-41.658033449202776</LatitudeDegrees>
              <LongitudeDegrees>145.95085121691227</LongitudeDegrees>
            </Position>
            <AltitudeMeters>1568.5999755859375</AltitudeMeters>
            <DistanceMeters>3646.580078125</DistanceMeters>
            <Extensions>
              <ns3:TPX>
                <ns3:Speed>0.8100000023841858</ns3:Speed>
              </ns3:TPX>
            </Extensions>
          </Trackpoint>
          <Trackpoint>
            <Time>2026-04-13T02:04:04.000Z</Time>
            <Position>
              <LatitudeDegrees>-41.6580702457577</LatitudeDegrees>
              <LongitudeDegrees>145.95085247419775</LongitudeDegrees>
            </Position>
            <AltitudeMeters>1569.199951171875</AltitudeMeters>
            <DistanceMeters>3650.7099609375</DistanceMeters>
            <Extensions>
              <ns3:TPX>
                <ns3:Speed>1.659999966621399</ns3:Speed>
              </ns3:TPX>
            </Extensions>
          </Trackpoint>
          <Trackpoint>
            <Time>2026-04-13T02:04:13.000Z</Time>
            <Position>
              <LatitudeDegrees>-41.65813319385052</LatitudeDegrees>
              <LongitudeDegrees>145.95084719359875</LongitudeDegrees>
            </Position>
            <AltitudeMeters>1566.5999755859375</AltitudeMeters>
            <DistanceMeters>3657.800048828125</DistanceMeters>
            <Extensions>
              <ns3:TPX>
                <ns3:Speed>0.5699999928474426</ns3:Speed>
              </ns3:TPX>
            </Extensions>
          </Trackpoint>
          <Trackpoint>
            <Time>2026-04-13T02:04:26.000Z</Time>
            <Position>
              <LatitudeDegrees>-41.658148784190416</LatitudeDegrees>
              <LongitudeDegrees>145.95080276951194</LongitudeDegrees>
            </Position>
            <AltitudeMeters>1568.800048828125</AltitudeMeters>
            <DistanceMeters>3661.909912109375</DistanceMeters>
            <Extensions>
              <ns3:TPX>
                <ns3:Speed>0.6600000262260437</ns3:Speed>
              </ns3:TPX>
            </Extensions>
          </Trackpoint>
          <Trackpoint>
            <Time>2026-04-13T02:04:39.000Z</Time>
            <Position>
              <LatitudeDegrees>-41.658148784190416</LatitudeDegrees>
              <LongitudeDegrees>145.95076764933765</LongitudeDegrees>
            </Position>
            <AltitudeMeters>1567.4000244140625</AltitudeMeters>
            <DistanceMeters>3664.840087890625</DistanceMeters>
            <Extensions>
              <ns3:TPX>
                <ns3:Speed>0.41999998688697815</ns3:Speed>
              </ns3:TPX>
            </Extensions>
          </Trackpoint>
          <Trackpoint>
            <Time>2026-04-13T02:04:49.000Z</Time>
            <Position>
              <LatitudeDegrees>-41.6581497900188</LatitudeDegrees>
              <LongitudeDegrees>145.95074677839875</LongitudeDegrees>
            </Position>
            <AltitudeMeters>1564.0</AltitudeMeters>
            <DistanceMeters>3666.580078125</DistanceMeters>
            <Extensions>
              <ns3:TPX>
                <ns3:Speed>0.5199999809265137</ns3:Speed>
              </ns3:TPX>
            </Extensions>
          </Trackpoint>
          <Trackpoint>
            <Time>2026-04-13T02:05:04.000Z</Time>
            <Position>
              <LatitudeDegrees>-41.65815616026521</LatitudeDegrees>
              <LongitudeDegrees>145.9507091436535</LongitudeDegrees>
            </Position>
            <AltitudeMeters>1563.0</AltitudeMeters>
            <DistanceMeters>3669.800048828125</DistanceMeters>
            <Extensions>
              <ns3:TPX>
                <ns3:Speed>0.33000001311302185</ns3:Speed>
              </ns3:TPX>
            </Extensions>
          </Trackpoint>
          <Trackpoint>
            <Time>2026-04-13T02:05:13.000Z</Time>
            <Position>
              <LatitudeDegrees>-41.65816739201546</LatitudeDegrees>
              <LongitudeDegrees>145.95069346949458</LongitudeDegrees>
            </Position>
            <AltitudeMeters>1560.800048828125</AltitudeMeters>
            <DistanceMeters>3671.610107421875</DistanceMeters>
            <Extensions>
              <ns3:TPX>
                <ns3:Speed>0.25</ns3:Speed>
              </ns3:TPX>
            </Extensions>
          </Trackpoint>
          <Trackpoint>
            <Time>2026-04-13T02:05:27.000Z</Time>
            <Position>
              <LatitudeDegrees>-41.658170660957694</LatitudeDegrees>
              <LongitudeDegrees>145.95065382309258</LongitudeDegrees>
            </Position>
            <AltitudeMeters>1559.0</AltitudeMeters>
            <DistanceMeters>3674.93994140625</DistanceMeters>
            <Extensions>
              <ns3:TPX>
                <ns3:Speed>0.44999998807907104</ns3:Speed>
              </ns3:TPX>
            </Extensions>
          </Trackpoint>
          <Trackpoint>
            <Time>2026-04-13T02:05:39.000Z</Time>
            <Position>
              <LatitudeDegrees>-41.65817082859576</LatitudeDegrees>
              <LongitudeDegrees>145.9506227262318</LongitudeDegrees>
            </Position>
            <AltitudeMeters>1555.4000244140625</AltitudeMeters>
            <DistanceMeters>3677.5400390625</DistanceMeters>
            <Extensions>
              <ns3:TPX>
                <ns3:Speed>0.15000000596046448</ns3:Speed>
              </ns3:TPX>
            </Extensions>
          </Trackpoint>
          <Trackpoint>
            <Time>2026-04-13T02:05:40.000Z</Time>
            <Position>
              <LatitudeDegrees>-41.658170744776726</LatitudeDegrees>
              <LongitudeDegrees>145.95061996020377</LongitudeDegrees>
            </Position>
            <AltitudeMeters>1555.4000244140625</AltitudeMeters>
            <DistanceMeters>3677.760009765625</DistanceMeters>
            <Extensions>
              <ns3:TPX>
                <ns3:Speed>0.3199999928474426</ns3:Speed>
              </ns3:TPX>
            </Extensions>
          </Trackpoint>
          <Trackpoint>
            <Time>2026-04-13T02:06:00.000Z</Time>
            <Position>
              <LatitudeDegrees>-41.65814995765686</LatitudeDegrees>
              <LongitudeDegrees>145.9505970776081</LongitudeDegrees>
            </Position>
            <AltitudeMeters>1552.800048828125</AltitudeMeters>
            <DistanceMeters>3680.7900390625</DistanceMeters>
            <Extensions>
              <ns3:TPX>
                <ns3:Speed>0.0</ns3:Speed>
              </ns3:TPX>
            </Extensions>
          </Trackpoint>
          <Trackpoint>
            <Time>2026-04-13T02:06:21.000Z</Time>
            <Position>
              <LatitudeDegrees>-41.65814258158207</LatitudeDegrees>
              <LongitudeDegrees>145.95054779201746</LongitudeDegrees>
            </Position>
            <AltitudeMeters>1549.800048828125</AltitudeMeters>
            <DistanceMeters>3684.97998046875</DistanceMeters>
            <Extensions>
              <ns3:TPX>
                <ns3:Speed>0.7400000095367432</ns3:Speed>
              </ns3:TPX>
            </Extensions>
          </Trackpoint>
          <Trackpoint>
            <Time>2026-04-13T02:06:40.000Z</Time>
            <Position>
              <LatitudeDegrees>-41.6580546554178</LatitudeDegrees>
              <LongitudeDegrees>145.95045332796872</LongitudeDegrees>
            </Position>
            <AltitudeMeters>1546.800048828125</AltitudeMeters>
            <DistanceMeters>3697.659912109375</DistanceMeters>
            <Extensions>
              <ns3:TPX>
                <ns3:Speed>0.5799999833106995</ns3:Speed>
              </ns3:TPX>
            </Extensions>
          </Trackpoint>
          <Trackpoint>
            <Time>2026-04-13T02:06:52.000Z</Time>
            <Position>
              <LatitudeDegrees>-41.65800687856972</LatitudeDegrees>
              <LongitudeDegrees>145.95037411898375</LongitudeDegrees>
            </Position>
            <AltitudeMeters>1543.800048828125</AltitudeMeters>
            <DistanceMeters>3706.18994140625</DistanceMeters>
            <Extensions>
              <ns3:TPX>
                <ns3:Speed>0.5299999713897705</ns3:Speed>
              </ns3:TPX>
            </Extensions>
          </Trackpoint>
          <Trackpoint>
            <Time>2026-04-13T02:07:07.000Z</Time>
            <Position>
              <LatitudeDegrees>-41.6579528991133</LatitudeDegrees>
              <LongitudeDegrees>145.95027638599277</LongitudeDegrees>
            </Position>
            <AltitudeMeters>1540.5999755859375</AltitudeMeters>
            <DistanceMeters>3716.3798828125</DistanceMeters>
            <Extensions>
              <ns3:TPX>
                <ns3:Speed>0.46000000834465027</ns3:Speed>
              </ns3:TPX>
            </Extensions>
          </Trackpoint>
          <Trackpoint>
            <Time>2026-04-13T02:07:13.000Z</Time>
            <Position>
              <LatitudeDegrees>-41.65793445892632</LatitudeDegrees>
              <LongitudeDegrees>145.95023875124753</LongitudeDegrees>
            </Position>
            <AltitudeMeters>1537.5999755859375</AltitudeMeters>
            <DistanceMeters>3720.14990234375</DistanceMeters>
            <Extensions>
              <ns3:TPX>
                <ns3:Speed>0.7599999904632568</ns3:Speed>
              </ns3:TPX>
            </Extensions>
          </Trackpoint>
          <Trackpoint>
            <Time>2026-04-13T02:07:28.000Z</Time>
            <Position>
              <LatitudeDegrees>-41.657887855544686</LatitudeDegrees>
              <LongitudeDegrees>145.95017563551664</LongitudeDegrees>
            </Position>
            <AltitudeMeters>1535.199951171875</AltitudeMeters>
            <DistanceMeters>3727.60009765625</DistanceMeters>
            <Extensions>
              <ns3:TPX>
                <ns3:Speed>0.5899999737739563</ns3:Speed>
              </ns3:TPX>
            </Extensions>
          </Trackpoint>
          <Trackpoint>
            <Time>2026-04-13T02:07:43.000Z</Time>
            <Position>
              <LatitudeDegrees>-41.65786053054035</LatitudeDegrees>
              <LongitudeDegrees>145.95014428719878</LongitudeDegrees>
            </Position>
            <AltitudeMeters>1533.4000244140625</AltitudeMeters>
            <DistanceMeters>3731.639892578125</DistanceMeters>
            <Extensions>
              <ns3:TPX>
                <ns3:Speed>0.17000000178813934</ns3:Speed>
              </ns3:TPX>
            </Extensions>
          </Trackpoint>
          <Trackpoint>
            <Time>2026-04-13T02:07:59.000Z</Time>
            <Position>
              <LatitudeDegrees>-41.65781954303384</LatitudeDegrees>
              <LongitudeDegrees>145.95009475015104</LongitudeDegrees>
            </Position>
            <AltitudeMeters>1530.5999755859375</AltitudeMeters>
            <DistanceMeters>3737.840087890625</DistanceMeters>
            <Extensions>
              <ns3:TPX>
                <ns3:Speed>1.059999942779541</ns3:Speed>
              </ns3:TPX>
            </Extensions>
          </Trackpoint>
          <Trackpoint>
            <Time>2026-04-13T02:08:09.000Z</Time>
            <Position>
              <LatitudeDegrees>-41.65775215253234</LatitudeDegrees>
              <LongitudeDegrees>145.9500642400235</LongitudeDegrees>
            </Position>
            <AltitudeMeters>1529.199951171875</AltitudeMeters>
            <DistanceMeters>3745.860107421875</DistanceMeters>
            <Extensions>
              <ns3:TPX>
                <ns3:Speed>0.7799999713897705</ns3:Speed>
              </ns3:TPX>
            </Extensions>
          </Trackpoint>
          <Trackpoint>
            <Time>2026-04-13T02:08:22.000Z</Time>
            <Position>
              <LatitudeDegrees>-41.65769909508526</LatitudeDegrees>
              <LongitudeDegrees>145.94998092390597</LongitudeDegrees>
            </Position>
            <AltitudeMeters>1525.800048828125</AltitudeMeters>
            <DistanceMeters>3755.0400390625</DistanceMeters>
            <Extensions>
              <ns3:TPX>
                <ns3:Speed>0.6499999761581421</ns3:Speed>
              </ns3:TPX>
            </Extensions>
          </Trackpoint>
          <Trackpoint>
            <Time>2026-04-13T02:08:33.000Z</Time>
            <Position>
              <LatitudeDegrees>-41.65767386555672</LatitudeDegrees>
              <LongitudeDegrees>145.94990632496774</LongitudeDegrees>
            </Position>
            <AltitudeMeters>1522.5999755859375</AltitudeMeters>
            <DistanceMeters>3761.889892578125</DistanceMeters>
            <Extensions>
              <ns3:TPX>
                <ns3:Speed>0.5299999713897705</ns3:Speed>
              </ns3:TPX>
            </Extensions>
          </Trackpoint>
          <Trackpoint>
            <Time>2026-04-13T02:08:46.000Z</Time>
            <Position>
              <LatitudeDegrees>-41.657613180577755</LatitudeDegrees>
              <LongitudeDegrees>145.9498591348529</LongitudeDegrees>
            </Position>
            <AltitudeMeters>1519.5999755859375</AltitudeMeters>
            <DistanceMeters>3769.780029296875</DistanceMeters>
            <Extensions>
              <ns3:TPX>
                <ns3:Speed>0.4399999976158142</ns3:Speed>
              </ns3:TPX>
            </Extensions>
          </Trackpoint>
          <Trackpoint>
            <Time>2026-04-13T02:08:59.000Z</Time>
            <Position>
              <LatitudeDegrees>-41.657582921907306</LatitudeDegrees>
              <LongitudeDegrees>145.94976525753736</LongitudeDegrees>
            </Position>
            <AltitudeMeters>1516.5999755859375</AltitudeMeters>
            <DistanceMeters>3778.340087890625</DistanceMeters>
            <Extensions>
              <ns3:TPX>
                <ns3:Speed>0.8299999833106995</ns3:Speed>
              </ns3:TPX>
            </Extensions>
          </Trackpoint>
          <Trackpoint>
            <Time>2026-04-13T02:09:08.000Z</Time>
            <Position>
              <LatitudeDegrees>-41.6575728636235</LatitudeDegrees>
              <LongitudeDegrees>145.9496765770018</LongitudeDegrees>
            </Position>
            <AltitudeMeters>1513.4000244140625</AltitudeMeters>
            <DistanceMeters>3785.840087890625</DistanceMeters>
            <Extensions>
              <ns3:TPX>
                <ns3:Speed>0.6499999761581421</ns3:Speed>
              </ns3:TPX>
            </Extensions>
          </Trackpoint>
          <Trackpoint>
            <Time>2026-04-13T02:09:20.000Z</Time>
            <Position>
              <LatitudeDegrees>-41.65753925219178</LatitudeDegrees>
              <LongitudeDegrees>145.9495750721544</LongitudeDegrees>
            </Position>
            <AltitudeMeters>1510.0</AltitudeMeters>
            <DistanceMeters>3795.1298828125</DistanceMeters>
            <Extensions>
              <ns3:TPX>
                <ns3:Speed>1.0499999523162842</ns3:Speed>
              </ns3:TPX>
            </Extensions>
          </Trackpoint>
          <Trackpoint>
            <Time>2026-04-13T02:09:22.000Z</Time>
            <Position>
              <LatitudeDegrees>-41.6575295291841</LatitudeDegrees>
              <LongitudeDegrees>145.94955093227327</LongitudeDegrees>
            </Position>
            <AltitudeMeters>1509.4000244140625</AltitudeMeters>
            <DistanceMeters>3797.429931640625</DistanceMeters>
            <Extensions>
              <ns3:TPX>
                <ns3:Speed>1.350000023841858</ns3:Speed>
              </ns3:TPX>
            </Extensions>
          </Trackpoint>
          <Trackpoint>
            <Time>2026-04-13T02:09:23.000Z</Time>
            <Position>
              <LatitudeDegrees>-41.65752491913736</LatitudeDegrees>
              <LongitudeDegrees>145.9495383594185</LongitudeDegrees>
            </Position>
            <AltitudeMeters>1509.199951171875</AltitudeMeters>
            <DistanceMeters>3798.60009765625</DistanceMeters>
            <Extensions>
              <ns3:TPX>
                <ns3:Speed>1.190000057220459</ns3:Speed>
              </ns3:TPX>
            </Extensions>
          </Trackpoint>
          <Trackpoint>
            <Time>2026-04-13T02:09:28.000Z</Time>
            <Position>
              <LatitudeDegrees>-41.65751955471933</LatitudeDegrees>
              <LongitudeDegrees>145.9494852181524</LongitudeDegrees>
            </Position>
            <AltitudeMeters>1508.199951171875</AltitudeMeters>
            <DistanceMeters>3803.070068359375</DistanceMeters>
            <Extensions>
              <ns3:TPX>
                <ns3:Speed>1.1299999952316284</ns3:Speed>
              </ns3:TPX>
            </Extensions>
          </Trackpoint>
          <Trackpoint>
            <Time>2026-04-13T02:09:38.000Z</Time>
            <Position>
              <LatitudeDegrees>-41.65746163576841</LatitudeDegrees>
              <LongitudeDegrees>145.94943702220917</LongitudeDegrees>
            </Position>
            <AltitudeMeters>1506.5999755859375</AltitudeMeters>
            <DistanceMeters>3810.739990234375</DistanceMeters>
            <Extensions>
              <ns3:TPX>
                <ns3:Speed>0.8299999833106995</ns3:Speed>
              </ns3:TPX>
            </Extensions>
          </Trackpoint>
          <Trackpoint>
            <Time>2026-04-13T02:09:49.000Z</Time>
            <Position>
              <LatitudeDegrees>-41.65740287862718</LatitudeDegrees>
              <LongitudeDegrees>145.94936845824122</LongitudeDegrees>
            </Position>
            <AltitudeMeters>1505.5999755859375</AltitudeMeters>
            <DistanceMeters>3819.5</DistanceMeters>
            <Extensions>
              <ns3:TPX>
                <ns3:Speed>1.1100000143051147</ns3:Speed>
              </ns3:TPX>
            </Extensions>
          </Trackpoint>
          <Trackpoint>
            <Time>2026-04-13T02:09:50.000Z</Time>
            <Position>
              <LatitudeDegrees>-41.65739709511399</LatitudeDegrees>
              <LongitudeDegrees>145.94935672357678</LongitudeDegrees>
            </Position>
            <AltitudeMeters>1505.4000244140625</AltitudeMeters>
            <DistanceMeters>3820.669921875</DistanceMeters>
            <Extensions>
              <ns3:TPX>
                <ns3:Speed>1.2400000095367432</ns3:Speed>
              </ns3:TPX>
            </Extensions>
          </Trackpoint>
          <Trackpoint>
            <Time>2026-04-13T02:09:51.000Z</Time>
            <Position>
              <LatitudeDegrees>-41.65738753974438</LatitudeDegrees>
              <LongitudeDegrees>145.94934582710266</LongitudeDegrees>
            </Position>
            <AltitudeMeters>1505.4000244140625</AltitudeMeters>
            <DistanceMeters>3822.080078125</DistanceMeters>
            <Extensions>
              <ns3:TPX>
                <ns3:Speed>1.3899999856948853</ns3:Speed>
              </ns3:TPX>
            </Extensions>
          </Trackpoint>
          <Trackpoint>
            <Time>2026-04-13T02:09:52.000Z</Time>
            <Position>
              <LatitudeDegrees>-41.65737798437476</LatitudeDegrees>
              <LongitudeDegrees>145.94933518208563</LongitudeDegrees>
            </Position>
            <AltitudeMeters>1505.4000244140625</AltitudeMeters>
            <DistanceMeters>3823.47998046875</DistanceMeters>
            <Extensions>
              <ns3:TPX>
                <ns3:Speed>1.350000023841858</ns3:Speed>
              </ns3:TPX>
            </Extensions>
          </Trackpoint>
          <Trackpoint>
            <Time>2026-04-13T02:09:53.000Z</Time>
            <Position>
              <LatitudeDegrees>-41.6573690995574</LatitudeDegrees>
              <LongitudeDegrees>145.9493234474212</LongitudeDegrees>
            </Position>
            <AltitudeMeters>1505.4000244140625</AltitudeMeters>
            <DistanceMeters>3824.889892578125</DistanceMeters>
            <Extensions>
              <ns3:TPX>
                <ns3:Speed>1.350000023841858</ns3:Speed>
              </ns3:TPX>
            </Extensions>
          </Trackpoint>
          <Trackpoint>
            <Time>2026-04-13T02:09:54.000Z</Time>
            <Position>
              <LatitudeDegrees>-41.65736314840615</LatitudeDegrees>
              <LongitudeDegrees>145.9493128862232</LongitudeDegrees>
            </Position>
            <AltitudeMeters>1505.4000244140625</AltitudeMeters>
            <DistanceMeters>3825.989990234375</DistanceMeters>
            <Extensions>
              <ns3:TPX>
                <ns3:Speed>1.2200000286102295</ns3:Speed>
              </ns3:TPX>
            </Extensions>
          </Trackpoint>
          <Trackpoint>
            <Time>2026-04-13T02:10:04.000Z</Time>
            <Position>
              <LatitudeDegrees>-41.65728762745857</LatitudeDegrees>
              <LongitudeDegrees>145.94921465031803</LongitudeDegrees>
            </Position>
            <AltitudeMeters>1505.5999755859375</AltitudeMeters>
            <DistanceMeters>3837.81005859375</DistanceMeters>
            <Extensions>
              <ns3:TPX>
                <ns3:Speed>1.2100000381469727</ns3:Speed>
              </ns3:TPX>
            </Extensions>
          </Trackpoint>
          <Trackpoint>
            <Time>2026-04-13T02:10:12.000Z</Time>
            <Position>
              <LatitudeDegrees>-41.657216381281614</LatitudeDegrees>
              <LongitudeDegrees>145.94915497116745</LongitudeDegrees>
            </Position>
            <AltitudeMeters>1505.800048828125</AltitudeMeters>
            <DistanceMeters>3847.260009765625</DistanceMeters>
            <Extensions>
              <ns3:TPX>
                <ns3:Speed>1.6299999952316284</ns3:Speed>
              </ns3:TPX>
            </Extensions>
          </Trackpoint>
          <Trackpoint>
            <Time>2026-04-13T02:10:13.000Z</Time>
            <Position>
              <LatitudeDegrees>-41.6572084184736</LatitudeDegrees>
              <LongitudeDegrees>145.94914591871202</LongitudeDegrees>
            </Position>
            <AltitudeMeters>1506.0</AltitudeMeters>
            <DistanceMeters>3848.43994140625</DistanceMeters>
            <Extensions>
              <ns3:TPX>
                <ns3:Speed>1.1100000143051147</ns3:Speed>
              </ns3:TPX>
            </Extensions>
          </Trackpoint>
          <Trackpoint>
            <Time>2026-04-13T02:10:14.000Z</Time>
            <Position>
              <LatitudeDegrees>-41.657198863103986</LatitudeDegrees>
              <LongitudeDegrees>145.94914273358881</LongitudeDegrees>
            </Position>
            <AltitudeMeters>1506.4000244140625</AltitudeMeters>
            <DistanceMeters>3849.550048828125</DistanceMeters>
            <Extensions>
              <ns3:TPX>
                <ns3:Speed>1.25</ns3:Speed>
              </ns3:TPX>
            </Extensions>
          </Trackpoint>
          <Trackpoint>
            <Time>2026-04-13T02:10:25.000Z</Time>
            <Position>
              <LatitudeDegrees>-41.65708336047828</LatitudeDegrees>
              <LongitudeDegrees>145.94912588596344</LongitudeDegrees>
            </Position>
            <AltitudeMeters>1508.800048828125</AltitudeMeters>
            <DistanceMeters>3862.6298828125</DistanceMeters>
            <Extensions>
              <ns3:TPX>
                <ns3:Speed>1.399999976158142</ns3:Speed>
              </ns3:TPX>
            </Extensions>
          </Trackpoint>
          <Trackpoint>
            <Time>2026-04-13T02:10:36.000Z</Time>
            <Position>
              <LatitudeDegrees>-41.656954027712345</LatitudeDegrees>
              <LongitudeDegrees>145.94907542690635</LongitudeDegrees>
            </Position>
            <AltitudeMeters>1509.0</AltitudeMeters>
            <DistanceMeters>3877.7900390625</DistanceMeters>
            <Extensions>
              <ns3:TPX>
                <ns3:Speed>1.4299999475479126</ns3:Speed>
              </ns3:TPX>
            </Extensions>
          </Trackpoint>
          <Trackpoint>
            <Time>2026-04-13T02:10:49.000Z</Time>
            <Position>
              <LatitudeDegrees>-41.656818659976125</LatitudeDegrees>
              <LongitudeDegrees>145.9489566553384</LongitudeDegrees>
            </Position>
            <AltitudeMeters>1508.800048828125</AltitudeMeters>
            <DistanceMeters>3895.989990234375</DistanceMeters>
            <Extensions>
              <ns3:TPX>
                <ns3:Speed>1.350000023841858</ns3:Speed>
              </ns3:TPX>
            </Extensions>
          </Trackpoint>
          <Trackpoint>
            <Time>2026-04-13T02:11:01.000Z</Time>
            <Position>
              <LatitudeDegrees>-41.65668555535376</LatitudeDegrees>
              <LongitudeDegrees>145.94883914105594</LongitudeDegrees>
            </Position>
            <AltitudeMeters>1508.199951171875</AltitudeMeters>
            <DistanceMeters>3913.909912109375</DistanceMeters>
            <Extensions>
              <ns3:TPX>
                <ns3:Speed>1.4299999475479126</ns3:Speed>
              </ns3:TPX>
            </Extensions>
          </Trackpoint>
          <Trackpoint>
            <Time>2026-04-13T02:11:10.000Z</Time>
            <Position>
              <LatitudeDegrees>-41.656594946980476</LatitudeDegrees>
              <LongitudeDegrees>145.94874266535044</LongitudeDegrees>
            </Position>
            <AltitudeMeters>1507.0</AltitudeMeters>
            <DistanceMeters>3926.929931640625</DistanceMeters>
            <Extensions>
              <ns3:TPX>
                <ns3:Speed>1.159999966621399</ns3:Speed>
              </ns3:TPX>
            </Extensions>
          </Trackpoint>
          <Trackpoint>
            <Time>2026-04-13T02:11:11.000Z</Time>
            <Position>
              <LatitudeDegrees>-41.6565868165344</LatitudeDegrees>
              <LongitudeDegrees>145.94873218797147</LongitudeDegrees>
            </Position>
            <AltitudeMeters>1506.800048828125</AltitudeMeters>
            <DistanceMeters>3928.199951171875</DistanceMeters>
            <Extensions>
              <ns3:TPX>
                <ns3:Speed>1.399999976158142</ns3:Speed>
              </ns3:TPX>
            </Extensions>
          </Trackpoint>
          <Trackpoint>
            <Time>2026-04-13T02:11:12.000Z</Time>
            <Position>
              <LatitudeDegrees>-41.65657944045961</LatitudeDegrees>
              <LongitudeDegrees>145.94871844165027</LongitudeDegrees>
            </Position>
            <AltitudeMeters>1506.800048828125</AltitudeMeters>
            <DistanceMeters>3929.6201171875</DistanceMeters>
            <Extensions>
              <ns3:TPX>
                <ns3:Speed>1.440000057220459</ns3:Speed>
              </ns3:TPX>
            </Extensions>
          </Trackpoint>
          <Trackpoint>
            <Time>2026-04-13T02:11:13.000Z</Time>
            <Position>
              <LatitudeDegrees>-41.65657223202288</LatitudeDegrees>
              <LongitudeDegrees>145.94870704226196</LongitudeDegrees>
            </Position>
            <AltitudeMeters>1506.5999755859375</AltitudeMeters>
            <DistanceMeters>3930.8701171875</DistanceMeters>
            <Extensions>
              <ns3:TPX>
                <ns3:Speed>1.190000057220459</ns3:Speed>
              </ns3:TPX>
            </Extensions>
          </Trackpoint>
          <Trackpoint>
            <Time>2026-04-13T02:11:14.000Z</Time>
            <Position>
              <LatitudeDegrees>-41.65656334720552</LatitudeDegrees>
              <LongitudeDegrees>145.94869731925428</LongitudeDegrees>
            </Position>
            <AltitudeMeters>1506.5999755859375</AltitudeMeters>
            <DistanceMeters>3932.159912109375</DistanceMeters>
            <Extensions>
              <ns3:TPX>
                <ns3:Speed>1.4500000476837158</ns3:Speed>
              </ns3:TPX>
            </Extensions>
          </Trackpoint>
          <Trackpoint>
            <Time>2026-04-13T02:11:15.000Z</Time>
            <Position>
              <LatitudeDegrees>-41.65655077435076</LatitudeDegrees>
              <LongitudeDegrees>145.94868885353208</LongitudeDegrees>
            </Position>
            <AltitudeMeters>1506.5999755859375</AltitudeMeters>
            <DistanceMeters>3933.739990234375</DistanceMeters>
            <Extensions>
              <ns3:TPX>
                <ns3:Speed>1.6200000047683716</ns3:Speed>
              </ns3:TPX>
            </Extensions>
          </Trackpoint>
          <Trackpoint>
            <Time>2026-04-13T02:11:16.000Z</Time>
            <Position>
              <LatitudeDegrees>-41.65653945878148</LatitudeDegrees>
              <LongitudeDegrees>145.9486802201718</LongitudeDegrees>
            </Position>
            <AltitudeMeters>1506.4000244140625</AltitudeMeters>
            <DistanceMeters>3935.2099609375</DistanceMeters>
            <Extensions>
              <ns3:TPX>
                <ns3:Speed>1.309999942779541</ns3:Speed>
              </ns3:TPX>
            </Extensions>
          </Trackpoint>
          <Trackpoint>
            <Time>2026-04-13T02:11:17.000Z</Time>
            <Position>
              <LatitudeDegrees>-41.65652981959283</LatitudeDegrees>
              <LongitudeDegrees>145.94866923987865</LongitudeDegrees>
            </Position>
            <AltitudeMeters>1506.4000244140625</AltitudeMeters>
            <DistanceMeters>3936.6298828125</DistanceMeters>
            <Extensions>
              <ns3:TPX>
                <ns3:Speed>1.5199999809265137</ns3:Speed>
              </ns3:TPX>
            </Extensions>
          </Trackpoint>
          <Trackpoint>
            <Time>2026-04-13T02:11:27.000Z</Time>
            <Position>
              <LatitudeDegrees>-41.65641959756613</LatitudeDegrees>
              <LongitudeDegrees>145.94857611693442</LongitudeDegrees>
            </Position>
            <AltitudeMeters>1506.0</AltitudeMeters>
            <DistanceMeters>3951.280029296875</DistanceMeters>
            <Extensions>
              <ns3:TPX>
                <ns3:Speed>1.4199999570846558</ns3:Speed>
              </ns3:TPX>
            </Extensions>
          </Trackpoint>
          <Trackpoint>
            <Time>2026-04-13T02:11:39.000Z</Time>
            <Position>
              <LatitudeDegrees>-41.656299317255616</LatitudeDegrees>
              <LongitudeDegrees>145.9484521485865</LongitudeDegrees>
            </Position>
            <AltitudeMeters>1508.0</AltitudeMeters>
            <DistanceMeters>3968.340087890625</DistanceMeters>
            <Extensions>
              <ns3:TPX>
                <ns3:Speed>1.3600000143051147</ns3:Speed>
              </ns3:TPX>
            </Extensions>
          </Trackpoint>
          <Trackpoint>
            <Time>2026-04-13T02:11:50.000Z</Time>
            <Position>
              <LatitudeDegrees>-41.65618708357215</LatitudeDegrees>
              <LongitudeDegrees>145.94834301620722</LongitudeDegrees>
            </Position>
            <AltitudeMeters>1507.199951171875</AltitudeMeters>
            <DistanceMeters>3983.929931640625</DistanceMeters>
            <Extensions>
              <ns3:TPX>
                <ns3:Speed>1.6100000143051147</ns3:Speed>
              </ns3:TPX>
            </Extensions>
          </Trackpoint>
          <Trackpoint>
            <Time>2026-04-13T02:11:52.000Z</Time>
            <Position>
              <LatitudeDegrees>-41.65616889484227</LatitudeDegrees>
              <LongitudeDegrees>145.94832004979253</LongitudeDegrees>
            </Position>
            <AltitudeMeters>1507.199951171875</AltitudeMeters>
            <DistanceMeters>3986.739990234375</DistanceMeters>
            <Extensions>
              <ns3:TPX>
                <ns3:Speed>1.6699999570846558</ns3:Speed>
              </ns3:TPX>
            </Extensions>
          </Trackpoint>
          <Trackpoint>
            <Time>2026-04-13T02:11:53.000Z</Time>
            <Position>
              <LatitudeDegrees>-41.65616068057716</LatitudeDegrees>
              <LongitudeDegrees>145.94830554910004</LongitudeDegrees>
            </Position>
            <AltitudeMeters>1507.199951171875</AltitudeMeters>
            <DistanceMeters>3988.27001953125</DistanceMeters>
            <Extensions>
              <ns3:TPX>
                <ns3:Speed>1.3700000047683716</ns3:Speed>
              </ns3:TPX>
            </Extensions>
          </Trackpoint>
          <Trackpoint>
            <Time>2026-04-13T02:11:54.000Z</Time>
            <Position>
              <LatitudeDegrees>-41.65615229867399</LatitudeDegrees>
              <LongitudeDegrees>145.94829414971173</LongitudeDegrees>
            </Position>
            <AltitudeMeters>1507.0</AltitudeMeters>
            <DistanceMeters>3989.610107421875</DistanceMeters>
            <Extensions>
              <ns3:TPX>
                <ns3:Speed>1.3899999856948853</ns3:Speed>
              </ns3:TPX>
            </Extensions>
          </Trackpoint>
          <Trackpoint>
            <Time>2026-04-13T02:11:55.000Z</Time>
            <Position>
              <LatitudeDegrees>-41.65614173747599</LatitudeDegrees>
              <LongitudeDegrees>145.9482821635902</LongitudeDegrees>
            </Position>
            <AltitudeMeters>1507.0</AltitudeMeters>
            <DistanceMeters>3991.169921875</DistanceMeters>
            <Extensions>
              <ns3:TPX>
                <ns3:Speed>1.5700000524520874</ns3:Speed>
              </ns3:TPX>
            </Extensions>
          </Trackpoint>
          <Trackpoint>
            <Time>2026-04-13T02:11:56.000Z</Time>
            <Position>
              <LatitudeDegrees>-41.656131679192185</LatitudeDegrees>
              <LongitudeDegrees>145.948271099478</LongitudeDegrees>
            </Position>
            <AltitudeMeters>1507.0</AltitudeMeters>
            <DistanceMeters>3992.639892578125</DistanceMeters>
            <Extensions>
              <ns3:TPX>
                <ns3:Speed>1.2599999904632568</ns3:Speed>
              </ns3:TPX>
            </Extensions>
          </Trackpoint>
          <Trackpoint>
            <Time>2026-04-13T02:11:57.000Z</Time>
            <Position>
              <LatitudeDegrees>-41.65612346492708</LatitudeDegrees>
              <LongitudeDegrees>145.9482610411942</LongitudeDegrees>
            </Position>
            <AltitudeMeters>1506.5999755859375</AltitudeMeters>
            <DistanceMeters>3993.89990234375</DistanceMeters>
            <Extensions>
              <ns3:TPX>
                <ns3:Speed>1.2400000095367432</ns3:Speed>
              </ns3:TPX>
            </Extensions>
          </Trackpoint>
          <Trackpoint>
            <Time>2026-04-13T02:11:58.000Z</Time>
            <Position>
              <LatitudeDegrees>-41.65611583739519</LatitudeDegrees>
              <LongitudeDegrees>145.94824813306332</LongitudeDegrees>
            </Position>
            <AltitudeMeters>1506.4000244140625</AltitudeMeters>
            <DistanceMeters>3995.280029296875</DistanceMeters>
            <Extensions>
              <ns3:TPX>
                <ns3:Speed>1.4199999570846558</ns3:Speed>
              </ns3:TPX>
            </Extensions>
          </Trackpoint>
          <Trackpoint>
            <Time>2026-04-13T02:11:59.000Z</Time>
            <Position>
              <LatitudeDegrees>-41.65610904805362</LatitudeDegrees>
              <LongitudeDegrees>145.94823572784662</LongitudeDegrees>
            </Position>
            <AltitudeMeters>1506.4000244140625</AltitudeMeters>
            <DistanceMeters>3996.56005859375</DistanceMeters>
            <Extensions>
              <ns3:TPX>
                <ns3:Speed>1.2000000476837158</ns3:Speed>
              </ns3:TPX>
            </Extensions>
          </Trackpoint>
          <Trackpoint>
            <Time>2026-04-13T02:12:00.000Z</Time>
            <Position>
              <LatitudeDegrees>-41.65610049851239</LatitudeDegrees>
              <LongitudeDegrees>145.94822541810572</LongitudeDegrees>
            </Position>
            <AltitudeMeters>1506.4000244140625</AltitudeMeters>
            <DistanceMeters>3997.860107421875</DistanceMeters>
            <Extensions>
              <ns3:TPX>
                <ns3:Speed>1.3300000429153442</ns3:Speed>
              </ns3:TPX>
            </Extensions>
          </Trackpoint>
          <Trackpoint>
            <Time>2026-04-13T02:12:01.000Z</Time>
            <Position>
              <LatitudeDegrees>-41.65609085932374</LatitudeDegrees>
              <LongitudeDegrees>145.94821552745998</LongitudeDegrees>
            </Position>
            <AltitudeMeters>1506.4000244140625</AltitudeMeters>
            <DistanceMeters>3999.219970703125</DistanceMeters>
            <Extensions>
              <ns3:TPX>
                <ns3:Speed>1.2200000286102295</ns3:Speed>
              </ns3:TPX>
            </Extensions>
          </Trackpoint>
          <Trackpoint>
            <Time>2026-04-13T02:12:02.000Z</Time>
            <Position>
              <LatitudeDegrees>-41.65608197450638</LatitudeDegrees>
              <LongitudeDegrees>145.948207648471</LongitudeDegrees>
            </Position>
            <AltitudeMeters>1506.4000244140625</AltitudeMeters>
            <DistanceMeters>4000.429931640625</DistanceMeters>
            <Extensions>
              <ns3:TPX>
                <ns3:Speed>1.2300000190734863</ns3:Speed>
              </ns3:TPX>
            </Extensions>
          </Trackpoint>
          <Trackpoint>
            <Time>2026-04-13T02:12:03.000Z</Time>
            <Position>
              <LatitudeDegrees>-41.65607116185129</LatitudeDegrees>
              <LongitudeDegrees>145.94819792546332</LongitudeDegrees>
            </Position>
            <AltitudeMeters>1506.4000244140625</AltitudeMeters>
            <DistanceMeters>4001.889892578125</DistanceMeters>
            <Extensions>
              <ns3:TPX>
                <ns3:Speed>1.5299999713897705</ns3:Speed>
              </ns3:TPX>
            </Extensions>
          </Trackpoint>
          <Trackpoint>
            <Time>2026-04-13T02:12:04.000Z</Time>
            <Position>
              <LatitudeDegrees>-41.65606143884361</LatitudeDegrees>
              <LongitudeDegrees>145.94818619079888</LongitudeDegrees>
            </Position>
            <AltitudeMeters>1506.4000244140625</AltitudeMeters>
            <DistanceMeters>4003.3701171875</DistanceMeters>
            <Extensions>
              <ns3:TPX>
                <ns3:Speed>1.309999942779541</ns3:Speed>
              </ns3:TPX>
            </Extensions>
          </Trackpoint>
          <Trackpoint>
            <Time>2026-04-13T02:12:08.000Z</Time>
            <Position>
              <LatitudeDegrees>-41.65601642802358</LatitudeDegrees>
              <LongitudeDegrees>145.9481508191675</LongitudeDegrees>
            </Position>
            <AltitudeMeters>1506.0</AltitudeMeters>
            <DistanceMeters>4009.239990234375</DistanceMeters>
            <Extensions>
              <ns3:TPX>
                <ns3:Speed>1.409999966621399</ns3:Speed>
              </ns3:TPX>
            </Extensions>
          </Trackpoint>
          <Trackpoint>
            <Time>2026-04-13T02:12:09.000Z</Time>
            <Position>
              <LatitudeDegrees>-41.656008549034595</LatitudeDegrees>
              <LongitudeDegrees>145.94813615083694</LongitudeDegrees>
            </Position>
            <AltitudeMeters>1505.800048828125</AltitudeMeters>
            <DistanceMeters>4010.760009765625</DistanceMeters>
            <Extensions>
              <ns3:TPX>
                <ns3:Speed>1.4900000095367432</ns3:Speed>
              </ns3:TPX>
            </Extensions>
          </Trackpoint>
          <Trackpoint>
            <Time>2026-04-13T02:12:10.000Z</Time>
            <Position>
              <LatitudeDegrees>-41.65600175969303</LatitudeDegrees>
              <LongitudeDegrees>145.94812165014446</LongitudeDegrees>
            </Position>
            <AltitudeMeters>1505.800048828125</AltitudeMeters>
            <DistanceMeters>4012.18994140625</DistanceMeters>
            <Extensions>
              <ns3:TPX>
                <ns3:Speed>1.3600000143051147</ns3:Speed>
              </ns3:TPX>
            </Extensions>
          </Trackpoint>
          <Trackpoint>
            <Time>2026-04-13T02:12:11.000Z</Time>
            <Position>
              <LatitudeDegrees>-41.65599329397082</LatitudeDegrees>
              <LongitudeDegrees>145.94810865819454</LongitudeDegrees>
            </Position>
            <AltitudeMeters>1505.800048828125</AltitudeMeters>
            <DistanceMeters>4013.639892578125</DistanceMeters>
            <Extensions>
              <ns3:TPX>
                <ns3:Speed>1.440000057220459</ns3:Speed>
              </ns3:TPX>
            </Extensions>
          </Trackpoint>
          <Trackpoint>
            <Time>2026-04-13T02:12:12.000Z</Time>
            <Position>
              <LatitudeDegrees>-41.65598331950605</LatitudeDegrees>
              <LongitudeDegrees>145.9480950795114</LongitudeDegrees>
            </Position>
            <AltitudeMeters>1505.800048828125</AltitudeMeters>
            <DistanceMeters>4015.22998046875</DistanceMeters>
            <Extensions>
              <ns3:TPX>
                <ns3:Speed>1.4800000190734863</ns3:Speed>
              </ns3:TPX>
            </Extensions>
          </Trackpoint>
          <Trackpoint>
            <Time>2026-04-13T02:12:13.000Z</Time>
            <Position>
              <LatitudeDegrees>-41.6559739317745</LatitudeDegrees>
              <LongitudeDegrees>145.94808409921825</LongitudeDegrees>
            </Position>
            <AltitudeMeters>1506.0</AltitudeMeters>
            <DistanceMeters>4016.6298828125</DistanceMeters>
            <Extensions>
              <ns3:TPX>
                <ns3:Speed>1.1699999570846558</ns3:Speed>
              </ns3:TPX>
            </Extensions>
          </Trackpoint>
          <Trackpoint>
            <Time>2026-04-13T02:12:14.000Z</Time>
            <Position>
              <LatitudeDegrees>-41.65596437640488</LatitudeDegrees>
              <LongitudeDegrees>145.94807529821992</LongitudeDegrees>
            </Position>
            <AltitudeMeters>1506.0</AltitudeMeters>
            <DistanceMeters>4017.93994140625</DistanceMeters>
            <Extensions>
              <ns3:TPX>
                <ns3:Speed>1.3200000524520874</ns3:Speed>
              </ns3:TPX>
            </Extensions>
          </Trackpoint>
          <Trackpoint>
            <Time>2026-04-13T02:12:15.000Z</Time>
            <Position>
              <LatitudeDegrees>-41.655954234302044</LatitudeDegrees>
              <LongitudeDegrees>145.94806674867868</LongitudeDegrees>
            </Position>
            <AltitudeMeters>1506.199951171875</AltitudeMeters>
            <DistanceMeters>4019.2900390625</DistanceMeters>
            <Extensions>
              <ns3:TPX>
                <ns3:Speed>1.190000057220459</ns3:Speed>
              </ns3:TPX>
            </Extensions>
          </Trackpoint>
          <Trackpoint>
            <Time>2026-04-13T02:12:16.000Z</Time>
            <Position>
              <LatitudeDegrees>-41.65594333782792</LatitudeDegrees>
              <LongitudeDegrees>145.9480612166226</LongitudeDegrees>
            </Position>
            <AltitudeMeters>1506.4000244140625</AltitudeMeters>
            <DistanceMeters>4020.610107421875</DistanceMeters>
            <Extensions>
              <ns3:TPX>
                <ns3:Speed>1.2799999713897705</ns3:Speed>
              </ns3:TPX>
            </Extensions>
          </Trackpoint>
          <Trackpoint>
            <Time>2026-04-13T02:12:17.000Z</Time>
            <Position>
              <LatitudeDegrees>-41.655930345878005</LatitudeDegrees>
              <LongitudeDegrees>145.948054343462</LongitudeDegrees>
            </Position>
            <AltitudeMeters>1506.5999755859375</AltitudeMeters>
            <DistanceMeters>4022.179931640625</DistanceMeters>
            <Extensions>
              <ns3:TPX>
                <ns3:Speed>1.649999976158142</ns3:Speed>
              </ns3:TPX>
            </Extensions>
          </Trackpoint>
          <Trackpoint>
            <Time>2026-04-13T02:12:18.000Z</Time>
            <Position>
              <LatitudeDegrees>-41.65591794066131</LatitudeDegrees>
              <LongitudeDegrees>145.94804554246366</LongitudeDegrees>
            </Position>
            <AltitudeMeters>1506.5999755859375</AltitudeMeters>
            <DistanceMeters>4023.75</DistanceMeters>
            <Extensions>
              <ns3:TPX>
                <ns3:Speed>1.399999976158142</ns3:Speed>
              </ns3:TPX>
            </Extensions>
          </Trackpoint>
          <Trackpoint>
            <Time>2026-04-13T02:12:19.000Z</Time>
            <Position>
              <LatitudeDegrees>-41.65590821765363</LatitudeDegrees>
              <LongitudeDegrees>145.94803732819855</LongitudeDegrees>
            </Position>
            <AltitudeMeters>1506.800048828125</AltitudeMeters>
            <DistanceMeters>4025.050048828125</DistanceMeters>
            <Extensions>
              <ns3:TPX>
                <ns3:Speed>1.2000000476837158</ns3:Speed>
              </ns3:TPX>
            </Extensions>
          </Trackpoint>
          <Trackpoint>
            <Time>2026-04-13T02:12:20.000Z</Time>
            <Position>
              <LatitudeDegrees>-41.655897572636604</LatitudeDegrees>
              <LongitudeDegrees>145.94803154468536</LongitudeDegrees>
            </Position>
            <AltitudeMeters>1506.800048828125</AltitudeMeters>
            <DistanceMeters>4026.35009765625</DistanceMeters>
            <Extensions>
              <ns3:TPX>
                <ns3:Speed>1.3600000143051147</ns3:Speed>
              </ns3:TPX>
            </Extensions>
          </Trackpoint>
          <Trackpoint>
            <Time>2026-04-13T02:12:21.000Z</Time>
            <Position>
              <LatitudeDegrees>-41.65588692761958</LatitudeDegrees>
              <LongitudeDegrees>145.94802442006767</LongitudeDegrees>
            </Position>
            <AltitudeMeters>1507.0</AltitudeMeters>
            <DistanceMeters>4027.68994140625</DistanceMeters>
            <Extensions>
              <ns3:TPX>
                <ns3:Speed>1.309999942779541</ns3:Speed>
              </ns3:TPX>
            </Extensions>
          </Trackpoint>
          <Trackpoint>
            <Time>2026-04-13T02:12:22.000Z</Time>
            <Position>
              <LatitudeDegrees>-41.65587678551674</LatitudeDegrees>
              <LongitudeDegrees>145.9480160381645</LongitudeDegrees>
            </Position>
            <AltitudeMeters>1507.199951171875</AltitudeMeters>
            <DistanceMeters>4029.030029296875</DistanceMeters>
            <Extensions>
              <ns3:TPX>
                <ns3:Speed>1.4199999570846558</ns3:Speed>
              </ns3:TPX>
            </Extensions>
          </Trackpoint>
          <Trackpoint>
            <Time>2026-04-13T02:12:23.000Z</Time>
            <Position>
              <LatitudeDegrees>-41.65586379356682</LatitudeDegrees>
              <LongitudeDegrees>145.9480073209852</LongitudeDegrees>
            </Position>
            <AltitudeMeters>1507.4000244140625</AltitudeMeters>
            <DistanceMeters>4030.669921875</DistanceMeters>
            <Extensions>
              <ns3:TPX>
                <ns3:Speed>1.659999966621399</ns3:Speed>
              </ns3:TPX>
            </Extensions>
          </Trackpoint>
          <Trackpoint>
            <Time>2026-04-13T02:12:31.000Z</Time>
            <Position>
              <LatitudeDegrees>-41.65577226318419</LatitudeDegrees>
              <LongitudeDegrees>145.9479903895408</LongitudeDegrees>
            </Position>
            <AltitudeMeters>1508.199951171875</AltitudeMeters>
            <DistanceMeters>4041.070068359375</DistanceMeters>
            <Extensions>
              <ns3:TPX>
                <ns3:Speed>1.159999966621399</ns3:Speed>
              </ns3:TPX>
            </Extensions>
          </Trackpoint>
          <Trackpoint>
            <Time>2026-04-13T02:12:42.000Z</Time>
            <Position>
              <LatitudeDegrees>-41.65565198287368</LatitudeDegrees>
              <LongitudeDegrees>145.94804093241692</LongitudeDegrees>
            </Position>
            <AltitudeMeters>1506.0</AltitudeMeters>
            <DistanceMeters>4055.260009765625</DistanceMeters>
            <Extensions>
              <ns3:TPX>
                <ns3:Speed>1.25</ns3:Speed>
              </ns3:TPX>
            </Extensions>
          </Trackpoint>
          <Trackpoint>
            <Time>2026-04-13T02:12:50.000Z</Time>
            <Position>
              <LatitudeDegrees>-41.655573192983866</LatitudeDegrees>
              <LongitudeDegrees>145.94807378947735</LongitudeDegrees>
            </Position>
            <AltitudeMeters>1503.0</AltitudeMeters>
            <DistanceMeters>4064.56005859375</DistanceMeters>
            <Extensions>
              <ns3:TPX>
                <ns3:Speed>1.0800000429153442</ns3:Speed>
              </ns3:TPX>
            </Extensions>
          </Trackpoint>
          <Trackpoint>
            <Time>2026-04-13T02:12:59.000Z</Time>
            <Position>
              <LatitudeDegrees>-41.655520889908075</LatitudeDegrees>
              <LongitudeDegrees>145.94812424853444</LongitudeDegrees>
            </Position>
            <AltitudeMeters>1499.800048828125</AltitudeMeters>
            <DistanceMeters>4071.820068359375</DistanceMeters>
            <Extensions>
              <ns3:TPX>
                <ns3:Speed>0.6899999976158142</ns3:Speed>
              </ns3:TPX>
            </Extensions>
          </Trackpoint>
          <Trackpoint>
            <Time>2026-04-13T02:13:02.000Z</Time>
            <Position>
              <LatitudeDegrees>-41.655495995655656</LatitudeDegrees>
              <LongitudeDegrees>145.9481365699321</LongitudeDegrees>
            </Position>
            <AltitudeMeters>1498.800048828125</AltitudeMeters>
            <DistanceMeters>4074.81005859375</DistanceMeters>
            <Extensions>
              <ns3:TPX>
                <ns3:Speed>1.1299999952316284</ns3:Speed>
              </ns3:TPX>
            </Extensions>
          </Trackpoint>
          <Trackpoint>
            <Time>2026-04-13T02:13:03.000Z</Time>
            <Position>
              <LatitudeDegrees>-41.65548543445766</LatitudeDegrees>
              <LongitudeDegrees>145.94813799485564</LongitudeDegrees>
            </Position>
            <AltitudeMeters>1498.4000244140625</AltitudeMeters>
            <DistanceMeters>4076.010009765625</DistanceMeters>
            <Extensions>
              <ns3:TPX>
                <ns3:Speed>1.2999999523162842</ns3:Speed>
              </ns3:TPX>
            </Extensions>
          </Trackpoint>
          <Trackpoint>
            <Time>2026-04-13T02:13:04.000Z</Time>
            <Position>
              <LatitudeDegrees>-41.655474035069346</LatitudeDegrees>
              <LongitudeDegrees>145.9481386654079</LongitudeDegrees>
            </Position>
            <AltitudeMeters>1497.800048828125</AltitudeMeters>
            <DistanceMeters>4077.300048828125</DistanceMeters>
            <Extensions>
              <ns3:TPX>
                <ns3:Speed>1.340000033378601</ns3:Speed>
              </ns3:TPX>
            </Extensions>
          </Trackpoint>
          <Trackpoint>
            <Time>2026-04-13T02:13:06.000Z</Time>
            <Position>
              <LatitudeDegrees>-41.65545425377786</LatitudeDegrees>
              <LongitudeDegrees>145.94814495183527</LongitudeDegrees>
            </Position>
            <AltitudeMeters>1497.0</AltitudeMeters>
            <DistanceMeters>4079.60009765625</DistanceMeters>
            <Extensions>
              <ns3:TPX>
                <ns3:Speed>1.350000023841858</ns3:Speed>
              </ns3:TPX>
            </Extensions>
          </Trackpoint>
          <Trackpoint>
            <Time>2026-04-13T02:13:16.000Z</Time>
            <Position>
              <LatitudeDegrees>-41.65538292378187</LatitudeDegrees>
              <LongitudeDegrees>145.94817386940122</LongitudeDegrees>
            </Position>
            <AltitudeMeters>1493.5999755859375</AltitudeMeters>
            <DistanceMeters>4087.989990234375</DistanceMeters>
            <Extensions>
              <ns3:TPX>
                <ns3:Speed>1.059999942779541</ns3:Speed>
              </ns3:TPX>
            </Extensions>
          </Trackpoint>
          <Trackpoint>
            <Time>2026-04-13T02:13:17.000Z</Time>
            <Position>
              <LatitudeDegrees>-41.655371775850654</LatitudeDegrees>
              <LongitudeDegrees>145.9481711871922</LongitudeDegrees>
            </Position>
            <AltitudeMeters>1493.199951171875</AltitudeMeters>
            <DistanceMeters>4089.260009765625</DistanceMeters>
            <Extensions>
              <ns3:TPX>
                <ns3:Speed>1.350000023841858</ns3:Speed>
              </ns3:TPX>
            </Extensions>
          </Trackpoint>
          <Trackpoint>
            <Time>2026-04-13T02:13:18.000Z</Time>
            <Position>
              <LatitudeDegrees>-41.65536087937653</LatitudeDegrees>
              <LongitudeDegrees>145.94816607423127</LongitudeDegrees>
            </Position>
            <AltitudeMeters>1492.800048828125</AltitudeMeters>
            <DistanceMeters>4090.56005859375</DistanceMeters>
            <Extensions>
              <ns3:TPX>
                <ns3:Speed>1.1299999952316284</ns3:Speed>
              </ns3:TPX>
            </Extensions>
          </Trackpoint>
          <Trackpoint>
            <Time>2026-04-13T02:13:22.000Z</Time>
            <Position>
              <LatitudeDegrees>-41.65532374754548</LatitudeDegrees>
              <LongitudeDegrees>145.94814704731107</LongitudeDegrees>
            </Position>
            <AltitudeMeters>1492.0</AltitudeMeters>
            <DistanceMeters>4095.0400390625</DistanceMeters>
            <Extensions>
              <ns3:TPX>
                <ns3:Speed>1.340000033378601</ns3:Speed>
              </ns3:TPX>
            </Extensions>
          </Trackpoint>
          <Trackpoint>
            <Time>2026-04-13T02:13:23.000Z</Time>
            <Position>
              <LatitudeDegrees>-41.655311677604914</LatitudeDegrees>
              <LongitudeDegrees>145.94814428128302</LongitudeDegrees>
            </Position>
            <AltitudeMeters>1491.800048828125</AltitudeMeters>
            <DistanceMeters>4096.419921875</DistanceMeters>
            <Extensions>
              <ns3:TPX>
                <ns3:Speed>1.2200000286102295</ns3:Speed>
              </ns3:TPX>
            </Extensions>
          </Trackpoint>
          <Trackpoint>
            <Time>2026-04-13T02:13:25.000Z</Time>
            <Position>
              <LatitudeDegrees>-41.65529332123697</LatitudeDegrees>
              <LongitudeDegrees>145.9481482207775</LongitudeDegrees>
            </Position>
            <AltitudeMeters>1491.5999755859375</AltitudeMeters>
            <DistanceMeters>4098.52001953125</DistanceMeters>
            <Extensions>
              <ns3:TPX>
                <ns3:Speed>1.2599999904632568</ns3:Speed>
              </ns3:TPX>
            </Extensions>
          </Trackpoint>
          <Trackpoint>
            <Time>2026-04-13T02:13:27.000Z</Time>
            <Position>
              <LatitudeDegrees>-41.65527429431677</LatitudeDegrees>
              <LongitudeDegrees>145.94815894961357</LongitudeDegrees>
            </Position>
            <AltitudeMeters>1491.4000244140625</AltitudeMeters>
            <DistanceMeters>4100.85009765625</DistanceMeters>
            <Extensions>
              <ns3:TPX>
                <ns3:Speed>1.1299999952316284</ns3:Speed>
              </ns3:TPX>
            </Extensions>
          </Trackpoint>
          <Trackpoint>
            <Time>2026-04-13T02:13:28.000Z</Time>
            <Position>
              <LatitudeDegrees>-41.655264822766185</LatitudeDegrees>
              <LongitudeDegrees>145.94816272147</LongitudeDegrees>
            </Position>
            <AltitudeMeters>1491.199951171875</AltitudeMeters>
            <DistanceMeters>4101.97021484375</DistanceMeters>
            <Extensions>
              <ns3:TPX>
                <ns3:Speed>1.1699999570846558</ns3:Speed>
              </ns3:TPX>
            </Extensions>
          </Trackpoint>
          <Trackpoint>
            <Time>2026-04-13T02:13:29.000Z</Time>
            <Position>
              <LatitudeDegrees>-41.65525434538722</LatitudeDegrees>
              <LongitudeDegrees>145.94816305674613</LongitudeDegrees>
            </Position>
            <AltitudeMeters>1491.199951171875</AltitudeMeters>
            <DistanceMeters>4103.16015625</DistanceMeters>
            <Extensions>
              <ns3:TPX>
                <ns3:Speed>1.1399999856948853</ns3:Speed>
              </ns3:TPX>
            </Extensions>
          </Trackpoint>
          <Trackpoint>
            <Time>2026-04-13T02:13:37.000Z</Time>
            <Position>
              <LatitudeDegrees>-41.65516977198422</LatitudeDegrees>
              <LongitudeDegrees>145.948152160272</LongitudeDegrees>
            </Position>
            <AltitudeMeters>1491.0</AltitudeMeters>
            <DistanceMeters>4112.72998046875</DistanceMeters>
            <Extensions>
              <ns3:TPX>
                <ns3:Speed>1.149999976158142</ns3:Speed>
              </ns3:TPX>
            </Extensions>
          </Trackpoint>
          <Trackpoint>
            <Time>2026-04-13T02:13:40.000Z</Time>
            <Position>
              <LatitudeDegrees>-41.655143117532134</LatitudeDegrees>
              <LongitudeDegrees>145.94816272147</LongitudeDegrees>
            </Position>
            <AltitudeMeters>1490.5999755859375</AltitudeMeters>
            <DistanceMeters>4115.8701171875</DistanceMeters>
            <Extensions>
              <ns3:TPX>
                <ns3:Speed>1.2899999618530273</ns3:Speed>
              </ns3:TPX>
            </Extensions>
          </Trackpoint>
          <Trackpoint>
            <Time>2026-04-13T02:13:50.000Z</Time>
            <Position>
              <LatitudeDegrees>-41.655060052871704</LatitudeDegrees>
              <LongitudeDegrees>145.94819792546332</LongitudeDegrees>
            </Position>
            <AltitudeMeters>1487.4000244140625</AltitudeMeters>
            <DistanceMeters>4125.68017578125</DistanceMeters>
            <Extensions>
              <ns3:TPX>
                <ns3:Speed>0.5799999833106995</ns3:Speed>
              </ns3:TPX>
            </Extensions>
          </Trackpoint>
          <Trackpoint>
            <Time>2026-04-13T02:13:57.000Z</Time>
            <Position>
              <LatitudeDegrees>-41.65502627380192</LatitudeDegrees>
              <LongitudeDegrees>145.94820823520422</LongitudeDegrees>
            </Position>
            <AltitudeMeters>1484.4000244140625</AltitudeMeters>
            <DistanceMeters>4129.580078125</DistanceMeters>
            <Extensions>
              <ns3:TPX>
                <ns3:Speed>1.159999966621399</ns3:Speed>
              </ns3:TPX>
            </Extensions>
          </Trackpoint>
          <Trackpoint>
            <Time>2026-04-13T02:13:58.000Z</Time>
            <Position>
              <LatitudeDegrees>-41.65501529350877</LatitudeDegrees>
              <LongitudeDegrees>145.9482110850513</LongitudeDegrees>
            </Position>
            <AltitudeMeters>1484.0</AltitudeMeters>
            <DistanceMeters>4130.85009765625</DistanceMeters>
            <Extensions>
              <ns3:TPX>
                <ns3:Speed>1.3300000429153442</ns3:Speed>
              </ns3:TPX>
            </Extensions>
          </Trackpoint>
          <Trackpoint>
            <Time>2026-04-13T02:13:59.000Z</Time>
            <Position>
              <LatitudeDegrees>-41.65500473231077</LatitudeDegrees>
              <LongitudeDegrees>145.9482126776129</LongitudeDegrees>
            </Position>
            <AltitudeMeters>1483.800048828125</AltitudeMeters>
            <DistanceMeters>4132.0498046875</DistanceMeters>
            <Extensions>
              <ns3:TPX>
                <ns3:Speed>1.1200000047683716</ns3:Speed>
              </ns3:TPX>
            </Extensions>
          </Trackpoint>
          <Trackpoint>
            <Time>2026-04-13T02:14:02.000Z</Time>
            <Position>
              <LatitudeDegrees>-41.65497958660126</LatitudeDegrees>
              <LongitudeDegrees>145.94823212362826</LongitudeDegrees>
            </Position>
            <AltitudeMeters>1483.0</AltitudeMeters>
            <DistanceMeters>4135.330078125</DistanceMeters>
            <Extensions>
              <ns3:TPX>
                <ns3:Speed>1.2899999618530273</ns3:Speed>
              </ns3:TPX>
            </Extensions>
          </Trackpoint>
          <Trackpoint>
            <Time>2026-04-13T02:14:03.000Z</Time>
            <Position>
              <LatitudeDegrees>-41.654970198869705</LatitudeDegrees>
              <LongitudeDegrees>145.9482417628169</LongitudeDegrees>
            </Position>
            <AltitudeMeters>1482.800048828125</AltitudeMeters>
            <DistanceMeters>4136.66015625</DistanceMeters>
            <Extensions>
              <ns3:TPX>
                <ns3:Speed>1.25</ns3:Speed>
              </ns3:TPX>
            </Extensions>
          </Trackpoint>
          <Trackpoint>
            <Time>2026-04-13T02:14:04.000Z</Time>
            <Position>
              <LatitudeDegrees>-41.654958967119455</LatitudeDegrees>
              <LongitudeDegrees>145.94824737869203</LongitudeDegrees>
            </Position>
            <AltitudeMeters>1482.800048828125</AltitudeMeters>
            <DistanceMeters>4138.02001953125</DistanceMeters>
            <Extensions>
              <ns3:TPX>
                <ns3:Speed>1.2899999618530273</ns3:Speed>
              </ns3:TPX>
            </Extensions>
          </Trackpoint>
          <Trackpoint>
            <Time>2026-04-13T02:14:05.000Z</Time>
            <Position>
              <LatitudeDegrees>-41.65494748391211</LatitudeDegrees>
              <LongitudeDegrees>145.9482491388917</LongitudeDegrees>
            </Position>
            <AltitudeMeters>1482.5999755859375</AltitudeMeters>
            <DistanceMeters>4139.31982421875</DistanceMeters>
            <Extensions>
              <ns3:TPX>
                <ns3:Speed>1.1699999570846558</ns3:Speed>
              </ns3:TPX>
            </Extensions>
          </Trackpoint>
          <Trackpoint>
            <Time>2026-04-13T02:14:17.000Z</Time>
            <Position>
              <LatitudeDegrees>-41.65482477284968</LatitudeDegrees>
              <LongitudeDegrees>145.94828266650438</LongitudeDegrees>
            </Position>
            <AltitudeMeters>1481.0</AltitudeMeters>
            <DistanceMeters>4153.419921875</DistanceMeters>
            <Extensions>
              <ns3:TPX>
                <ns3:Speed>0.9800000190734863</ns3:Speed>
              </ns3:TPX>
            </Extensions>
          </Trackpoint>
          <Trackpoint>
            <Time>2026-04-13T02:14:29.000Z</Time>
            <Position>
              <LatitudeDegrees>-41.65477112866938</LatitudeDegrees>
              <LongitudeDegrees>145.9483226481825</LongitudeDegrees>
            </Position>
            <AltitudeMeters>1479.199951171875</AltitudeMeters>
            <DistanceMeters>4160.33984375</DistanceMeters>
            <Extensions>
              <ns3:TPX>
                <ns3:Speed>0.8799999952316284</ns3:Speed>
              </ns3:TPX>
            </Extensions>
          </Trackpoint>
          <Trackpoint>
            <Time>2026-04-13T02:14:43.000Z</Time>
            <Position>
              <LatitudeDegrees>-41.65464682504535</LatitudeDegrees>
              <LongitudeDegrees>145.94838676974177</LongitudeDegrees>
            </Position>
            <AltitudeMeters>1478.4000244140625</AltitudeMeters>
            <DistanceMeters>4175.330078125</DistanceMeters>
            <Extensions>
              <ns3:TPX>
                <ns3:Speed>1.399999976158142</ns3:Speed>
              </ns3:TPX>
            </Extensions>
          </Trackpoint>
          <Trackpoint>
            <Time>2026-04-13T02:14:47.000Z</Time>
            <Position>
              <LatitudeDegrees>-41.654606675729156</LatitudeDegrees>
              <LongitudeDegrees>145.94840093515813</LongitudeDegrees>
            </Position>
            <AltitudeMeters>1477.5999755859375</AltitudeMeters>
            <DistanceMeters>4180.009765625</DistanceMeters>
            <Extensions>
              <ns3:TPX>
                <ns3:Speed>1.2200000286102295</ns3:Speed>
              </ns3:TPX>
            </Extensions>
          </Trackpoint>
          <Trackpoint>
            <Time>2026-04-13T02:14:48.000Z</Time>
            <Position>
              <LatitudeDegrees>-41.65459653362632</LatitudeDegrees>
              <LongitudeDegrees>145.94840814359486</LongitudeDegrees>
            </Position>
            <AltitudeMeters>1477.4000244140625</AltitudeMeters>
            <DistanceMeters>4181.31005859375</DistanceMeters>
            <Extensions>
              <ns3:TPX>
                <ns3:Speed>1.2599999904632568</ns3:Speed>
              </ns3:TPX>
            </Extensions>
          </Trackpoint>
          <Trackpoint>
            <Time>2026-04-13T02:14:49.000Z</Time>
            <Position>
              <LatitudeDegrees>-41.65458555333316</LatitudeDegrees>
              <LongitudeDegrees>145.94841417856514</LongitudeDegrees>
            </Position>
            <AltitudeMeters>1477.199951171875</AltitudeMeters>
            <DistanceMeters>4182.66015625</DistanceMeters>
            <Extensions>
              <ns3:TPX>
                <ns3:Speed>1.340000033378601</ns3:Speed>
              </ns3:TPX>
            </Extensions>
          </Trackpoint>
          <Trackpoint>
            <Time>2026-04-13T02:14:50.000Z</Time>
            <Position>
              <LatitudeDegrees>-41.65457432158291</LatitudeDegrees>
              <LongitudeDegrees>145.94841862097383</LongitudeDegrees>
            </Position>
            <AltitudeMeters>1477.0</AltitudeMeters>
            <DistanceMeters>4183.97998046875</DistanceMeters>
            <Extensions>
              <ns3:TPX>
                <ns3:Speed>1.2100000381469727</ns3:Speed>
              </ns3:TPX>
            </Extensions>
          </Trackpoint>
          <Trackpoint>
            <Time>2026-04-13T02:14:51.000Z</Time>
            <Position>
              <LatitudeDegrees>-41.65456384420395</LatitudeDegrees>
              <LongitudeDegrees>145.948421722278</LongitudeDegrees>
            </Position>
            <AltitudeMeters>1476.5999755859375</AltitudeMeters>
            <DistanceMeters>4185.18994140625</DistanceMeters>
            <Extensions>
              <ns3:TPX>
                <ns3:Speed>1.1399999856948853</ns3:Speed>
              </ns3:TPX>
            </Extensions>
          </Trackpoint>
          <Trackpoint>
            <Time>2026-04-13T02:15:02.000Z</Time>
            <Position>
              <LatitudeDegrees>-41.654452281072736</LatitudeDegrees>
              <LongitudeDegrees>145.94847754575312</LongitudeDegrees>
            </Position>
            <AltitudeMeters>1474.4000244140625</AltitudeMeters>
            <DistanceMeters>4198.60009765625</DistanceMeters>
            <Extensions>
              <ns3:TPX>
                <ns3:Speed>1.2400000095367432</ns3:Speed>
              </ns3:TPX>
            </Extensions>
          </Trackpoint>
          <Trackpoint>
            <Time>2026-04-13T02:15:06.000Z</Time>
            <Position>
              <LatitudeDegrees>-41.65441724471748</LatitudeDegrees>
              <LongitudeDegrees>145.94850487075746</LongitudeDegrees>
            </Position>
            <AltitudeMeters>1473.4000244140625</AltitudeMeters>
            <DistanceMeters>4203.16015625</DistanceMeters>
            <Extensions>
              <ns3:TPX>
                <ns3:Speed>1.2400000095367432</ns3:Speed>
              </ns3:TPX>
            </Extensions>
          </Trackpoint>
          <Trackpoint>
            <Time>2026-04-13T02:15:07.000Z</Time>
            <Position>
              <LatitudeDegrees>-41.654407354071736</LatitudeDegrees>
              <LongitudeDegrees>145.94851325266063</LongitudeDegrees>
            </Position>
            <AltitudeMeters>1473.199951171875</AltitudeMeters>
            <DistanceMeters>4204.490234375</DistanceMeters>
            <Extensions>
              <ns3:TPX>
                <ns3:Speed>1.3700000047683716</ns3:Speed>
              </ns3:TPX>
            </Extensions>
          </Trackpoint>
          <Trackpoint>
            <Time>2026-04-13T02:15:08.000Z</Time>
            <Position>
              <LatitudeDegrees>-41.65439628995955</LatitudeDegrees>
              <LongitudeDegrees>145.948519539088</LongitudeDegrees>
            </Position>
            <AltitudeMeters>1473.0</AltitudeMeters>
            <DistanceMeters>4205.85009765625</DistanceMeters>
            <Extensions>
              <ns3:TPX>
                <ns3:Speed>1.2100000381469727</ns3:Speed>
              </ns3:TPX>
            </Extensions>
          </Trackpoint>
          <Trackpoint>
            <Time>2026-04-13T02:15:13.000Z</Time>
            <Position>
              <LatitudeDegrees>-41.65435479953885</LatitudeDegrees>
              <LongitudeDegrees>145.94855692237616</LongitudeDegrees>
            </Position>
            <AltitudeMeters>1472.0</AltitudeMeters>
            <DistanceMeters>4211.47998046875</DistanceMeters>
            <Extensions>
              <ns3:TPX>
                <ns3:Speed>1.2699999809265137</ns3:Speed>
              </ns3:TPX>
            </Extensions>
          </Trackpoint>
          <Trackpoint>
            <Time>2026-04-13T02:15:14.000Z</Time>
            <Position>
              <LatitudeDegrees>-41.654345663264394</LatitudeDegrees>
              <LongitudeDegrees>145.9485731832683</LongitudeDegrees>
            </Position>
            <AltitudeMeters>1471.800048828125</AltitudeMeters>
            <DistanceMeters>4213.18994140625</DistanceMeters>
            <Extensions>
              <ns3:TPX>
                <ns3:Speed>1.7599999904632568</ns3:Speed>
              </ns3:TPX>
            </Extensions>
          </Trackpoint>
          <Trackpoint>
            <Time>2026-04-13T02:15:18.000Z</Time>
            <Position>
              <LatitudeDegrees>-41.654323786497116</LatitudeDegrees>
              <LongitudeDegrees>145.94860201701522</LongitudeDegrees>
            </Position>
            <AltitudeMeters>1471.0</AltitudeMeters>
            <DistanceMeters>4216.64013671875</DistanceMeters>
            <Extensions>
              <ns3:TPX>
                <ns3:Speed>1.309999942779541</ns3:Speed>
              </ns3:TPX>
            </Extensions>
          </Trackpoint>
          <Trackpoint>
            <Time>2026-04-13T02:15:19.000Z</Time>
            <Position>
              <LatitudeDegrees>-41.65431163273752</LatitudeDegrees>
              <LongitudeDegrees>145.94860293902457</LongitudeDegrees>
            </Position>
            <AltitudeMeters>1470.800048828125</AltitudeMeters>
            <DistanceMeters>4218.009765625</DistanceMeters>
            <Extensions>
              <ns3:TPX>
                <ns3:Speed>1.4199999570846558</ns3:Speed>
              </ns3:TPX>
            </Extensions>
          </Trackpoint>
          <Trackpoint>
            <Time>2026-04-13T02:15:23.000Z</Time>
            <Position>
              <LatitudeDegrees>-41.654274417087436</LatitudeDegrees>
              <LongitudeDegrees>145.94861936755478</LongitudeDegrees>
            </Position>
            <AltitudeMeters>1469.800048828125</AltitudeMeters>
            <DistanceMeters>4222.43017578125</DistanceMeters>
            <Extensions>
              <ns3:TPX>
                <ns3:Speed>1.190000057220459</ns3:Speed>
              </ns3:TPX>
            </Extensions>
          </Trackpoint>
          <Trackpoint>
            <Time>2026-04-13T02:15:24.000Z</Time>
            <Position>
              <LatitudeDegrees>-41.65426595136523</LatitudeDegrees>
              <LongitudeDegrees>145.94863143749535</LongitudeDegrees>
            </Position>
            <AltitudeMeters>1469.5999755859375</AltitudeMeters>
            <DistanceMeters>4223.830078125</DistanceMeters>
            <Extensions>
              <ns3:TPX>
                <ns3:Speed>1.3200000524520874</ns3:Speed>
              </ns3:TPX>
            </Extensions>
          </Trackpoint>
          <Trackpoint>
            <Time>2026-04-13T02:15:25.000Z</Time>
            <Position>
              <LatitudeDegrees>-41.65425765328109</LatitudeDegrees>
              <LongitudeDegrees>145.94864392653108</LongitudeDegrees>
            </Position>
            <AltitudeMeters>1469.4000244140625</AltitudeMeters>
            <DistanceMeters>4225.240234375</DistanceMeters>
            <Extensions>
              <ns3:TPX>
                <ns3:Speed>1.2899999618530273</ns3:Speed>
              </ns3:TPX>
            </Extensions>
          </Trackpoint>
          <Trackpoint>
            <Time>2026-04-13T02:15:39.000Z</Time>
            <Position>
              <LatitudeDegrees>-41.65413678623736</LatitudeDegrees>
              <LongitudeDegrees>145.94876286573708</LongitudeDegrees>
            </Position>
            <AltitudeMeters>1467.0</AltitudeMeters>
            <DistanceMeters>4242.10986328125</DistanceMeters>
            <Extensions>
              <ns3:TPX>
                <ns3:Speed>1.2200000286102295</ns3:Speed>
              </ns3:TPX>
            </Extensions>
          </Trackpoint>
          <Trackpoint>
            <Time>2026-04-13T02:15:48.000Z</Time>
            <Position>
              <LatitudeDegrees>-41.65404735133052</LatitudeDegrees>
              <LongitudeDegrees>145.94880142249167</LongitudeDegrees>
            </Position>
            <AltitudeMeters>1464.0</AltitudeMeters>
            <DistanceMeters>4252.68994140625</DistanceMeters>
            <Extensions>
              <ns3:TPX>
                <ns3:Speed>1.190000057220459</ns3:Speed>
              </ns3:TPX>
            </Extensions>
          </Trackpoint>
          <Trackpoint>
            <Time>2026-04-13T02:15:59.000Z</Time>
            <Position>
              <LatitudeDegrees>-41.65396059863269</LatitudeDegrees>
              <LongitudeDegrees>145.94883813522756</LongitudeDegrees>
            </Position>
            <AltitudeMeters>1461.0</AltitudeMeters>
            <DistanceMeters>4262.93994140625</DistanceMeters>
            <Extensions>
              <ns3:TPX>
                <ns3:Speed>0.0</ns3:Speed>
              </ns3:TPX>
            </Extensions>
          </Trackpoint>
          <Trackpoint>
            <Time>2026-04-13T02:16:11.000Z</Time>
            <Position>
              <LatitudeDegrees>-41.65390133857727</LatitudeDegrees>
              <LongitudeDegrees>145.94888172112405</LongitudeDegrees>
            </Position>
            <AltitudeMeters>1458.4000244140625</AltitudeMeters>
            <DistanceMeters>4270.5498046875</DistanceMeters>
            <Extensions>
              <ns3:TPX>
                <ns3:Speed>1.0800000429153442</ns3:Speed>
              </ns3:TPX>
            </Extensions>
          </Trackpoint>
          <Trackpoint>
            <Time>2026-04-13T02:16:12.000Z</Time>
            <Position>
              <LatitudeDegrees>-41.653887340798974</LatitudeDegrees>
              <LongitudeDegrees>145.94888272695243</LongitudeDegrees>
            </Position>
            <AltitudeMeters>1458.0</AltitudeMeters>
            <DistanceMeters>4272.1298828125</DistanceMeters>
            <Extensions>
              <ns3:TPX>
                <ns3:Speed>1.4800000190734863</ns3:Speed>
              </ns3:TPX>
            </Extensions>
          </Trackpoint>
          <Trackpoint>
            <Time>2026-04-13T02:16:13.000Z</Time>
            <Position>
              <LatitudeDegrees>-41.65387535467744</LatitudeDegrees>
              <LongitudeDegrees>145.94889068976045</LongitudeDegrees>
            </Position>
            <AltitudeMeters>1457.800048828125</AltitudeMeters>
            <DistanceMeters>4273.64013671875</DistanceMeters>
            <Extensions>
              <ns3:TPX>
                <ns3:Speed>1.1399999856948853</ns3:Speed>
              </ns3:TPX>
            </Extensions>
          </Trackpoint>
          <Trackpoint>
            <Time>2026-04-13T02:16:23.000Z</Time>
            <Position>
              <LatitudeDegrees>-41.65377971716225</LatitudeDegrees>
              <LongitudeDegrees>145.94893276691437</LongitudeDegrees>
            </Position>
            <AltitudeMeters>1454.4000244140625</AltitudeMeters>
            <DistanceMeters>4284.97021484375</DistanceMeters>
            <Extensions>
              <ns3:TPX>
                <ns3:Speed>0.9900000095367432</ns3:Speed>
              </ns3:TPX>
            </Extensions>
          </Trackpoint>
          <Trackpoint>
            <Time>2026-04-13T02:16:34.000Z</Time>
            <Position>
              <LatitudeDegrees>-41.65365809574723</LatitudeDegrees>
              <LongitudeDegrees>145.94896637834609</LongitudeDegrees>
            </Position>
            <AltitudeMeters>1451.4000244140625</AltitudeMeters>
            <DistanceMeters>4298.9501953125</DistanceMeters>
            <Extensions>
              <ns3:TPX>
                <ns3:Speed>1.409999966621399</ns3:Speed>
              </ns3:TPX>
            </Extensions>
          </Trackpoint>
          <Trackpoint>
            <Time>2026-04-13T02:16:46.000Z</Time>
            <Position>
              <LatitudeDegrees>-41.6535353846848</LatitudeDegrees>
              <LongitudeDegrees>145.9489545598626</LongitudeDegrees>
            </Position>
            <AltitudeMeters>1448.5999755859375</AltitudeMeters>
            <DistanceMeters>4312.81005859375</DistanceMeters>
            <Extensions>
              <ns3:TPX>
                <ns3:Speed>1.5299999713897705</ns3:Speed>
              </ns3:TPX>
            </Extensions>
          </Trackpoint>
          <Trackpoint>
            <Time>2026-04-13T02:16:47.000Z</Time>
            <Position>
              <LatitudeDegrees>-41.65352457202971</LatitudeDegrees>
              <LongitudeDegrees>145.94894718378782</LongitudeDegrees>
            </Position>
            <AltitudeMeters>1448.4000244140625</AltitudeMeters>
            <DistanceMeters>4314.18017578125</DistanceMeters>
            <Extensions>
              <ns3:TPX>
                <ns3:Speed>1.1200000047683716</ns3:Speed>
              </ns3:TPX>
            </Extensions>
          </Trackpoint>
          <Trackpoint>
            <Time>2026-04-13T02:16:53.000Z</Time>
            <Position>
              <LatitudeDegrees>-41.65348157286644</LatitudeDegrees>
              <LongitudeDegrees>145.94892187044024</LongitudeDegrees>
            </Position>
            <AltitudeMeters>1447.4000244140625</AltitudeMeters>
            <DistanceMeters>4319.4599609375</DistanceMeters>
            <Extensions>
              <ns3:TPX>
                <ns3:Speed>1.2200000286102295</ns3:Speed>
              </ns3:TPX>
            </Extensions>
          </Trackpoint>
          <Trackpoint>
            <Time>2026-04-13T02:16:54.000Z</Time>
            <Position>
              <LatitudeDegrees>-41.653469167649746</LatitudeDegrees>
              <LongitudeDegrees>145.9489167574793</LongitudeDegrees>
            </Position>
            <AltitudeMeters>1447.199951171875</AltitudeMeters>
            <DistanceMeters>4320.93017578125</DistanceMeters>
            <Extensions>
              <ns3:TPX>
                <ns3:Speed>1.5299999713897705</ns3:Speed>
              </ns3:TPX>
            </Extensions>
          </Trackpoint>
          <Trackpoint>
            <Time>2026-04-13T02:16:55.000Z</Time>
            <Position>
              <LatitudeDegrees>-41.65345533750951</LatitudeDegrees>
              <LongitudeDegrees>145.94891281798482</LongitudeDegrees>
            </Position>
            <AltitudeMeters>1447.199951171875</AltitudeMeters>
            <DistanceMeters>4322.52001953125</DistanceMeters>
            <Extensions>
              <ns3:TPX>
                <ns3:Speed>1.399999976158142</ns3:Speed>
              </ns3:TPX>
            </Extensions>
          </Trackpoint>
          <Trackpoint>
            <Time>2026-04-13T02:16:56.000Z</Time>
            <Position>
              <LatitudeDegrees>-41.653443686664104</LatitudeDegrees>
              <LongitudeDegrees>145.94890963286161</LongitudeDegrees>
            </Position>
            <AltitudeMeters>1447.199951171875</AltitudeMeters>
            <DistanceMeters>4323.8701171875</DistanceMeters>
            <Extensions>
              <ns3:TPX>
                <ns3:Speed>1.3300000429153442</ns3:Speed>
              </ns3:TPX>
            </Extensions>
          </Trackpoint>
          <Trackpoint>
            <Time>2026-04-13T02:16:57.000Z</Time>
            <Position>
              <LatitudeDegrees>-41.653432538732886</LatitudeDegrees>
              <LongitudeDegrees>145.94890468753874</LongitudeDegrees>
            </Position>
            <AltitudeMeters>1447.0</AltitudeMeters>
            <DistanceMeters>4325.18994140625</DistanceMeters>
            <Extensions>
              <ns3:TPX>
                <ns3:Speed>1.2100000381469727</ns3:Speed>
              </ns3:TPX>
            </Extensions>
          </Trackpoint>
          <Trackpoint>
            <Time>2026-04-13T02:17:08.000Z</Time>
            <Position>
              <LatitudeDegrees>-41.653322987258434</LatitudeDegrees>
              <LongitudeDegrees>145.94883067533374</LongitudeDegrees>
            </Position>
            <AltitudeMeters>1445.0</AltitudeMeters>
            <DistanceMeters>4338.990234375</DistanceMeters>
            <Extensions>
              <ns3:TPX>
                <ns3:Speed>1.3300000429153442</ns3:Speed>
              </ns3:TPX>
            </Extensions>
          </Trackpoint>
          <Trackpoint>
            <Time>2026-04-13T02:17:10.000Z</Time>
            <Position>
              <LatitudeDegrees>-41.65330605581403</LatitudeDegrees>
              <LongitudeDegrees>145.94881617464125</LongitudeDegrees>
            </Position>
            <AltitudeMeters>1444.800048828125</AltitudeMeters>
            <DistanceMeters>4341.259765625</DistanceMeters>
            <Extensions>
              <ns3:TPX>
                <ns3:Speed>1.2599999904632568</ns3:Speed>
              </ns3:TPX>
            </Extensions>
          </Trackpoint>
          <Trackpoint>
            <Time>2026-04-13T02:17:11.000Z</Time>
            <Position>
              <LatitudeDegrees>-41.65329834446311</LatitudeDegrees>
              <LongitudeDegrees>145.94880452379584</LongitudeDegrees>
            </Position>
            <AltitudeMeters>1444.5999755859375</AltitudeMeters>
            <DistanceMeters>4342.56982421875</DistanceMeters>
            <Extensions>
              <ns3:TPX>
                <ns3:Speed>1.309999942779541</ns3:Speed>
              </ns3:TPX>
            </Extensions>
          </Trackpoint>
          <Trackpoint>
            <Time>2026-04-13T02:17:12.000Z</Time>
            <Position>
              <LatitudeDegrees>-41.653289375826716</LatitudeDegrees>
              <LongitudeDegrees>145.94879547134042</LongitudeDegrees>
            </Position>
            <AltitudeMeters>1444.4000244140625</AltitudeMeters>
            <DistanceMeters>4343.830078125</DistanceMeters>
            <Extensions>
              <ns3:TPX>
                <ns3:Speed>1.159999966621399</ns3:Speed>
              </ns3:TPX>
            </Extensions>
          </Trackpoint>
          <Trackpoint>
            <Time>2026-04-13T02:17:13.000Z</Time>
            <Position>
              <LatitudeDegrees>-41.6532782278955</LatitudeDegrees>
              <LongitudeDegrees>145.94878843054175</LongitudeDegrees>
            </Position>
            <AltitudeMeters>1444.4000244140625</AltitudeMeters>
            <DistanceMeters>4345.22021484375</DistanceMeters>
            <Extensions>
              <ns3:TPX>
                <ns3:Speed>1.4900000095367432</ns3:Speed>
              </ns3:TPX>
            </Extensions>
          </Trackpoint>
          <Trackpoint>
            <Time>2026-04-13T02:17:23.000Z</Time>
            <Position>
              <LatitudeDegrees>-41.65316683240235</LatitudeDegrees>
              <LongitudeDegrees>145.9487187769264</LongitudeDegrees>
            </Position>
            <AltitudeMeters>1443.0</AltitudeMeters>
            <DistanceMeters>4359.06005859375</DistanceMeters>
            <Extensions>
              <ns3:TPX>
                <ns3:Speed>1.149999976158142</ns3:Speed>
              </ns3:TPX>
            </Extensions>
          </Trackpoint>
          <Trackpoint>
            <Time>2026-04-13T02:17:33.000Z</Time>
            <Position>
              <LatitudeDegrees>-41.65305946022272</LatitudeDegrees>
              <LongitudeDegrees>145.9486476983875</LongitudeDegrees>
            </Position>
            <AltitudeMeters>1441.800048828125</AltitudeMeters>
            <DistanceMeters>4372.5400390625</DistanceMeters>
            <Extensions>
              <ns3:TPX>
                <ns3:Speed>1.3899999856948853</ns3:Speed>
              </ns3:TPX>
            </Extensions>
          </Trackpoint>
          <Trackpoint>
            <Time>2026-04-13T02:17:39.000Z</Time>
            <Position>
              <LatitudeDegrees>-41.65300556458533</LatitudeDegrees>
              <LongitudeDegrees>145.94860109500587</LongitudeDegrees>
            </Position>
            <AltitudeMeters>1442.800048828125</AltitudeMeters>
            <DistanceMeters>4379.75</DistanceMeters>
            <Extensions>
              <ns3:TPX>
                <ns3:Speed>1.2300000190734863</ns3:Speed>
              </ns3:TPX>
            </Extensions>
          </Trackpoint>
          <Trackpoint>
            <Time>2026-04-13T02:17:45.000Z</Time>
            <Position>
              <LatitudeDegrees>-41.65295979939401</LatitudeDegrees>
              <LongitudeDegrees>145.94853814691305</LongitudeDegrees>
            </Position>
            <AltitudeMeters>1441.199951171875</AltitudeMeters>
            <DistanceMeters>4387.1201171875</DistanceMeters>
            <Extensions>
              <ns3:TPX>
                <ns3:Speed>1.4199999570846558</ns3:Speed>
              </ns3:TPX>
            </Extensions>
          </Trackpoint>
          <Trackpoint>
            <Time>2026-04-13T02:17:46.000Z</Time>
            <Position>
              <LatitudeDegrees>-41.65295384824276</LatitudeDegrees>
              <LongitudeDegrees>145.94852364622056</LongitudeDegrees>
            </Position>
            <AltitudeMeters>1441.0</AltitudeMeters>
            <DistanceMeters>4388.509765625</DistanceMeters>
            <Extensions>
              <ns3:TPX>
                <ns3:Speed>1.2200000286102295</ns3:Speed>
              </ns3:TPX>
            </Extensions>
          </Trackpoint>
          <Trackpoint>
            <Time>2026-04-13T02:17:47.000Z</Time>
            <Position>
              <LatitudeDegrees>-41.65294571779668</LatitudeDegrees>
              <LongitudeDegrees>145.9485152643174</LongitudeDegrees>
            </Position>
            <AltitudeMeters>1440.5999755859375</AltitudeMeters>
            <DistanceMeters>4389.669921875</DistanceMeters>
            <Extensions>
              <ns3:TPX>
                <ns3:Speed>1.2300000190734863</ns3:Speed>
              </ns3:TPX>
            </Extensions>
          </Trackpoint>
          <Trackpoint>
            <Time>2026-04-13T02:17:48.000Z</Time>
            <Position>
              <LatitudeDegrees>-41.652934066951275</LatitudeDegrees>
              <LongitudeDegrees>145.9485065471381</LongitudeDegrees>
            </Position>
            <AltitudeMeters>1440.4000244140625</AltitudeMeters>
            <DistanceMeters>4391.169921875</DistanceMeters>
            <Extensions>
              <ns3:TPX>
                <ns3:Speed>1.649999976158142</ns3:Speed>
              </ns3:TPX>
            </Extensions>
          </Trackpoint>
          <Trackpoint>
            <Time>2026-04-13T02:17:49.000Z</Time>
            <Position>
              <LatitudeDegrees>-41.65292266756296</LatitudeDegrees>
              <LongitudeDegrees>145.94849816523492</LongitudeDegrees>
            </Position>
            <AltitudeMeters>1440.199951171875</AltitudeMeters>
            <DistanceMeters>4392.6298828125</DistanceMeters>
            <Extensions>
              <ns3:TPX>
                <ns3:Speed>1.2100000381469727</ns3:Speed>
              </ns3:TPX>
            </Extensions>
          </Trackpoint>
          <Trackpoint>
            <Time>2026-04-13T02:17:57.000Z</Time>
            <Position>
              <LatitudeDegrees>-41.65283859707415</LatitudeDegrees>
              <LongitudeDegrees>145.94843856990337</LongitudeDegrees>
            </Position>
            <AltitudeMeters>1440.199951171875</AltitudeMeters>
            <DistanceMeters>4403.33984375</DistanceMeters>
            <Extensions>
              <ns3:TPX>
                <ns3:Speed>1.409999966621399</ns3:Speed>
              </ns3:TPX>
            </Extensions>
          </Trackpoint>
          <Trackpoint>
            <Time>2026-04-13T02:18:07.000Z</Time>
            <Position>
              <LatitudeDegrees>-41.65273549966514</LatitudeDegrees>
              <LongitudeDegrees>145.94836564734578</LongitudeDegrees>
            </Position>
            <AltitudeMeters>1440.199951171875</AltitudeMeters>
            <DistanceMeters>4416.4501953125</DistanceMeters>
            <Extensions>
              <ns3:TPX>
                <ns3:Speed>0.9900000095367432</ns3:Speed>
              </ns3:TPX>
            </Extensions>
          </Trackpoint>
          <Trackpoint>
            <Time>2026-04-13T02:18:16.000Z</Time>
            <Position>
              <LatitudeDegrees>-41.652645729482174</LatitudeDegrees>
              <LongitudeDegrees>145.9483020287007</LongitudeDegrees>
            </Position>
            <AltitudeMeters>1440.5999755859375</AltitudeMeters>
            <DistanceMeters>4427.8798828125</DistanceMeters>
            <Extensions>
              <ns3:TPX>
                <ns3:Speed>1.309999942779541</ns3:Speed>
              </ns3:TPX>
            </Extensions>
          </Trackpoint>
          <Trackpoint>
            <Time>2026-04-13T02:18:19.000Z</Time>
            <Position>
              <LatitudeDegrees>-41.65261572226882</LatitudeDegrees>
              <LongitudeDegrees>145.94826908782125</LongitudeDegrees>
            </Position>
            <AltitudeMeters>1440.4000244140625</AltitudeMeters>
            <DistanceMeters>4432.240234375</DistanceMeters>
            <Extensions>
              <ns3:TPX>
                <ns3:Speed>1.4199999570846558</ns3:Speed>
              </ns3:TPX>
            </Extensions>
          </Trackpoint>
          <Trackpoint>
            <Time>2026-04-13T02:18:20.000Z</Time>
            <Position>
              <LatitudeDegrees>-41.65261027403176</LatitudeDegrees>
              <LongitudeDegrees>145.9482541680336</LongitudeDegrees>
            </Position>
            <AltitudeMeters>1440.4000244140625</AltitudeMeters>
            <DistanceMeters>4433.6201171875</DistanceMeters>
            <Extensions>
              <ns3:TPX>
                <ns3:Speed>1.2599999904632568</ns3:Speed>
              </ns3:TPX>
            </Extensions>
          </Trackpoint>
          <Trackpoint>
            <Time>2026-04-13T02:18:21.000Z</Time>
            <Position>
              <LatitudeDegrees>-41.65260608308017</LatitudeDegrees>
              <LongitudeDegrees>145.9482390806079</LongitudeDegrees>
            </Position>
            <AltitudeMeters>1440.199951171875</AltitudeMeters>
            <DistanceMeters>4434.97021484375</DistanceMeters>
            <Extensions>
              <ns3:TPX>
                <ns3:Speed>1.2799999713897705</ns3:Speed>
              </ns3:TPX>
            </Extensions>
          </Trackpoint>
          <Trackpoint>
            <Time>2026-04-13T02:18:27.000Z</Time>
            <Position>
              <LatitudeDegrees>-41.65257515385747</LatitudeDegrees>
              <LongitudeDegrees>145.94815475866199</LongitudeDegrees>
            </Position>
            <AltitudeMeters>1439.4000244140625</AltitudeMeters>
            <DistanceMeters>4442.830078125</DistanceMeters>
            <Extensions>
              <ns3:TPX>
                <ns3:Speed>1.2200000286102295</ns3:Speed>
              </ns3:TPX>
            </Extensions>
          </Trackpoint>
          <Trackpoint>
            <Time>2026-04-13T02:18:28.000Z</Time>
            <Position>
              <LatitudeDegrees>-41.65256476029754</LatitudeDegrees>
              <LongitudeDegrees>145.94814537093043</LongitudeDegrees>
            </Position>
            <AltitudeMeters>1439.4000244140625</AltitudeMeters>
            <DistanceMeters>4444.240234375</DistanceMeters>
            <Extensions>
              <ns3:TPX>
                <ns3:Speed>1.4500000476837158</ns3:Speed>
              </ns3:TPX>
            </Extensions>
          </Trackpoint>
          <Trackpoint>
            <Time>2026-04-13T02:18:36.000Z</Time>
            <Position>
              <LatitudeDegrees>-41.65248982608318</LatitudeDegrees>
              <LongitudeDegrees>145.9480813331902</LongitudeDegrees>
            </Position>
            <AltitudeMeters>1439.0</AltitudeMeters>
            <DistanceMeters>4454.240234375</DistanceMeters>
            <Extensions>
              <ns3:TPX>
                <ns3:Speed>1.5099999904632568</ns3:Speed>
              </ns3:TPX>
            </Extensions>
          </Trackpoint>
          <Trackpoint>
            <Time>2026-04-13T02:18:38.000Z</Time>
            <Position>
              <LatitudeDegrees>-41.6524753253907</LatitudeDegrees>
              <LongitudeDegrees>145.9480646532029</LongitudeDegrees>
            </Position>
            <AltitudeMeters>1439.0</AltitudeMeters>
            <DistanceMeters>4456.39013671875</DistanceMeters>
            <Extensions>
              <ns3:TPX>
                <ns3:Speed>1.1299999952316284</ns3:Speed>
              </ns3:TPX>
            </Extensions>
          </Trackpoint>
          <Trackpoint>
            <Time>2026-04-13T02:18:40.000Z</Time>
            <Position>
              <LatitudeDegrees>-41.65245587937534</LatitudeDegrees>
              <LongitudeDegrees>145.94806163571775</LongitudeDegrees>
            </Position>
            <AltitudeMeters>1438.800048828125</AltitudeMeters>
            <DistanceMeters>4458.60009765625</DistanceMeters>
            <Extensions>
              <ns3:TPX>
                <ns3:Speed>1.2000000476837158</ns3:Speed>
              </ns3:TPX>
            </Extensions>
          </Trackpoint>
          <Trackpoint>
            <Time>2026-04-13T02:18:41.000Z</Time>
            <Position>
              <LatitudeDegrees>-41.65244665928185</LatitudeDegrees>
              <LongitudeDegrees>145.94806582666934</LongitudeDegrees>
            </Position>
            <AltitudeMeters>1438.800048828125</AltitudeMeters>
            <DistanceMeters>4459.7001953125</DistanceMeters>
            <Extensions>
              <ns3:TPX>
                <ns3:Speed>1.1699999570846558</ns3:Speed>
              </ns3:TPX>
            </Extensions>
          </Trackpoint>
          <Trackpoint>
            <Time>2026-04-13T02:18:42.000Z</Time>
            <Position>
              <LatitudeDegrees>-41.65243827737868</LatitudeDegrees>
              <LongitudeDegrees>145.9480739571154</LongitudeDegrees>
            </Position>
            <AltitudeMeters>1438.5999755859375</AltitudeMeters>
            <DistanceMeters>4460.8701171875</DistanceMeters>
            <Extensions>
              <ns3:TPX>
                <ns3:Speed>1.2599999904632568</ns3:Speed>
              </ns3:TPX>
            </Extensions>
          </Trackpoint>
          <Trackpoint>
            <Time>2026-04-13T02:18:43.000Z</Time>
            <Position>
              <LatitudeDegrees>-41.65243106894195</LatitudeDegrees>
              <LongitudeDegrees>145.9480839315802</LongitudeDegrees>
            </Position>
            <AltitudeMeters>1438.5999755859375</AltitudeMeters>
            <DistanceMeters>4462.0400390625</DistanceMeters>
            <Extensions>
              <ns3:TPX>
                <ns3:Speed>1.2100000381469727</ns3:Speed>
              </ns3:TPX>
            </Extensions>
          </Trackpoint>
          <Trackpoint>
            <Time>2026-04-13T02:18:44.000Z</Time>
            <Position>
              <LatitudeDegrees>-41.65242654271424</LatitudeDegrees>
              <LongitudeDegrees>145.94809734262526</LongitudeDegrees>
            </Position>
            <AltitudeMeters>1438.4000244140625</AltitudeMeters>
            <DistanceMeters>4463.27978515625</DistanceMeters>
            <Extensions>
              <ns3:TPX>
                <ns3:Speed>1.350000023841858</ns3:Speed>
              </ns3:TPX>
            </Extensions>
          </Trackpoint>
          <Trackpoint>
            <Time>2026-04-13T02:18:45.000Z</Time>
            <Position>
              <LatitudeDegrees>-41.65242377668619</LatitudeDegrees>
              <LongitudeDegrees>145.9481130167842</LongitudeDegrees>
            </Position>
            <AltitudeMeters>1438.4000244140625</AltitudeMeters>
            <DistanceMeters>4464.6298828125</DistanceMeters>
            <Extensions>
              <ns3:TPX>
                <ns3:Speed>1.3799999952316284</ns3:Speed>
              </ns3:TPX>
            </Extensions>
          </Trackpoint>
          <Trackpoint>
            <Time>2026-04-13T02:18:46.000Z</Time>
            <Position>
              <LatitudeDegrees>-41.65242092683911</LatitudeDegrees>
              <LongitudeDegrees>145.94812877476215</LongitudeDegrees>
            </Position>
            <AltitudeMeters>1438.199951171875</AltitudeMeters>
            <DistanceMeters>4465.990234375</DistanceMeters>
            <Extensions>
              <ns3:TPX>
                <ns3:Speed>1.3700000047683716</ns3:Speed>
              </ns3:TPX>
            </Extensions>
          </Trackpoint>
          <Trackpoint>
            <Time>2026-04-13T02:18:47.000Z</Time>
            <Position>
              <LatitudeDegrees>-41.65241849608719</LatitudeDegrees>
              <LongitudeDegrees>145.94814461655915</LongitudeDegrees>
            </Position>
            <AltitudeMeters>1438.0</AltitudeMeters>
            <DistanceMeters>4467.35009765625</DistanceMeters>
            <Extensions>
              <ns3:TPX>
                <ns3:Speed>1.2799999713897705</ns3:Speed>
              </ns3:TPX>
            </Extensions>
          </Trackpoint>
          <Trackpoint>
            <Time>2026-04-13T02:18:48.000Z</Time>
            <Position>
              <LatitudeDegrees>-41.652417071163654</LatitudeDegrees>
              <LongitudeDegrees>145.94815936870873</LongitudeDegrees>
            </Position>
            <AltitudeMeters>1437.800048828125</AltitudeMeters>
            <DistanceMeters>4468.60986328125</DistanceMeters>
            <Extensions>
              <ns3:TPX>
                <ns3:Speed>1.1799999475479126</ns3:Speed>
              </ns3:TPX>
            </Extensions>
          </Trackpoint>
          <Trackpoint>
            <Time>2026-04-13T02:18:56.000Z</Time>
            <Position>
              <LatitudeDegrees>-41.65239938534796</LatitudeDegrees>
              <LongitudeDegrees>145.94827973283827</LongitudeDegrees>
            </Position>
            <AltitudeMeters>1437.800048828125</AltitudeMeters>
            <DistanceMeters>4478.8798828125</DistanceMeters>
            <Extensions>
              <ns3:TPX>
                <ns3:Speed>1.1699999570846558</ns3:Speed>
              </ns3:TPX>
            </Extensions>
          </Trackpoint>
          <Trackpoint>
            <Time>2026-04-13T02:18:57.000Z</Time>
            <Position>
              <LatitudeDegrees>-41.65239687077701</LatitudeDegrees>
              <LongitudeDegrees>145.94829582609236</LongitudeDegrees>
            </Position>
            <AltitudeMeters>1438.0</AltitudeMeters>
            <DistanceMeters>4480.259765625</DistanceMeters>
            <Extensions>
              <ns3:TPX>
                <ns3:Speed>1.5700000524520874</ns3:Speed>
              </ns3:TPX>
            </Extensions>
          </Trackpoint>
          <Trackpoint>
            <Time>2026-04-13T02:18:58.000Z</Time>
            <Position>
              <LatitudeDegrees>-41.65239276364446</LatitudeDegrees>
              <LongitudeDegrees>145.94831166788936</LongitudeDegrees>
            </Position>
            <AltitudeMeters>1438.199951171875</AltitudeMeters>
            <DistanceMeters>4481.669921875</DistanceMeters>
            <Extensions>
              <ns3:TPX>
                <ns3:Speed>1.25</ns3:Speed>
              </ns3:TPX>
            </Extensions>
          </Trackpoint>
          <Trackpoint>
            <Time>2026-04-13T02:18:59.000Z</Time>
            <Position>
              <LatitudeDegrees>-41.65238915942609</LatitudeDegrees>
              <LongitudeDegrees>145.94832742586732</LongitudeDegrees>
            </Position>
            <AltitudeMeters>1438.5999755859375</AltitudeMeters>
            <DistanceMeters>4483.06005859375</DistanceMeters>
            <Extensions>
              <ns3:TPX>
                <ns3:Speed>1.5</ns3:Speed>
              </ns3:TPX>
            </Extensions>
          </Trackpoint>
          <Trackpoint>
            <Time>2026-04-13T02:19:04.000Z</Time>
            <Position>
              <LatitudeDegrees>-41.6523939371109</LatitudeDegrees>
              <LongitudeDegrees>145.94840655103326</LongitudeDegrees>
            </Position>
            <AltitudeMeters>1439.199951171875</AltitudeMeters>
            <DistanceMeters>4489.7001953125</DistanceMeters>
            <Extensions>
              <ns3:TPX>
                <ns3:Speed>1.4500000476837158</ns3:Speed>
              </ns3:TPX>
            </Extensions>
          </Trackpoint>
          <Trackpoint>
            <Time>2026-04-13T02:19:05.000Z</Time>
            <Position>
              <LatitudeDegrees>-41.6523939371109</LatitudeDegrees>
              <LongitudeDegrees>145.9484203811735</LongitudeDegrees>
            </Position>
            <AltitudeMeters>1439.199951171875</AltitudeMeters>
            <DistanceMeters>4490.8701171875</DistanceMeters>
            <Extensions>
              <ns3:TPX>
                <ns3:Speed>1.1100000143051147</ns3:Speed>
              </ns3:TPX>
            </Extensions>
          </Trackpoint>
          <Trackpoint>
            <Time>2026-04-13T02:19:06.000Z</Time>
            <Position>
              <LatitudeDegrees>-41.652391171082854</LatitudeDegrees>
              <LongitudeDegrees>145.94843748025596</LongitudeDegrees>
            </Position>
            <AltitudeMeters>1439.0</AltitudeMeters>
            <DistanceMeters>4492.33984375</DistanceMeters>
            <Extensions>
              <ns3:TPX>
                <ns3:Speed>1.590000033378601</ns3:Speed>
              </ns3:TPX>
            </Extensions>
          </Trackpoint>
          <Trackpoint>
            <Time>2026-04-13T02:19:16.000Z</Time>
            <Position>
              <LatitudeDegrees>-41.65235336869955</LatitudeDegrees>
              <LongitudeDegrees>145.9486006759107</LongitudeDegrees>
            </Position>
            <AltitudeMeters>1438.800048828125</AltitudeMeters>
            <DistanceMeters>4506.66015625</DistanceMeters>
            <Extensions>
              <ns3:TPX>
                <ns3:Speed>1.159999966621399</ns3:Speed>
              </ns3:TPX>
            </Extensions>
          </Trackpoint>
          <Trackpoint>
            <Time>2026-04-13T02:19:27.000Z</Time>
            <Position>
              <LatitudeDegrees>-41.652333084493876</LatitudeDegrees>
              <LongitudeDegrees>145.94877074472606</LongitudeDegrees>
            </Position>
            <AltitudeMeters>1440.4000244140625</AltitudeMeters>
            <DistanceMeters>4521.080078125</DistanceMeters>
            <Extensions>
              <ns3:TPX>
                <ns3:Speed>1.659999966621399</ns3:Speed>
              </ns3:TPX>
            </Extensions>
          </Trackpoint>
          <Trackpoint>
            <Time>2026-04-13T02:19:38.000Z</Time>
            <Position>
              <LatitudeDegrees>-41.65230986662209</LatitudeDegrees>
              <LongitudeDegrees>145.9489505365491</LongitudeDegrees>
            </Position>
            <AltitudeMeters>1442.199951171875</AltitudeMeters>
            <DistanceMeters>4536.35986328125</DistanceMeters>
            <Extensions>
              <ns3:TPX>
                <ns3:Speed>1.4600000381469727</ns3:Speed>
              </ns3:TPX>
            </Extensions>
          </Trackpoint>
          <Trackpoint>
            <Time>2026-04-13T02:19:46.000Z</Time>
            <Position>
              <LatitudeDegrees>-41.652274494990706</LatitudeDegrees>
              <LongitudeDegrees>145.94908221624792</LongitudeDegrees>
            </Position>
            <AltitudeMeters>1443.4000244140625</AltitudeMeters>
            <DistanceMeters>4548.06982421875</DistanceMeters>
            <Extensions>
              <ns3:TPX>
                <ns3:Speed>1.3300000429153442</ns3:Speed>
              </ns3:TPX>
            </Extensions>
          </Trackpoint>
          <Trackpoint>
            <Time>2026-04-13T02:19:47.000Z</Time>
            <Position>
              <LatitudeDegrees>-41.65227164514363</LatitudeDegrees>
              <LongitudeDegrees>145.94909529201686</LongitudeDegrees>
            </Position>
            <AltitudeMeters>1443.4000244140625</AltitudeMeters>
            <DistanceMeters>4549.22021484375</DistanceMeters>
            <Extensions>
              <ns3:TPX>
                <ns3:Speed>1.1799999475479126</ns3:Speed>
              </ns3:TPX>
            </Extensions>
          </Trackpoint>
          <Trackpoint>
            <Time>2026-04-13T02:19:48.000Z</Time>
            <Position>
              <LatitudeDegrees>-41.65226686745882</LatitudeDegrees>
              <LongitudeDegrees>145.94910987652838</LongitudeDegrees>
            </Position>
            <AltitudeMeters>1443.5999755859375</AltitudeMeters>
            <DistanceMeters>4550.56005859375</DistanceMeters>
            <Extensions>
              <ns3:TPX>
                <ns3:Speed>1.5099999904632568</ns3:Speed>
              </ns3:TPX>
            </Extensions>
          </Trackpoint>
          <Trackpoint>
            <Time>2026-04-13T02:19:49.000Z</Time>
            <Position>
              <LatitudeDegrees>-41.65226334705949</LatitudeDegrees>
              <LongitudeDegrees>145.94912647269666</LongitudeDegrees>
            </Position>
            <AltitudeMeters>1443.800048828125</AltitudeMeters>
            <DistanceMeters>4552.0</DistanceMeters>
            <Extensions>
              <ns3:TPX>
                <ns3:Speed>1.350000023841858</ns3:Speed>
              </ns3:TPX>
            </Extensions>
          </Trackpoint>
          <Trackpoint>
            <Time>2026-04-13T02:19:50.000Z</Time>
            <Position>
              <LatitudeDegrees>-41.65225965902209</LatitudeDegrees>
              <LongitudeDegrees>145.94914197921753</LongitudeDegrees>
            </Position>
            <AltitudeMeters>1443.800048828125</AltitudeMeters>
            <DistanceMeters>4553.3701171875</DistanceMeters>
            <Extensions>
              <ns3:TPX>
                <ns3:Speed>1.4600000381469727</ns3:Speed>
              </ns3:TPX>
            </Extensions>
          </Trackpoint>
          <Trackpoint>
            <Time>2026-04-13T02:19:51.000Z</Time>
            <Position>
              <LatitudeDegrees>-41.652254378423095</LatitudeDegrees>
              <LongitudeDegrees>145.9491579886526</LongitudeDegrees>
            </Position>
            <AltitudeMeters>1444.0</AltitudeMeters>
            <DistanceMeters>4554.85009765625</DistanceMeters>
            <Extensions>
              <ns3:TPX>
                <ns3:Speed>1.4900000095367432</ns3:Speed>
              </ns3:TPX>
            </Extensions>
          </Trackpoint>
          <Trackpoint>
            <Time>2026-04-13T02:20:02.000Z</Time>
            <Position>
              <LatitudeDegrees>-41.652151783928275</LatitudeDegrees>
              <LongitudeDegrees>145.94926544465125</LongitudeDegrees>
            </Position>
            <AltitudeMeters>1444.800048828125</AltitudeMeters>
            <DistanceMeters>4569.490234375</DistanceMeters>
            <Extensions>
              <ns3:TPX>
                <ns3:Speed>1.399999976158142</ns3:Speed>
              </ns3:TPX>
            </Extensions>
          </Trackpoint>
          <Trackpoint>
            <Time>2026-04-13T02:20:10.000Z</Time>
            <Position>
              <LatitudeDegrees>-41.65206561796367</LatitudeDegrees>
              <LongitudeDegrees>145.94932948239148</LongitudeDegrees>
            </Position>
            <AltitudeMeters>1444.800048828125</AltitudeMeters>
            <DistanceMeters>4580.56982421875</DistanceMeters>
            <Extensions>
              <ns3:TPX>
                <ns3:Speed>1.3899999856948853</ns3:Speed>
              </ns3:TPX>
            </Extensions>
          </Trackpoint>
          <Trackpoint>
            <Time>2026-04-13T02:20:11.000Z</Time>
            <Position>
              <LatitudeDegrees>-41.65205639787018</LatitudeDegrees>
              <LongitudeDegrees>145.9493408817798</LongitudeDegrees>
            </Position>
            <AltitudeMeters>1444.800048828125</AltitudeMeters>
            <DistanceMeters>4581.990234375</DistanceMeters>
            <Extensions>
              <ns3:TPX>
                <ns3:Speed>1.340000033378601</ns3:Speed>
              </ns3:TPX>
            </Extensions>
          </Trackpoint>
          <Trackpoint>
            <Time>2026-04-13T02:20:12.000Z</Time>
            <Position>
              <LatitudeDegrees>-41.65204558521509</LatitudeDegrees>
              <LongitudeDegrees>145.94934607855976</LongitudeDegrees>
            </Position>
            <AltitudeMeters>1444.800048828125</AltitudeMeters>
            <DistanceMeters>4583.2900390625</DistanceMeters>
            <Extensions>
              <ns3:TPX>
                <ns3:Speed>1.399999976158142</ns3:Speed>
              </ns3:TPX>
            </Extensions>
          </Trackpoint>
          <Trackpoint>
            <Time>2026-04-13T02:20:15.000Z</Time>
            <Position>
              <LatitudeDegrees>-41.65201432071626</LatitudeDegrees>
              <LongitudeDegrees>145.94935672357678</LongitudeDegrees>
            </Position>
            <AltitudeMeters>1444.800048828125</AltitudeMeters>
            <DistanceMeters>4586.93017578125</DistanceMeters>
            <Extensions>
              <ns3:TPX>
                <ns3:Speed>1.3899999856948853</ns3:Speed>
              </ns3:TPX>
            </Extensions>
          </Trackpoint>
          <Trackpoint>
            <Time>2026-04-13T02:20:16.000Z</Time>
            <Position>
              <LatitudeDegrees>-41.65200308896601</LatitudeDegrees>
              <LongitudeDegrees>145.94935747794807</LongitudeDegrees>
            </Position>
            <AltitudeMeters>1444.800048828125</AltitudeMeters>
            <DistanceMeters>4588.2001953125</DistanceMeters>
            <Extensions>
              <ns3:TPX>
                <ns3:Speed>1.1200000047683716</ns3:Speed>
              </ns3:TPX>
            </Extensions>
          </Trackpoint>
          <Trackpoint>
            <Time>2026-04-13T02:20:25.000Z</Time>
            <Position>
              <LatitudeDegrees>-41.65192966349423</LatitudeDegrees>
              <LongitudeDegrees>145.94940785318613</LongitudeDegrees>
            </Position>
            <AltitudeMeters>1445.0</AltitudeMeters>
            <DistanceMeters>4597.47998046875</DistanceMeters>
            <Extensions>
              <ns3:TPX>
                <ns3:Speed>1.2000000476837158</ns3:Speed>
              </ns3:TPX>
            </Extensions>
          </Trackpoint>
          <Trackpoint>
            <Time>2026-04-13T02:20:27.000Z</Time>
            <Position>
              <LatitudeDegrees>-41.651906026527286</LatitudeDegrees>
              <LongitudeDegrees>145.9494157321751</LongitudeDegrees>
            </Position>
            <AltitudeMeters>1445.199951171875</AltitudeMeters>
            <DistanceMeters>4600.22998046875</DistanceMeters>
            <Extensions>
              <ns3:TPX>
                <ns3:Speed>1.6100000143051147</ns3:Speed>
              </ns3:TPX>
            </Extensions>
          </Trackpoint>
          <Trackpoint>
            <Time>2026-04-13T02:20:34.000Z</Time>
            <Position>
              <LatitudeDegrees>-41.65183184668422</LatitudeDegrees>
              <LongitudeDegrees>145.94942763447762</LongitudeDegrees>
            </Position>
            <AltitudeMeters>1447.800048828125</AltitudeMeters>
            <DistanceMeters>4608.64990234375</DistanceMeters>
            <Extensions>
              <ns3:TPX>
                <ns3:Speed>0.7599999904632568</ns3:Speed>
              </ns3:TPX>
            </Extensions>
          </Trackpoint>
          <Trackpoint>
            <Time>2026-04-13T02:20:39.000Z</Time>
            <Position>
              <LatitudeDegrees>-41.65178884752095</LatitudeDegrees>
              <LongitudeDegrees>145.94944255426526</LongitudeDegrees>
            </Position>
            <AltitudeMeters>1449.199951171875</AltitudeMeters>
            <DistanceMeters>4613.64990234375</DistanceMeters>
            <Extensions>
              <ns3:TPX>
                <ns3:Speed>1.3200000524520874</ns3:Speed>
              </ns3:TPX>
            </Extensions>
          </Trackpoint>
          <Trackpoint>
            <Time>2026-04-13T02:20:48.000Z</Time>
            <Position>
              <LatitudeDegrees>-41.651732521131635</LatitudeDegrees>
              <LongitudeDegrees>145.94952285289764</LongitudeDegrees>
            </Position>
            <AltitudeMeters>1450.800048828125</AltitudeMeters>
            <DistanceMeters>4622.89990234375</DistanceMeters>
            <Extensions>
              <ns3:TPX>
                <ns3:Speed>1.2899999618530273</ns3:Speed>
              </ns3:TPX>
            </Extensions>
          </Trackpoint>
          <Trackpoint>
            <Time>2026-04-13T02:20:49.000Z</Time>
            <Position>
              <LatitudeDegrees>-41.651726150885224</LatitudeDegrees>
              <LongitudeDegrees>145.94953416846693</LongitudeDegrees>
            </Position>
            <AltitudeMeters>1451.0</AltitudeMeters>
            <DistanceMeters>4624.08984375</DistanceMeters>
            <Extensions>
              <ns3:TPX>
                <ns3:Speed>1.1399999856948853</ns3:Speed>
              </ns3:TPX>
            </Extensions>
          </Trackpoint>
          <Trackpoint>
            <Time>2026-04-13T02:20:50.000Z</Time>
            <Position>
              <LatitudeDegrees>-41.6517186909914</LatitudeDegrees>
              <LongitudeDegrees>145.94954397529364</LongitudeDegrees>
            </Position>
            <AltitudeMeters>1451.199951171875</AltitudeMeters>
            <DistanceMeters>4625.27978515625</DistanceMeters>
            <Extensions>
              <ns3:TPX>
                <ns3:Speed>1.159999966621399</ns3:Speed>
              </ns3:TPX>
            </Extensions>
          </Trackpoint>
          <Trackpoint>
            <Time>2026-04-13T02:20:56.000Z</Time>
            <Position>
              <LatitudeDegrees>-41.65168549865484</LatitudeDegrees>
              <LongitudeDegrees>145.94959652982652</LongitudeDegrees>
            </Position>
            <AltitudeMeters>1451.800048828125</AltitudeMeters>
            <DistanceMeters>4631.0498046875</DistanceMeters>
            <Extensions>
              <ns3:TPX>
                <ns3:Speed>1.2300000190734863</ns3:Speed>
              </ns3:TPX>
            </Extensions>
          </Trackpoint>
          <Trackpoint>
            <Time>2026-04-13T02:20:57.000Z</Time>
            <Position>
              <LatitudeDegrees>-41.65168005041778</LatitudeDegrees>
              <LongitudeDegrees>145.9496104437858</LongitudeDegrees>
            </Position>
            <AltitudeMeters>1452.199951171875</AltitudeMeters>
            <DistanceMeters>4632.3701171875</DistanceMeters>
            <Extensions>
              <ns3:TPX>
                <ns3:Speed>1.3700000047683716</ns3:Speed>
              </ns3:TPX>
            </Extensions>
          </Trackpoint>
          <Trackpoint>
            <Time>2026-04-13T02:20:58.000Z</Time>
            <Position>
              <LatitudeDegrees>-41.65167183615267</LatitudeDegrees>
              <LongitudeDegrees>145.94962259754539</LongitudeDegrees>
            </Position>
            <AltitudeMeters>1452.4000244140625</AltitudeMeters>
            <DistanceMeters>4633.75</DistanceMeters>
            <Extensions>
              <ns3:TPX>
                <ns3:Speed>1.2899999618530273</ns3:Speed>
              </ns3:TPX>
            </Extensions>
          </Trackpoint>
          <Trackpoint>
            <Time>2026-04-13T02:21:06.000Z</Time>
            <Position>
              <LatitudeDegrees>-41.651638224720955</LatitudeDegrees>
              <LongitudeDegrees>145.94970784150064</LongitudeDegrees>
            </Position>
            <AltitudeMeters>1455.4000244140625</AltitudeMeters>
            <DistanceMeters>4641.830078125</DistanceMeters>
            <Extensions>
              <ns3:TPX>
                <ns3:Speed>0.7699999809265137</ns3:Speed>
              </ns3:TPX>
            </Extensions>
          </Trackpoint>
          <Trackpoint>
            <Time>2026-04-13T02:21:07.000Z</Time>
            <Position>
              <LatitudeDegrees>-41.65162984281778</LatitudeDegrees>
              <LongitudeDegrees>145.9497135411948</LongitudeDegrees>
            </Position>
            <AltitudeMeters>1455.800048828125</AltitudeMeters>
            <DistanceMeters>4642.89013671875</DistanceMeters>
            <Extensions>
              <ns3:TPX>
                <ns3:Speed>1.2799999713897705</ns3:Speed>
              </ns3:TPX>
            </Extensions>
          </Trackpoint>
          <Trackpoint>
            <Time>2026-04-13T02:21:12.000Z</Time>
            <Position>
              <LatitudeDegrees>-41.65158189833164</LatitudeDegrees>
              <LongitudeDegrees>145.94976232387125</LongitudeDegrees>
            </Position>
            <AltitudeMeters>1456.5999755859375</AltitudeMeters>
            <DistanceMeters>4649.669921875</DistanceMeters>
            <Extensions>
              <ns3:TPX>
                <ns3:Speed>1.4199999570846558</ns3:Speed>
              </ns3:TPX>
            </Extensions>
          </Trackpoint>
          <Trackpoint>
            <Time>2026-04-13T02:21:13.000Z</Time>
            <Position>
              <LatitudeDegrees>-41.65156974457204</LatitudeDegrees>
              <LongitudeDegrees>145.94976953230798</LongitudeDegrees>
            </Position>
            <AltitudeMeters>1456.5999755859375</AltitudeMeters>
            <DistanceMeters>4651.169921875</DistanceMeters>
            <Extensions>
              <ns3:TPX>
                <ns3:Speed>1.5099999904632568</ns3:Speed>
              </ns3:TPX>
            </Extensions>
          </Trackpoint>
          <Trackpoint>
            <Time>2026-04-13T02:21:14.000Z</Time>
            <Position>
              <LatitudeDegrees>-41.65155935101211</LatitudeDegrees>
              <LongitudeDegrees>145.94977808184922</LongitudeDegrees>
            </Position>
            <AltitudeMeters>1456.5999755859375</AltitudeMeters>
            <DistanceMeters>4652.5498046875</DistanceMeters>
            <Extensions>
              <ns3:TPX>
                <ns3:Speed>1.2200000286102295</ns3:Speed>
              </ns3:TPX>
            </Extensions>
          </Trackpoint>
          <Trackpoint>
            <Time>2026-04-13T02:21:15.000Z</Time>
            <Position>
              <LatitudeDegrees>-41.651549795642495</LatitudeDegrees>
              <LongitudeDegrees>145.94978529028594</LongitudeDegrees>
            </Position>
            <AltitudeMeters>1456.5999755859375</AltitudeMeters>
            <DistanceMeters>4653.7900390625</DistanceMeters>
            <Extensions>
              <ns3:TPX>
                <ns3:Speed>1.2699999809265137</ns3:Speed>
              </ns3:TPX>
            </Extensions>
          </Trackpoint>
          <Trackpoint>
            <Time>2026-04-13T02:21:16.000Z</Time>
            <Position>
              <LatitudeDegrees>-41.65154015645385</LatitudeDegrees>
              <LongitudeDegrees>145.94979316927493</LongitudeDegrees>
            </Position>
            <AltitudeMeters>1456.5999755859375</AltitudeMeters>
            <DistanceMeters>4655.06982421875</DistanceMeters>
            <Extensions>
              <ns3:TPX>
                <ns3:Speed>1.2200000286102295</ns3:Speed>
              </ns3:TPX>
            </Extensions>
          </Trackpoint>
          <Trackpoint>
            <Time>2026-04-13T02:21:17.000Z</Time>
            <Position>
              <LatitudeDegrees>-41.65153185836971</LatitudeDegrees>
              <LongitudeDegrees>145.94980238936841</LongitudeDegrees>
            </Position>
            <AltitudeMeters>1456.5999755859375</AltitudeMeters>
            <DistanceMeters>4656.2900390625</DistanceMeters>
            <Extensions>
              <ns3:TPX>
                <ns3:Speed>1.2400000095367432</ns3:Speed>
              </ns3:TPX>
            </Extensions>
          </Trackpoint>
          <Trackpoint>
            <Time>2026-04-13T02:21:18.000Z</Time>
            <Position>
              <LatitudeDegrees>-41.65152397938073</LatitudeDegrees>
              <LongitudeDegrees>145.94981269910932</LongitudeDegrees>
            </Position>
            <AltitudeMeters>1456.5999755859375</AltitudeMeters>
            <DistanceMeters>4657.5400390625</DistanceMeters>
            <Extensions>
              <ns3:TPX>
                <ns3:Speed>1.2799999713897705</ns3:Speed>
              </ns3:TPX>
            </Extensions>
          </Trackpoint>
          <Trackpoint>
            <Time>2026-04-13T02:21:29.000Z</Time>
            <Position>
              <LatitudeDegrees>-41.6515133343637</LatitudeDegrees>
              <LongitudeDegrees>145.9499447979033</LongitudeDegrees>
            </Position>
            <AltitudeMeters>1458.199951171875</AltitudeMeters>
            <DistanceMeters>4668.66015625</DistanceMeters>
            <Extensions>
              <ns3:TPX>
                <ns3:Speed>1.1399999856948853</ns3:Speed>
              </ns3:TPX>
            </Extensions>
          </Trackpoint>
          <Trackpoint>
            <Time>2026-04-13T02:21:38.000Z</Time>
            <Position>
              <LatitudeDegrees>-41.65152129717171</LatitudeDegrees>
              <LongitudeDegrees>145.94998008571565</LongitudeDegrees>
            </Position>
            <AltitudeMeters>1460.0</AltitudeMeters>
            <DistanceMeters>4671.75</DistanceMeters>
            <Extensions>
              <ns3:TPX>
                <ns3:Speed>0.6700000166893005</ns3:Speed>
              </ns3:TPX>
            </Extensions>
          </Trackpoint>
          <Trackpoint>
            <Time>2026-04-13T02:21:45.000Z</Time>
            <Position>
              <LatitudeDegrees>-41.6514702513814</LatitudeDegrees>
              <LongitudeDegrees>145.94998829998076</LongitudeDegrees>
            </Position>
            <AltitudeMeters>1460.199951171875</AltitudeMeters>
            <DistanceMeters>4677.5400390625</DistanceMeters>
            <Extensions>
              <ns3:TPX>
                <ns3:Speed>1.2699999809265137</ns3:Speed>
              </ns3:TPX>
            </Extensions>
          </Trackpoint>
          <Trackpoint>
            <Time>2026-04-13T02:21:46.000Z</Time>
            <Position>
              <LatitudeDegrees>-41.65146019309759</LatitudeDegrees>
              <LongitudeDegrees>145.94999693334103</LongitudeDegrees>
            </Position>
            <AltitudeMeters>1460.199951171875</AltitudeMeters>
            <DistanceMeters>4678.89013671875</DistanceMeters>
            <Extensions>
              <ns3:TPX>
                <ns3:Speed>1.2599999904632568</ns3:Speed>
              </ns3:TPX>
            </Extensions>
          </Trackpoint>
          <Trackpoint>
            <Time>2026-04-13T02:21:57.000Z</Time>
            <Position>
              <LatitudeDegrees>-41.651344522833824</LatitudeDegrees>
              <LongitudeDegrees>145.95009206794202</LongitudeDegrees>
            </Position>
            <AltitudeMeters>1460.4000244140625</AltitudeMeters>
            <DistanceMeters>4694.16015625</DistanceMeters>
            <Extensions>
              <ns3:TPX>
                <ns3:Speed>1.600000023841858</ns3:Speed>
              </ns3:TPX>
            </Extensions>
          </Trackpoint>
          <Trackpoint>
            <Time>2026-04-13T02:22:00.000Z</Time>
            <Position>
              <LatitudeDegrees>-41.65131124667823</LatitudeDegrees>
              <LongitudeDegrees>145.95008016563952</LongitudeDegrees>
            </Position>
            <AltitudeMeters>1460.5999755859375</AltitudeMeters>
            <DistanceMeters>4698.0400390625</DistanceMeters>
            <Extensions>
              <ns3:TPX>
                <ns3:Speed>1.3300000429153442</ns3:Speed>
              </ns3:TPX>
            </Extensions>
          </Trackpoint>
          <Trackpoint>
            <Time>2026-04-13T02:22:01.000Z</Time>
            <Position>
              <LatitudeDegrees>-41.65130755864084</LatitudeDegrees>
              <LongitudeDegrees>145.950065581128</LongitudeDegrees>
            </Position>
            <AltitudeMeters>1460.4000244140625</AltitudeMeters>
            <DistanceMeters>4699.330078125</DistanceMeters>
            <Extensions>
              <ns3:TPX>
                <ns3:Speed>1.3200000524520874</ns3:Speed>
              </ns3:TPX>
            </Extensions>
          </Trackpoint>
          <Trackpoint>
            <Time>2026-04-13T02:22:10.000Z</Time>
            <Position>
              <LatitudeDegrees>-41.65124796330929</LatitudeDegrees>
              <LongitudeDegrees>145.9500217437744</LongitudeDegrees>
            </Position>
            <AltitudeMeters>1459.5999755859375</AltitudeMeters>
            <DistanceMeters>4706.97998046875</DistanceMeters>
            <Extensions>
              <ns3:TPX>
                <ns3:Speed>1.090000033378601</ns3:Speed>
              </ns3:TPX>
            </Extensions>
          </Trackpoint>
          <Trackpoint>
            <Time>2026-04-13T02:22:12.000Z</Time>
            <Position>
              <LatitudeDegrees>-41.65123044513166</LatitudeDegrees>
              <LongitudeDegrees>145.95001017674804</LongitudeDegrees>
            </Position>
            <AltitudeMeters>1459.4000244140625</AltitudeMeters>
            <DistanceMeters>4709.18017578125</DistanceMeters>
            <Extensions>
              <ns3:TPX>
                <ns3:Speed>1.340000033378601</ns3:Speed>
              </ns3:TPX>
            </Extensions>
          </Trackpoint>
          <Trackpoint>
            <Time>2026-04-13T02:22:18.000Z</Time>
            <Position>
              <LatitudeDegrees>-41.65119373239577</LatitudeDegrees>
              <LongitudeDegrees>145.9499614778906</LongitudeDegrees>
            </Position>
            <AltitudeMeters>1458.199951171875</AltitudeMeters>
            <DistanceMeters>4714.97998046875</DistanceMeters>
            <Extensions>
              <ns3:TPX>
                <ns3:Speed>1.1299999952316284</ns3:Speed>
              </ns3:TPX>
            </Extensions>
          </Trackpoint>
          <Trackpoint>
            <Time>2026-04-13T02:22:19.000Z</Time>
            <Position>
              <LatitudeDegrees>-41.65118568576872</LatitudeDegrees>
              <LongitudeDegrees>145.9499548561871</LongitudeDegrees>
            </Position>
            <AltitudeMeters>1458.0</AltitudeMeters>
            <DistanceMeters>4716.0498046875</DistanceMeters>
            <Extensions>
              <ns3:TPX>
                <ns3:Speed>1.1100000143051147</ns3:Speed>
              </ns3:TPX>
            </Extensions>
          </Trackpoint>
          <Trackpoint>
            <Time>2026-04-13T02:22:22.000Z</Time>
            <Position>
              <LatitudeDegrees>-41.65116389282048</LatitudeDegrees>
              <LongitudeDegrees>145.94992912374437</LongitudeDegrees>
            </Position>
            <AltitudeMeters>1457.4000244140625</AltitudeMeters>
            <DistanceMeters>4719.2998046875</DistanceMeters>
            <Extensions>
              <ns3:TPX>
                <ns3:Speed>1.340000033378601</ns3:Speed>
              </ns3:TPX>
            </Extensions>
          </Trackpoint>
          <Trackpoint>
            <Time>2026-04-13T02:22:30.000Z</Time>
            <Position>
              <LatitudeDegrees>-41.65110689587891</LatitudeDegrees>
              <LongitudeDegrees>145.94985351897776</LongitudeDegrees>
            </Position>
            <AltitudeMeters>1456.199951171875</AltitudeMeters>
            <DistanceMeters>4728.31982421875</DistanceMeters>
            <Extensions>
              <ns3:TPX>
                <ns3:Speed>1.309999942779541</ns3:Speed>
              </ns3:TPX>
            </Extensions>
          </Trackpoint>
          <Trackpoint>
            <Time>2026-04-13T02:22:31.000Z</Time>
            <Position>
              <LatitudeDegrees>-41.6510952450335</LatitudeDegrees>
              <LongitudeDegrees>145.94985058531165</LongitudeDegrees>
            </Position>
            <AltitudeMeters>1455.800048828125</AltitudeMeters>
            <DistanceMeters>4729.64990234375</DistanceMeters>
            <Extensions>
              <ns3:TPX>
                <ns3:Speed>1.2899999618530273</ns3:Speed>
              </ns3:TPX>
            </Extensions>
          </Trackpoint>
          <Trackpoint>
            <Time>2026-04-13T02:22:32.000Z</Time>
            <Position>
              <LatitudeDegrees>-41.651083678007126</LatitudeDegrees>
              <LongitudeDegrees>145.94984907656908</LongitudeDegrees>
            </Position>
            <AltitudeMeters>1455.5999755859375</AltitudeMeters>
            <DistanceMeters>4730.97021484375</DistanceMeters>
            <Extensions>
              <ns3:TPX>
                <ns3:Speed>1.25</ns3:Speed>
              </ns3:TPX>
            </Extensions>
          </Trackpoint>
          <Trackpoint>
            <Time>2026-04-13T02:22:40.000Z</Time>
            <Position>
              <LatitudeDegrees>-41.651010336354375</LatitudeDegrees>
              <LongitudeDegrees>145.9498607274145</LongitudeDegrees>
            </Position>
            <AltitudeMeters>1453.800048828125</AltitudeMeters>
            <DistanceMeters>4739.27978515625</DistanceMeters>
            <Extensions>
              <ns3:TPX>
                <ns3:Speed>1.2000000476837158</ns3:Speed>
              </ns3:TPX>
            </Extensions>
          </Trackpoint>
          <Trackpoint>
            <Time>2026-04-13T02:22:41.000Z</Time>
            <Position>
              <LatitudeDegrees>-41.65099985897541</LatitudeDegrees>
              <LongitudeDegrees>145.9498652536422</LongitudeDegrees>
            </Position>
            <AltitudeMeters>1453.4000244140625</AltitudeMeters>
            <DistanceMeters>4740.52001953125</DistanceMeters>
            <Extensions>
              <ns3:TPX>
                <ns3:Speed>1.2400000095367432</ns3:Speed>
              </ns3:TPX>
            </Extensions>
          </Trackpoint>
          <Trackpoint>
            <Time>2026-04-13T02:22:49.000Z</Time>
            <Position>
              <LatitudeDegrees>-41.65092945098877</LatitudeDegrees>
              <LongitudeDegrees>145.94984052702785</LongitudeDegrees>
            </Position>
            <AltitudeMeters>1450.800048828125</AltitudeMeters>
            <DistanceMeters>4748.7099609375</DistanceMeters>
            <Extensions>
              <ns3:TPX>
                <ns3:Speed>1.3600000143051147</ns3:Speed>
              </ns3:TPX>
            </Extensions>
          </Trackpoint>
          <Trackpoint>
            <Time>2026-04-13T02:22:52.000Z</Time>
            <Position>
              <LatitudeDegrees>-41.65090153925121</LatitudeDegrees>
              <LongitudeDegrees>145.94981672242284</LongitudeDegrees>
            </Position>
            <AltitudeMeters>1450.0</AltitudeMeters>
            <DistanceMeters>4752.43994140625</DistanceMeters>
            <Extensions>
              <ns3:TPX>
                <ns3:Speed>1.75</ns3:Speed>
              </ns3:TPX>
            </Extensions>
          </Trackpoint>
          <Trackpoint>
            <Time>2026-04-13T02:22:53.000Z</Time>
            <Position>
              <LatitudeDegrees>-41.6508898884058</LatitudeDegrees>
              <LongitudeDegrees>145.9498068317771</LongitudeDegrees>
            </Position>
            <AltitudeMeters>1449.5999755859375</AltitudeMeters>
            <DistanceMeters>4753.990234375</DistanceMeters>
            <Extensions>
              <ns3:TPX>
                <ns3:Speed>1.399999976158142</ns3:Speed>
              </ns3:TPX>
            </Extensions>
          </Trackpoint>
          <Trackpoint>
            <Time>2026-04-13T02:22:54.000Z</Time>
            <Position>
              <LatitudeDegrees>-41.65087865665555</LatitudeDegrees>
              <LongitudeDegrees>145.94980666413903</LongitudeDegrees>
            </Position>
            <AltitudeMeters>1449.4000244140625</AltitudeMeters>
            <DistanceMeters>4755.25</DistanceMeters>
            <Extensions>
              <ns3:TPX>
                <ns3:Speed>1.190000057220459</ns3:Speed>
              </ns3:TPX>
            </Extensions>
          </Trackpoint>
          <Trackpoint>
            <Time>2026-04-13T02:22:57.000Z</Time>
            <Position>
              <LatitudeDegrees>-41.65083942934871</LatitudeDegrees>
              <LongitudeDegrees>145.94981336966157</LongitudeDegrees>
            </Position>
            <AltitudeMeters>1448.4000244140625</AltitudeMeters>
            <DistanceMeters>4759.7099609375</DistanceMeters>
            <Extensions>
              <ns3:TPX>
                <ns3:Speed>1.3600000143051147</ns3:Speed>
              </ns3:TPX>
            </Extensions>
          </Trackpoint>
          <Trackpoint>
            <Time>2026-04-13T02:22:58.000Z</Time>
            <Position>
              <LatitudeDegrees>-41.65082819759846</LatitudeDegrees>
              <LongitudeDegrees>145.9498102683574</LongitudeDegrees>
            </Position>
            <AltitudeMeters>1448.199951171875</AltitudeMeters>
            <DistanceMeters>4761.009765625</DistanceMeters>
            <Extensions>
              <ns3:TPX>
                <ns3:Speed>1.159999966621399</ns3:Speed>
              </ns3:TPX>
            </Extensions>
          </Trackpoint>
          <Trackpoint>
            <Time>2026-04-13T02:22:59.000Z</Time>
            <Position>
              <LatitudeDegrees>-41.6508156247437</LatitudeDegrees>
              <LongitudeDegrees>145.94980741851032</LongitudeDegrees>
            </Position>
            <AltitudeMeters>1448.0</AltitudeMeters>
            <DistanceMeters>4762.4501953125</DistanceMeters>
            <Extensions>
              <ns3:TPX>
                <ns3:Speed>1.5099999904632568</ns3:Speed>
              </ns3:TPX>
            </Extensions>
          </Trackpoint>
          <Trackpoint>
            <Time>2026-04-13T02:23:00.000Z</Time>
            <Position>
              <LatitudeDegrees>-41.6508034709841</LatitudeDegrees>
              <LongitudeDegrees>145.9498052392155</LongitudeDegrees>
            </Position>
            <AltitudeMeters>1447.5999755859375</AltitudeMeters>
            <DistanceMeters>4763.830078125</DistanceMeters>
            <Extensions>
              <ns3:TPX>
                <ns3:Speed>1.1100000143051147</ns3:Speed>
              </ns3:TPX>
            </Extensions>
          </Trackpoint>
          <Trackpoint>
            <Time>2026-04-13T02:23:01.000Z</Time>
            <Position>
              <LatitudeDegrees>-41.65079165250063</LatitudeDegrees>
              <LongitudeDegrees>145.9498042333871</LongitudeDegrees>
            </Position>
            <AltitudeMeters>1447.4000244140625</AltitudeMeters>
            <DistanceMeters>4765.16015625</DistanceMeters>
            <Extensions>
              <ns3:TPX>
                <ns3:Speed>1.5299999713897705</ns3:Speed>
              </ns3:TPX>
            </Extensions>
          </Trackpoint>
          <Trackpoint>
            <Time>2026-04-13T02:23:02.000Z</Time>
            <Position>
              <LatitudeDegrees>-41.65077698417008</LatitudeDegrees>
              <LongitudeDegrees>145.94980725087225</LongitudeDegrees>
            </Position>
            <AltitudeMeters>1447.199951171875</AltitudeMeters>
            <DistanceMeters>4766.830078125</DistanceMeters>
            <Extensions>
              <ns3:TPX>
                <ns3:Speed>1.409999966621399</ns3:Speed>
              </ns3:TPX>
            </Extensions>
          </Trackpoint>
          <Trackpoint>
            <Time>2026-04-13T02:23:03.000Z</Time>
            <Position>
              <LatitudeDegrees>-41.65076466277242</LatitudeDegrees>
              <LongitudeDegrees>145.94980775378644</LongitudeDegrees>
            </Position>
            <AltitudeMeters>1447.0</AltitudeMeters>
            <DistanceMeters>4768.22021484375</DistanceMeters>
            <Extensions>
              <ns3:TPX>
                <ns3:Speed>1.190000057220459</ns3:Speed>
              </ns3:TPX>
            </Extensions>
          </Trackpoint>
          <Trackpoint>
            <Time>2026-04-13T02:23:04.000Z</Time>
            <Position>
              <LatitudeDegrees>-41.65075276046991</LatitudeDegrees>
              <LongitudeDegrees>145.94980255700648</LongitudeDegrees>
            </Position>
            <AltitudeMeters>1447.0</AltitudeMeters>
            <DistanceMeters>4769.6298828125</DistanceMeters>
            <Extensions>
              <ns3:TPX>
                <ns3:Speed>1.5299999713897705</ns3:Speed>
              </ns3:TPX>
            </Extensions>
          </Trackpoint>
          <Trackpoint>
            <Time>2026-04-13T02:23:05.000Z</Time>
            <Position>
              <LatitudeDegrees>-41.65074077434838</LatitudeDegrees>
              <LongitudeDegrees>145.94979643821716</LongitudeDegrees>
            </Position>
            <AltitudeMeters>1447.0</AltitudeMeters>
            <DistanceMeters>4771.080078125</DistanceMeters>
            <Extensions>
              <ns3:TPX>
                <ns3:Speed>1.1100000143051147</ns3:Speed>
              </ns3:TPX>
            </Extensions>
          </Trackpoint>
          <Trackpoint>
            <Time>2026-04-13T02:23:06.000Z</Time>
            <Position>
              <LatitudeDegrees>-41.650728955864906</LatitudeDegrees>
              <LongitudeDegrees>145.94979291781783</LongitudeDegrees>
            </Position>
            <AltitudeMeters>1446.800048828125</AltitudeMeters>
            <DistanceMeters>4772.43994140625</DistanceMeters>
            <Extensions>
              <ns3:TPX>
                <ns3:Speed>1.4500000476837158</ns3:Speed>
              </ns3:TPX>
            </Extensions>
          </Trackpoint>
          <Trackpoint>
            <Time>2026-04-13T02:23:09.000Z</Time>
            <Position>
              <LatitudeDegrees>-41.65069676935673</LatitudeDegrees>
              <LongitudeDegrees>145.94977137632668</LongitudeDegrees>
            </Position>
            <AltitudeMeters>1447.0</AltitudeMeters>
            <DistanceMeters>4776.490234375</DistanceMeters>
            <Extensions>
              <ns3:TPX>
                <ns3:Speed>1.3700000047683716</ns3:Speed>
              </ns3:TPX>
            </Extensions>
          </Trackpoint>
          <Trackpoint>
            <Time>2026-04-13T02:23:10.000Z</Time>
            <Position>
              <LatitudeDegrees>-41.65068821981549</LatitudeDegrees>
              <LongitudeDegrees>145.94976249150932</LongitudeDegrees>
            </Position>
            <AltitudeMeters>1447.199951171875</AltitudeMeters>
            <DistanceMeters>4777.7099609375</DistanceMeters>
            <Extensions>
              <ns3:TPX>
                <ns3:Speed>1.1699999570846558</ns3:Speed>
              </ns3:TPX>
            </Extensions>
          </Trackpoint>
          <Trackpoint>
            <Time>2026-04-13T02:23:20.000Z</Time>
            <Position>
              <LatitudeDegrees>-41.650604736059904</LatitudeDegrees>
              <LongitudeDegrees>145.94971178099513</LongitudeDegrees>
            </Position>
            <AltitudeMeters>1448.800048828125</AltitudeMeters>
            <DistanceMeters>4788.02978515625</DistanceMeters>
            <Extensions>
              <ns3:TPX>
                <ns3:Speed>1.1299999952316284</ns3:Speed>
              </ns3:TPX>
            </Extensions>
          </Trackpoint>
          <Trackpoint>
            <Time>2026-04-13T02:23:29.000Z</Time>
            <Position>
              <LatitudeDegrees>-41.65059828199446</LatitudeDegrees>
              <LongitudeDegrees>145.9496284648776</LongitudeDegrees>
            </Position>
            <AltitudeMeters>1448.199951171875</AltitudeMeters>
            <DistanceMeters>4795.0400390625</DistanceMeters>
            <Extensions>
              <ns3:TPX>
                <ns3:Speed>0.5799999833106995</ns3:Speed>
              </ns3:TPX>
            </Extensions>
          </Trackpoint>
          <Trackpoint>
            <Time>2026-04-13T02:23:40.000Z</Time>
            <Position>
              <LatitudeDegrees>-41.65052485652268</LatitudeDegrees>
              <LongitudeDegrees>145.9496266208589</LongitudeDegrees>
            </Position>
            <AltitudeMeters>1445.800048828125</AltitudeMeters>
            <DistanceMeters>4803.31005859375</DistanceMeters>
            <Extensions>
              <ns3:TPX>
                <ns3:Speed>0.6600000262260437</ns3:Speed>
              </ns3:TPX>
            </Extensions>
          </Trackpoint>
          <Trackpoint>
            <Time>2026-04-13T02:23:46.000Z</Time>
            <Position>
              <LatitudeDegrees>-41.65049443021417</LatitudeDegrees>
              <LongitudeDegrees>145.94963458366692</LongitudeDegrees>
            </Position>
            <AltitudeMeters>1442.800048828125</AltitudeMeters>
            <DistanceMeters>4806.81005859375</DistanceMeters>
            <Extensions>
              <ns3:TPX>
                <ns3:Speed>0.6100000143051147</ns3:Speed>
              </ns3:TPX>
            </Extensions>
          </Trackpoint>
          <Trackpoint>
            <Time>2026-04-13T02:23:54.000Z</Time>
            <Position>
              <LatitudeDegrees>-41.65045436471701</LatitudeDegrees>
              <LongitudeDegrees>145.94962988980114</LongitudeDegrees>
            </Position>
            <AltitudeMeters>1439.4000244140625</AltitudeMeters>
            <DistanceMeters>4811.33984375</DistanceMeters>
            <Extensions>
              <ns3:TPX>
                <ns3:Speed>0.6200000047683716</ns3:Speed>
              </ns3:TPX>
            </Extensions>
          </Trackpoint>
          <Trackpoint>
            <Time>2026-04-13T02:24:10.000Z</Time>
            <Position>
              <LatitudeDegrees>-41.65044824592769</LatitudeDegrees>
              <LongitudeDegrees>145.94963022507727</LongitudeDegrees>
            </Position>
            <AltitudeMeters>1436.4000244140625</AltitudeMeters>
            <DistanceMeters>4812.02978515625</DistanceMeters>
            <Extensions>
              <ns3:TPX>
                <ns3:Speed>0.3400000035762787</ns3:Speed>
              </ns3:TPX>
            </Extensions>
          </Trackpoint>
          <Trackpoint>
            <Time>2026-04-13T02:24:16.000Z</Time>
            <Position>
              <LatitudeDegrees>-41.650417568162084</LatitudeDegrees>
              <LongitudeDegrees>145.94958647154272</LongitudeDegrees>
            </Position>
            <AltitudeMeters>1436.199951171875</AltitudeMeters>
            <DistanceMeters>4817.06982421875</DistanceMeters>
            <Extensions>
              <ns3:TPX>
                <ns3:Speed>1.1299999952316284</ns3:Speed>
              </ns3:TPX>
            </Extensions>
          </Trackpoint>
          <Trackpoint>
            <Time>2026-04-13T02:24:17.000Z</Time>
            <Position>
              <LatitudeDegrees>-41.65041698142886</LatitudeDegrees>
              <LongitudeDegrees>145.9495732281357</LongitudeDegrees>
            </Position>
            <AltitudeMeters>1436.199951171875</AltitudeMeters>
            <DistanceMeters>4818.169921875</DistanceMeters>
            <Extensions>
              <ns3:TPX>
                <ns3:Speed>1.159999966621399</ns3:Speed>
              </ns3:TPX>
            </Extensions>
          </Trackpoint>
          <Trackpoint>
            <Time>2026-04-13T02:24:24.000Z</Time>
            <Position>
              <LatitudeDegrees>-41.65038454346359</LatitudeDegrees>
              <LongitudeDegrees>145.94952017068863</LongitudeDegrees>
            </Position>
            <AltitudeMeters>1434.4000244140625</AltitudeMeters>
            <DistanceMeters>4823.919921875</DistanceMeters>
            <Extensions>
              <ns3:TPX>
                <ns3:Speed>1.1299999952316284</ns3:Speed>
              </ns3:TPX>
            </Extensions>
          </Trackpoint>
          <Trackpoint>
            <Time>2026-04-13T02:24:25.000Z</Time>
            <Position>
              <LatitudeDegrees>-41.65037431754172</LatitudeDegrees>
              <LongitudeDegrees>145.94951279461384</LongitudeDegrees>
            </Position>
            <AltitudeMeters>1434.0</AltitudeMeters>
            <DistanceMeters>4825.22021484375</DistanceMeters>
            <Extensions>
              <ns3:TPX>
                <ns3:Speed>1.2699999809265137</ns3:Speed>
              </ns3:TPX>
            </Extensions>
          </Trackpoint>
          <Trackpoint>
            <Time>2026-04-13T02:24:35.000Z</Time>
            <Position>
              <LatitudeDegrees>-41.65031757205725</LatitudeDegrees>
              <LongitudeDegrees>145.9494796860963</LongitudeDegrees>
            </Position>
            <AltitudeMeters>1433.199951171875</AltitudeMeters>
            <DistanceMeters>4832.18994140625</DistanceMeters>
            <Extensions>
              <ns3:TPX>
                <ns3:Speed>1.190000057220459</ns3:Speed>
              </ns3:TPX>
            </Extensions>
          </Trackpoint>
          <Trackpoint>
            <Time>2026-04-13T02:24:36.000Z</Time>
            <Position>
              <LatitudeDegrees>-41.650306759402156</LatitudeDegrees>
              <LongitudeDegrees>145.94947507604957</LongitudeDegrees>
            </Position>
            <AltitudeMeters>1433.0</AltitudeMeters>
            <DistanceMeters>4833.4599609375</DistanceMeters>
            <Extensions>
              <ns3:TPX>
                <ns3:Speed>1.2000000476837158</ns3:Speed>
              </ns3:TPX>
            </Extensions>
          </Trackpoint>
          <Trackpoint>
            <Time>2026-04-13T02:24:37.000Z</Time>
            <Position>
              <LatitudeDegrees>-41.650295024737716</LatitudeDegrees>
              <LongitudeDegrees>145.94947557896376</LongitudeDegrees>
            </Position>
            <AltitudeMeters>1432.800048828125</AltitudeMeters>
            <DistanceMeters>4834.7900390625</DistanceMeters>
            <Extensions>
              <ns3:TPX>
                <ns3:Speed>1.3899999856948853</ns3:Speed>
              </ns3:TPX>
            </Extensions>
          </Trackpoint>
          <Trackpoint>
            <Time>2026-04-13T02:24:38.000Z</Time>
            <Position>
              <LatitudeDegrees>-41.650281781330705</LatitudeDegrees>
              <LongitudeDegrees>145.94947507604957</LongitudeDegrees>
            </Position>
            <AltitudeMeters>1432.4000244140625</AltitudeMeters>
            <DistanceMeters>4836.27978515625</DistanceMeters>
            <Extensions>
              <ns3:TPX>
                <ns3:Speed>1.4900000095367432</ns3:Speed>
              </ns3:TPX>
            </Extensions>
          </Trackpoint>
          <Trackpoint>
            <Time>2026-04-13T02:24:41.000Z</Time>
            <Position>
              <LatitudeDegrees>-41.650252528488636</LatitudeDegrees>
              <LongitudeDegrees>145.94945898279548</LongitudeDegrees>
            </Position>
            <AltitudeMeters>1431.0</AltitudeMeters>
            <DistanceMeters>4839.83984375</DistanceMeters>
            <Extensions>
              <ns3:TPX>
                <ns3:Speed>1.340000033378601</ns3:Speed>
              </ns3:TPX>
            </Extensions>
          </Trackpoint>
          <Trackpoint>
            <Time>2026-04-13T02:24:47.000Z</Time>
            <Position>
              <LatitudeDegrees>-41.65020483545959</LatitudeDegrees>
              <LongitudeDegrees>145.94939678907394</LongitudeDegrees>
            </Position>
            <AltitudeMeters>1430.0</AltitudeMeters>
            <DistanceMeters>4847.31005859375</DistanceMeters>
            <Extensions>
              <ns3:TPX>
                <ns3:Speed>1.1100000143051147</ns3:Speed>
              </ns3:TPX>
            </Extensions>
          </Trackpoint>
          <Trackpoint>
            <Time>2026-04-13T02:24:56.000Z</Time>
            <Position>
              <LatitudeDegrees>-41.650141132995486</LatitudeDegrees>
              <LongitudeDegrees>145.94937063753605</LongitudeDegrees>
            </Position>
            <AltitudeMeters>1427.800048828125</AltitudeMeters>
            <DistanceMeters>4854.81005859375</DistanceMeters>
            <Extensions>
              <ns3:TPX>
                <ns3:Speed>0.5099999904632568</ns3:Speed>
              </ns3:TPX>
            </Extensions>
          </Trackpoint>
          <Trackpoint>
            <Time>2026-04-13T02:25:08.000Z</Time>
            <Position>
              <LatitudeDegrees>-41.65007307194173</LatitudeDegrees>
              <LongitudeDegrees>145.949404835701</LongitudeDegrees>
            </Position>
            <AltitudeMeters>1424.5999755859375</AltitudeMeters>
            <DistanceMeters>4863.0</DistanceMeters>
            <Extensions>
              <ns3:TPX>
                <ns3:Speed>0.6800000071525574</ns3:Speed>
              </ns3:TPX>
            </Extensions>
          </Trackpoint>
          <Trackpoint>
            <Time>2026-04-13T02:25:12.000Z</Time>
            <Position>
              <LatitudeDegrees>-41.65006184019148</LatitudeDegrees>
              <LongitudeDegrees>145.94944825395942</LongitudeDegrees>
            </Position>
            <AltitudeMeters>1423.0</AltitudeMeters>
            <DistanceMeters>4866.85009765625</DistanceMeters>
            <Extensions>
              <ns3:TPX>
                <ns3:Speed>1.1399999856948853</ns3:Speed>
              </ns3:TPX>
            </Extensions>
          </Trackpoint>
          <Trackpoint>
            <Time>2026-04-13T02:25:13.000Z</Time>
            <Position>
              <LatitudeDegrees>-41.65005773305893</LatitudeDegrees>
              <LongitudeDegrees>145.94946124590933</LongitudeDegrees>
            </Position>
            <AltitudeMeters>1422.5999755859375</AltitudeMeters>
            <DistanceMeters>4868.02978515625</DistanceMeters>
            <Extensions>
              <ns3:TPX>
                <ns3:Speed>1.149999976158142</ns3:Speed>
              </ns3:TPX>
            </Extensions>
          </Trackpoint>
          <Trackpoint>
            <Time>2026-04-13T02:25:14.000Z</Time>
            <Position>
              <LatitudeDegrees>-41.65005228482187</LatitudeDegrees>
              <LongitudeDegrees>145.94947482459247</LongitudeDegrees>
            </Position>
            <AltitudeMeters>1422.199951171875</AltitudeMeters>
            <DistanceMeters>4869.330078125</DistanceMeters>
            <Extensions>
              <ns3:TPX>
                <ns3:Speed>1.3799999952316284</ns3:Speed>
              </ns3:TPX>
            </Extensions>
          </Trackpoint>
          <Trackpoint>
            <Time>2026-04-13T02:25:16.000Z</Time>
            <Position>
              <LatitudeDegrees>-41.650038035586476</LatitudeDegrees>
              <LongitudeDegrees>145.94950072467327</LongitudeDegrees>
            </Position>
            <AltitudeMeters>1421.4000244140625</AltitudeMeters>
            <DistanceMeters>4872.0400390625</DistanceMeters>
            <Extensions>
              <ns3:TPX>
                <ns3:Speed>1.4900000095367432</ns3:Speed>
              </ns3:TPX>
            </Extensions>
          </Trackpoint>
          <Trackpoint>
            <Time>2026-04-13T02:25:17.000Z</Time>
            <Position>
              <LatitudeDegrees>-41.65003082714975</LatitudeDegrees>
              <LongitudeDegrees>145.94951539300382</LongitudeDegrees>
            </Position>
            <AltitudeMeters>1421.0</AltitudeMeters>
            <DistanceMeters>4873.509765625</DistanceMeters>
            <Extensions>
              <ns3:TPX>
                <ns3:Speed>1.2699999809265137</ns3:Speed>
              </ns3:TPX>
            </Extensions>
          </Trackpoint>
          <Trackpoint>
            <Time>2026-04-13T02:25:18.000Z</Time>
            <Position>
              <LatitudeDegrees>-41.65002613328397</LatitudeDegrees>
              <LongitudeDegrees>145.9495296422392</LongitudeDegrees>
            </Position>
            <AltitudeMeters>1420.800048828125</AltitudeMeters>
            <DistanceMeters>4874.81982421875</DistanceMeters>
            <Extensions>
              <ns3:TPX>
                <ns3:Speed>1.2200000286102295</ns3:Speed>
              </ns3:TPX>
            </Extensions>
          </Trackpoint>
          <Trackpoint>
            <Time>2026-04-13T02:25:19.000Z</Time>
            <Position>
              <LatitudeDegrees>-41.65002319961786</LatitudeDegrees>
              <LongitudeDegrees>145.9495459869504</LongitudeDegrees>
            </Position>
            <AltitudeMeters>1420.5999755859375</AltitudeMeters>
            <DistanceMeters>4876.22998046875</DistanceMeters>
            <Extensions>
              <ns3:TPX>
                <ns3:Speed>1.2899999618530273</ns3:Speed>
              </ns3:TPX>
            </Extensions>
          </Trackpoint>
          <Trackpoint>
            <Time>2026-04-13T02:25:20.000Z</Time>
            <Position>
              <LatitudeDegrees>-41.65002068504691</LatitudeDegrees>
              <LongitudeDegrees>145.9495615772903</LongitudeDegrees>
            </Position>
            <AltitudeMeters>1420.4000244140625</AltitudeMeters>
            <DistanceMeters>4877.56005859375</DistanceMeters>
            <Extensions>
              <ns3:TPX>
                <ns3:Speed>1.2799999713897705</ns3:Speed>
              </ns3:TPX>
            </Extensions>
          </Trackpoint>
          <Trackpoint>
            <Time>2026-04-13T02:25:22.000Z</Time>
            <Position>
              <LatitudeDegrees>-41.650008698925376</LatitudeDegrees>
              <LongitudeDegrees>145.94958177767694</LongitudeDegrees>
            </Position>
            <AltitudeMeters>1419.800048828125</AltitudeMeters>
            <DistanceMeters>4879.72998046875</DistanceMeters>
            <Extensions>
              <ns3:TPX>
                <ns3:Speed>1.2599999904632568</ns3:Speed>
              </ns3:TPX>
            </Extensions>
          </Trackpoint>
          <Trackpoint>
            <Time>2026-04-13T02:25:32.000Z</Time>
            <Position>
              <LatitudeDegrees>-41.64995916187763</LatitudeDegrees>
              <LongitudeDegrees>145.94963676296175</LongitudeDegrees>
            </Position>
            <AltitudeMeters>1418.4000244140625</AltitudeMeters>
            <DistanceMeters>4886.97998046875</DistanceMeters>
            <Extensions>
              <ns3:TPX>
                <ns3:Speed>0.7900000214576721</ns3:Speed>
              </ns3:TPX>
            </Extensions>
          </Trackpoint>
          <Trackpoint>
            <Time>2026-04-13T02:25:34.000Z</Time>
            <Position>
              <LatitudeDegrees>-41.64993837475777</LatitudeDegrees>
              <LongitudeDegrees>145.94963676296175</LongitudeDegrees>
            </Position>
            <AltitudeMeters>1418.199951171875</AltitudeMeters>
            <DistanceMeters>4889.31982421875</DistanceMeters>
            <Extensions>
              <ns3:TPX>
                <ns3:Speed>1.25</ns3:Speed>
              </ns3:TPX>
            </Extensions>
          </Trackpoint>
          <Trackpoint>
            <Time>2026-04-13T02:25:38.000Z</Time>
            <Position>
              <LatitudeDegrees>-41.649901578202844</LatitudeDegrees>
              <LongitudeDegrees>145.94965369440615</LongitudeDegrees>
            </Position>
            <AltitudeMeters>1417.5999755859375</AltitudeMeters>
            <DistanceMeters>4893.68994140625</DistanceMeters>
            <Extensions>
              <ns3:TPX>
                <ns3:Speed>1.159999966621399</ns3:Speed>
              </ns3:TPX>
            </Extensions>
          </Trackpoint>
          <Trackpoint>
            <Time>2026-04-13T02:25:39.000Z</Time>
            <Position>
              <LatitudeDegrees>-41.64989068172872</LatitudeDegrees>
              <LongitudeDegrees>145.94965763390064</LongitudeDegrees>
            </Position>
            <AltitudeMeters>1417.5999755859375</AltitudeMeters>
            <DistanceMeters>4894.97021484375</DistanceMeters>
            <Extensions>
              <ns3:TPX>
                <ns3:Speed>1.340000033378601</ns3:Speed>
              </ns3:TPX>
            </Extensions>
          </Trackpoint>
          <Trackpoint>
            <Time>2026-04-13T02:25:40.000Z</Time>
            <Position>
              <LatitudeDegrees>-41.64987844415009</LatitudeDegrees>
              <LongitudeDegrees>145.9496617410332</LongitudeDegrees>
            </Position>
            <AltitudeMeters>1417.5999755859375</AltitudeMeters>
            <DistanceMeters>4896.39990234375</DistanceMeters>
            <Extensions>
              <ns3:TPX>
                <ns3:Speed>1.340000033378601</ns3:Speed>
              </ns3:TPX>
            </Extensions>
          </Trackpoint>
          <Trackpoint>
            <Time>2026-04-13T02:25:41.000Z</Time>
            <Position>
              <LatitudeDegrees>-41.64986729621887</LatitudeDegrees>
              <LongitudeDegrees>145.94966928474605</LongitudeDegrees>
            </Position>
            <AltitudeMeters>1417.4000244140625</AltitudeMeters>
            <DistanceMeters>4897.81005859375</DistanceMeters>
            <Extensions>
              <ns3:TPX>
                <ns3:Speed>1.309999942779541</ns3:Speed>
              </ns3:TPX>
            </Extensions>
          </Trackpoint>
          <Trackpoint>
            <Time>2026-04-13T02:25:50.000Z</Time>
            <Position>
              <LatitudeDegrees>-41.649852795526385</LatitudeDegrees>
              <LongitudeDegrees>145.94968956895173</LongitudeDegrees>
            </Position>
            <AltitudeMeters>1416.4000244140625</AltitudeMeters>
            <DistanceMeters>4900.16015625</DistanceMeters>
            <Extensions>
              <ns3:TPX>
                <ns3:Speed>0.0</ns3:Speed>
              </ns3:TPX>
            </Extensions>
          </Trackpoint>
          <Trackpoint>
            <Time>2026-04-13T02:26:03.000Z</Time>
            <Position>
              <LatitudeDegrees>-41.64979403838515</LatitudeDegrees>
              <LongitudeDegrees>145.94977179542184</LongitudeDegrees>
            </Position>
            <AltitudeMeters>1415.0</AltitudeMeters>
            <DistanceMeters>4909.7001953125</DistanceMeters>
            <Extensions>
              <ns3:TPX>
                <ns3:Speed>0.8999999761581421</ns3:Speed>
              </ns3:TPX>
            </Extensions>
          </Trackpoint>
          <Trackpoint>
            <Time>2026-04-13T02:26:12.000Z</Time>
            <Position>
              <LatitudeDegrees>-41.649713069200516</LatitudeDegrees>
              <LongitudeDegrees>145.94983465969563</LongitudeDegrees>
            </Position>
            <AltitudeMeters>1413.4000244140625</AltitudeMeters>
            <DistanceMeters>4920.22998046875</DistanceMeters>
            <Extensions>
              <ns3:TPX>
                <ns3:Speed>1.350000023841858</ns3:Speed>
              </ns3:TPX>
            </Extensions>
          </Trackpoint>
          <Trackpoint>
            <Time>2026-04-13T02:26:13.000Z</Time>
            <Position>
              <LatitudeDegrees>-41.64970309473574</LatitudeDegrees>
              <LongitudeDegrees>145.9498478192836</LongitudeDegrees>
            </Position>
            <AltitudeMeters>1413.4000244140625</AltitudeMeters>
            <DistanceMeters>4921.81982421875</DistanceMeters>
            <Extensions>
              <ns3:TPX>
                <ns3:Speed>1.559999942779541</ns3:Speed>
              </ns3:TPX>
            </Extensions>
          </Trackpoint>
          <Trackpoint>
            <Time>2026-04-13T02:26:14.000Z</Time>
            <Position>
              <LatitudeDegrees>-41.64969144389033</LatitudeDegrees>
              <LongitudeDegrees>145.94985695555806</LongitudeDegrees>
            </Position>
            <AltitudeMeters>1413.4000244140625</AltitudeMeters>
            <DistanceMeters>4923.33984375</DistanceMeters>
            <Extensions>
              <ns3:TPX>
                <ns3:Speed>1.4900000095367432</ns3:Speed>
              </ns3:TPX>
            </Extensions>
          </Trackpoint>
          <Trackpoint>
            <Time>2026-04-13T02:26:27.000Z</Time>
            <Position>
              <LatitudeDegrees>-41.64953445084393</LatitudeDegrees>
              <LongitudeDegrees>145.94995913095772</LongitudeDegrees>
            </Position>
            <AltitudeMeters>1411.199951171875</AltitudeMeters>
            <DistanceMeters>4942.97998046875</DistanceMeters>
            <Extensions>
              <ns3:TPX>
                <ns3:Speed>1.1399999856948853</ns3:Speed>
              </ns3:TPX>
            </Extensions>
          </Trackpoint>
          <Trackpoint>
            <Time>2026-04-13T02:26:28.000Z</Time>
            <Position>
              <LatitudeDegrees>-41.64952816441655</LatitudeDegrees>
              <LongitudeDegrees>145.94997405074537</LongitudeDegrees>
            </Position>
            <AltitudeMeters>1411.199951171875</AltitudeMeters>
            <DistanceMeters>4944.419921875</DistanceMeters>
            <Extensions>
              <ns3:TPX>
                <ns3:Speed>1.3700000047683716</ns3:Speed>
              </ns3:TPX>
            </Extensions>
          </Trackpoint>
          <Trackpoint>
            <Time>2026-04-13T02:26:39.000Z</Time>
            <Position>
              <LatitudeDegrees>-41.64941945113242</LatitudeDegrees>
              <LongitudeDegrees>145.95007924363017</LongitudeDegrees>
            </Position>
            <AltitudeMeters>1410.800048828125</AltitudeMeters>
            <DistanceMeters>4959.490234375</DistanceMeters>
            <Extensions>
              <ns3:TPX>
                <ns3:Speed>1.3799999952316284</ns3:Speed>
              </ns3:TPX>
            </Extensions>
          </Trackpoint>
          <Trackpoint>
            <Time>2026-04-13T02:26:54.000Z</Time>
            <Position>
              <LatitudeDegrees>-41.64928274229169</LatitudeDegrees>
              <LongitudeDegrees>145.9502553474158</LongitudeDegrees>
            </Position>
            <AltitudeMeters>1409.0</AltitudeMeters>
            <DistanceMeters>4980.81005859375</DistanceMeters>
            <Extensions>
              <ns3:TPX>
                <ns3:Speed>1.2899999618530273</ns3:Speed>
              </ns3:TPX>
            </Extensions>
          </Trackpoint>
          <Trackpoint>
            <Time>2026-04-13T02:27:10.000Z</Time>
            <Position>
              <LatitudeDegrees>-41.64913329295814</LatitudeDegrees>
              <LongitudeDegrees>145.9504559263587</LongitudeDegrees>
            </Position>
            <AltitudeMeters>1410.4000244140625</AltitudeMeters>
            <DistanceMeters>5004.580078125</DistanceMeters>
            <Extensions>
              <ns3:TPX>
                <ns3:Speed>1.5</ns3:Speed>
              </ns3:TPX>
            </Extensions>
          </Trackpoint>
          <Trackpoint>
            <Time>2026-04-13T02:27:14.000Z</Time>
            <Position>
              <LatitudeDegrees>-41.64912709034979</LatitudeDegrees>
              <LongitudeDegrees>145.95051946118474</LongitudeDegrees>
            </Position>
            <AltitudeMeters>1410.0</AltitudeMeters>
            <DistanceMeters>5009.93994140625</DistanceMeters>
            <Extensions>
              <ns3:TPX>
                <ns3:Speed>1.1699999570846558</ns3:Speed>
              </ns3:TPX>
            </Extensions>
          </Trackpoint>
          <Trackpoint>
            <Time>2026-04-13T02:27:22.000Z</Time>
            <Position>
              <LatitudeDegrees>-41.649178471416235</LatitudeDegrees>
              <LongitudeDegrees>145.9506308566779</LongitudeDegrees>
            </Position>
            <AltitudeMeters>1408.199951171875</AltitudeMeters>
            <DistanceMeters>5020.919921875</DistanceMeters>
            <Extensions>
              <ns3:TPX>
                <ns3:Speed>1.1399999856948853</ns3:Speed>
              </ns3:TPX>
            </Extensions>
          </Trackpoint>
          <Trackpoint>
            <Time>2026-04-13T02:27:23.000Z</Time>
            <Position>
              <LatitudeDegrees>-41.64918492548168</LatitudeDegrees>
              <LongitudeDegrees>145.95064233988523</LongitudeDegrees>
            </Position>
            <AltitudeMeters>1408.0</AltitudeMeters>
            <DistanceMeters>5022.1201171875</DistanceMeters>
            <Extensions>
              <ns3:TPX>
                <ns3:Speed>1.2899999618530273</ns3:Speed>
              </ns3:TPX>
            </Extensions>
          </Trackpoint>
          <Trackpoint>
            <Time>2026-04-13T02:27:24.000Z</Time>
            <Position>
              <LatitudeDegrees>-41.64919045753777</LatitudeDegrees>
              <LongitudeDegrees>145.95065608620644</LongitudeDegrees>
            </Position>
            <AltitudeMeters>1408.0</AltitudeMeters>
            <DistanceMeters>5023.43017578125</DistanceMeters>
            <Extensions>
              <ns3:TPX>
                <ns3:Speed>1.2799999713897705</ns3:Speed>
              </ns3:TPX>
            </Extensions>
          </Trackpoint>
          <Trackpoint>
            <Time>2026-04-13T02:27:27.000Z</Time>
            <Position>
              <LatitudeDegrees>-41.64920596405864</LatitudeDegrees>
              <LongitudeDegrees>145.95069078728557</LongitudeDegrees>
            </Position>
            <AltitudeMeters>1408.199951171875</AltitudeMeters>
            <DistanceMeters>5026.81982421875</DistanceMeters>
            <Extensions>
              <ns3:TPX>
                <ns3:Speed>1.190000057220459</ns3:Speed>
              </ns3:TPX>
            </Extensions>
          </Trackpoint>
          <Trackpoint>
            <Time>2026-04-13T02:27:28.000Z</Time>
            <Position>
              <LatitudeDegrees>-41.64921543560922</LatitudeDegrees>
              <LongitudeDegrees>145.9506977442652</LongitudeDegrees>
            </Position>
            <AltitudeMeters>1408.199951171875</AltitudeMeters>
            <DistanceMeters>5028.0400390625</DistanceMeters>
            <Extensions>
              <ns3:TPX>
                <ns3:Speed>1.25</ns3:Speed>
              </ns3:TPX>
            </Extensions>
          </Trackpoint>
          <Trackpoint>
            <Time>2026-04-13T02:27:34.000Z</Time>
            <Position>
              <LatitudeDegrees>-41.649223482236266</LatitudeDegrees>
              <LongitudeDegrees>145.9507511369884</LongitudeDegrees>
            </Position>
            <AltitudeMeters>1410.0</AltitudeMeters>
            <DistanceMeters>5032.60009765625</DistanceMeters>
            <Extensions>
              <ns3:TPX>
                <ns3:Speed>1.159999966621399</ns3:Speed>
              </ns3:TPX>
            </Extensions>
          </Trackpoint>
          <Trackpoint>
            <Time>2026-04-13T02:27:35.000Z</Time>
            <Position>
              <LatitudeDegrees>-41.64922432042658</LatitudeDegrees>
              <LongitudeDegrees>145.95076505094767</LongitudeDegrees>
            </Position>
            <AltitudeMeters>1410.4000244140625</AltitudeMeters>
            <DistanceMeters>5033.77001953125</DistanceMeters>
            <Extensions>
              <ns3:TPX>
                <ns3:Speed>1.2000000476837158</ns3:Speed>
              </ns3:TPX>
            </Extensions>
          </Trackpoint>
          <Trackpoint>
            <Time>2026-04-13T02:27:37.000Z</Time>
            <Position>
              <LatitudeDegrees>-41.64922256022692</LatitudeDegrees>
              <LongitudeDegrees>145.95079187303782</LongitudeDegrees>
            </Position>
            <AltitudeMeters>1411.199951171875</AltitudeMeters>
            <DistanceMeters>5036.02001953125</DistanceMeters>
            <Extensions>
              <ns3:TPX>
                <ns3:Speed>1.1699999570846558</ns3:Speed>
              </ns3:TPX>
            </Extensions>
          </Trackpoint>
          <Trackpoint>
            <Time>2026-04-13T02:27:39.000Z</Time>
            <Position>
              <LatitudeDegrees>-41.64922943338752</LatitudeDegrees>
              <LongitudeDegrees>145.9508166834712</LongitudeDegrees>
            </Position>
            <AltitudeMeters>1412.0</AltitudeMeters>
            <DistanceMeters>5038.240234375</DistanceMeters>
            <Extensions>
              <ns3:TPX>
                <ns3:Speed>1.2799999713897705</ns3:Speed>
              </ns3:TPX>
            </Extensions>
          </Trackpoint>
          <Trackpoint>
            <Time>2026-04-13T02:27:40.000Z</Time>
            <Position>
              <LatitudeDegrees>-41.64923446252942</LatitudeDegrees>
              <LongitudeDegrees>145.95082984305918</LongitudeDegrees>
            </Position>
            <AltitudeMeters>1412.199951171875</AltitudeMeters>
            <DistanceMeters>5039.490234375</DistanceMeters>
            <Extensions>
              <ns3:TPX>
                <ns3:Speed>1.2200000286102295</ns3:Speed>
              </ns3:TPX>
            </Extensions>
          </Trackpoint>
          <Trackpoint>
            <Time>2026-04-13T02:27:51.000Z</Time>
            <Position>
              <LatitudeDegrees>-41.64929355494678</LatitudeDegrees>
              <LongitudeDegrees>145.95095414668322</LongitudeDegrees>
            </Position>
            <AltitudeMeters>1414.5999755859375</AltitudeMeters>
            <DistanceMeters>5051.830078125</DistanceMeters>
            <Extensions>
              <ns3:TPX>
                <ns3:Speed>1.2899999618530273</ns3:Speed>
              </ns3:TPX>
            </Extensions>
          </Trackpoint>
          <Trackpoint>
            <Time>2026-04-13T02:27:55.000Z</Time>
            <Position>
              <LatitudeDegrees>-41.649296237155795</LatitudeDegrees>
              <LongitudeDegrees>145.9509995765984</LongitudeDegrees>
            </Position>
            <AltitudeMeters>1414.800048828125</AltitudeMeters>
            <DistanceMeters>5055.64990234375</DistanceMeters>
            <Extensions>
              <ns3:TPX>
                <ns3:Speed>1.2400000095367432</ns3:Speed>
              </ns3:TPX>
            </Extensions>
          </Trackpoint>
          <Trackpoint>
            <Time>2026-04-13T02:27:57.000Z</Time>
            <Position>
              <LatitudeDegrees>-41.649297242984176</LatitudeDegrees>
              <LongitudeDegrees>145.95102723687887</LongitudeDegrees>
            </Position>
            <AltitudeMeters>1415.199951171875</AltitudeMeters>
            <DistanceMeters>5057.97021484375</DistanceMeters>
            <Extensions>
              <ns3:TPX>
                <ns3:Speed>1.25</ns3:Speed>
              </ns3:TPX>
            </Extensions>
          </Trackpoint>
          <Trackpoint>
            <Time>2026-04-13T02:27:58.000Z</Time>
            <Position>
              <LatitudeDegrees>-41.649301098659635</LatitudeDegrees>
              <LongitudeDegrees>145.95104148611426</LongitudeDegrees>
            </Position>
            <AltitudeMeters>1415.4000244140625</AltitudeMeters>
            <DistanceMeters>5059.240234375</DistanceMeters>
            <Extensions>
              <ns3:TPX>
                <ns3:Speed>1.309999942779541</ns3:Speed>
              </ns3:TPX>
            </Extensions>
          </Trackpoint>
          <Trackpoint>
            <Time>2026-04-13T02:27:59.000Z</Time>
            <Position>
              <LatitudeDegrees>-41.6493097320199</LatitudeDegrees>
              <LongitudeDegrees>145.9510545618832</LongitudeDegrees>
            </Position>
            <AltitudeMeters>1415.4000244140625</AltitudeMeters>
            <DistanceMeters>5060.7001953125</DistanceMeters>
            <Extensions>
              <ns3:TPX>
                <ns3:Speed>1.25</ns3:Speed>
              </ns3:TPX>
            </Extensions>
          </Trackpoint>
          <Trackpoint>
            <Time>2026-04-13T02:28:00.000Z</Time>
            <Position>
              <LatitudeDegrees>-41.649318281561136</LatitudeDegrees>
              <LongitudeDegrees>145.95106462016702</LongitudeDegrees>
            </Position>
            <AltitudeMeters>1415.4000244140625</AltitudeMeters>
            <DistanceMeters>5061.97998046875</DistanceMeters>
            <Extensions>
              <ns3:TPX>
                <ns3:Speed>1.1299999952316284</ns3:Speed>
              </ns3:TPX>
            </Extensions>
          </Trackpoint>
          <Trackpoint>
            <Time>2026-04-13T02:28:10.000Z</Time>
            <Position>
              <LatitudeDegrees>-41.64937955327332</LatitudeDegrees>
              <LongitudeDegrees>145.95113553106785</LongitudeDegrees>
            </Position>
            <AltitudeMeters>1415.4000244140625</AltitudeMeters>
            <DistanceMeters>5071.080078125</DistanceMeters>
            <Extensions>
              <ns3:TPX>
                <ns3:Speed>1.1799999475479126</ns3:Speed>
              </ns3:TPX>
            </Extensions>
          </Trackpoint>
          <Trackpoint>
            <Time>2026-04-13T02:28:15.000Z</Time>
            <Position>
              <LatitudeDegrees>-41.649409644305706</LatitudeDegrees>
              <LongitudeDegrees>145.95117869786918</LongitudeDegrees>
            </Position>
            <AltitudeMeters>1417.4000244140625</AltitudeMeters>
            <DistanceMeters>5076.02978515625</DistanceMeters>
            <Extensions>
              <ns3:TPX>
                <ns3:Speed>1.2999999523162842</ns3:Speed>
              </ns3:TPX>
            </Extensions>
          </Trackpoint>
          <Trackpoint>
            <Time>2026-04-13T02:28:16.000Z</Time>
            <Position>
              <LatitudeDegrees>-41.64941928349435</LatitudeDegrees>
              <LongitudeDegrees>145.95118557102978</LongitudeDegrees>
            </Position>
            <AltitudeMeters>1418.0</AltitudeMeters>
            <DistanceMeters>5077.27001953125</DistanceMeters>
            <Extensions>
              <ns3:TPX>
                <ns3:Speed>1.2100000381469727</ns3:Speed>
              </ns3:TPX>
            </Extensions>
          </Trackpoint>
          <Trackpoint>
            <Time>2026-04-13T02:28:24.000Z</Time>
            <Position>
              <LatitudeDegrees>-41.6495013423264</LatitudeDegrees>
              <LongitudeDegrees>145.95125237479806</LongitudeDegrees>
            </Position>
            <AltitudeMeters>1416.5999755859375</AltitudeMeters>
            <DistanceMeters>5088.06982421875</DistanceMeters>
            <Extensions>
              <ns3:TPX>
                <ns3:Speed>1.25</ns3:Speed>
              </ns3:TPX>
            </Extensions>
          </Trackpoint>
          <Trackpoint>
            <Time>2026-04-13T02:28:28.000Z</Time>
            <Position>
              <LatitudeDegrees>-41.649534618481994</LatitudeDegrees>
              <LongitudeDegrees>145.95128187909722</LongitudeDegrees>
            </Position>
            <AltitudeMeters>1416.199951171875</AltitudeMeters>
            <DistanceMeters>5092.56005859375</DistanceMeters>
            <Extensions>
              <ns3:TPX>
                <ns3:Speed>1.3200000524520874</ns3:Speed>
              </ns3:TPX>
            </Extensions>
          </Trackpoint>
          <Trackpoint>
            <Time>2026-04-13T02:28:29.000Z</Time>
            <Position>
              <LatitudeDegrees>-41.649543419480324</LatitudeDegrees>
              <LongitudeDegrees>145.95129218883812</LongitudeDegrees>
            </Position>
            <AltitudeMeters>1416.199951171875</AltitudeMeters>
            <DistanceMeters>5093.8701171875</DistanceMeters>
            <Extensions>
              <ns3:TPX>
                <ns3:Speed>1.25</ns3:Speed>
              </ns3:TPX>
            </Extensions>
          </Trackpoint>
          <Trackpoint>
            <Time>2026-04-13T02:28:30.000Z</Time>
            <Position>
              <LatitudeDegrees>-41.649551717564464</LatitudeDegrees>
              <LongitudeDegrees>145.95130115747452</LongitudeDegrees>
            </Position>
            <AltitudeMeters>1416.199951171875</AltitudeMeters>
            <DistanceMeters>5095.080078125</DistanceMeters>
            <Extensions>
              <ns3:TPX>
                <ns3:Speed>1.1799999475479126</ns3:Speed>
              </ns3:TPX>
            </Extensions>
          </Trackpoint>
          <Trackpoint>
            <Time>2026-04-13T02:28:36.000Z</Time>
            <Position>
              <LatitudeDegrees>-41.64958784356713</LatitudeDegrees>
              <LongitudeDegrees>145.95136075280607</LongitudeDegrees>
            </Position>
            <AltitudeMeters>1416.199951171875</AltitudeMeters>
            <DistanceMeters>5101.52001953125</DistanceMeters>
            <Extensions>
              <ns3:TPX>
                <ns3:Speed>1.1399999856948853</ns3:Speed>
              </ns3:TPX>
            </Extensions>
          </Trackpoint>
          <Trackpoint>
            <Time>2026-04-13T02:28:42.000Z</Time>
            <Position>
              <LatitudeDegrees>-41.64959505200386</LatitudeDegrees>
              <LongitudeDegrees>145.9514464996755</LongitudeDegrees>
            </Position>
            <AltitudeMeters>1416.199951171875</AltitudeMeters>
            <DistanceMeters>5108.75</DistanceMeters>
            <Extensions>
              <ns3:TPX>
                <ns3:Speed>1.1200000047683716</ns3:Speed>
              </ns3:TPX>
            </Extensions>
          </Trackpoint>
          <Trackpoint>
            <Time>2026-04-13T02:28:43.000Z</Time>
            <Position>
              <LatitudeDegrees>-41.64959195069969</LatitudeDegrees>
              <LongitudeDegrees>145.95145949162543</LongitudeDegrees>
            </Position>
            <AltitudeMeters>1416.199951171875</AltitudeMeters>
            <DistanceMeters>5109.89990234375</DistanceMeters>
            <Extensions>
              <ns3:TPX>
                <ns3:Speed>1.2400000095367432</ns3:Speed>
              </ns3:TPX>
            </Extensions>
          </Trackpoint>
          <Trackpoint>
            <Time>2026-04-13T02:28:46.000Z</Time>
            <Position>
              <LatitudeDegrees>-41.649583987891674</LatitudeDegrees>
              <LongitudeDegrees>145.95149662345648</LongitudeDegrees>
            </Position>
            <AltitudeMeters>1416.800048828125</AltitudeMeters>
            <DistanceMeters>5113.14013671875</DistanceMeters>
            <Extensions>
              <ns3:TPX>
                <ns3:Speed>1.190000057220459</ns3:Speed>
              </ns3:TPX>
            </Extensions>
          </Trackpoint>
          <Trackpoint>
            <Time>2026-04-13T02:28:47.000Z</Time>
            <Position>
              <LatitudeDegrees>-41.649585999548435</LatitudeDegrees>
              <LongitudeDegrees>145.95151062123477</LongitudeDegrees>
            </Position>
            <AltitudeMeters>1417.0</AltitudeMeters>
            <DistanceMeters>5114.33984375</DistanceMeters>
            <Extensions>
              <ns3:TPX>
                <ns3:Speed>1.1200000047683716</ns3:Speed>
              </ns3:TPX>
            </Extensions>
          </Trackpoint>
          <Trackpoint>
            <Time>2026-04-13T02:28:48.000Z</Time>
            <Position>
              <LatitudeDegrees>-41.649589352309704</LatitudeDegrees>
              <LongitudeDegrees>145.95152327790856</LongitudeDegrees>
            </Position>
            <AltitudeMeters>1417.4000244140625</AltitudeMeters>
            <DistanceMeters>5115.47021484375</DistanceMeters>
            <Extensions>
              <ns3:TPX>
                <ns3:Speed>1.25</ns3:Speed>
              </ns3:TPX>
            </Extensions>
          </Trackpoint>
          <Trackpoint>
            <Time>2026-04-13T02:28:49.000Z</Time>
            <Position>
              <LatitudeDegrees>-41.64959262125194</LatitudeDegrees>
              <LongitudeDegrees>145.9515357669443</LongitudeDegrees>
            </Position>
            <AltitudeMeters>1418.199951171875</AltitudeMeters>
            <DistanceMeters>5116.58984375</DistanceMeters>
            <Extensions>
              <ns3:TPX>
                <ns3:Speed>1.2100000381469727</ns3:Speed>
              </ns3:TPX>
            </Extensions>
          </Trackpoint>
          <Trackpoint>
            <Time>2026-04-13T02:28:51.000Z</Time>
            <Position>
              <LatitudeDegrees>-41.649594297632575</LatitudeDegrees>
              <LongitudeDegrees>145.9515733178705</LongitudeDegrees>
            </Position>
            <AltitudeMeters>1418.800048828125</AltitudeMeters>
            <DistanceMeters>5119.740234375</DistanceMeters>
            <Extensions>
              <ns3:TPX>
                <ns3:Speed>1.2999999523162842</ns3:Speed>
              </ns3:TPX>
            </Extensions>
          </Trackpoint>
          <Trackpoint>
            <Time>2026-04-13T02:29:03.000Z</Time>
            <Position>
              <LatitudeDegrees>-41.64963134564459</LatitudeDegrees>
              <LongitudeDegrees>145.95177968032658</LongitudeDegrees>
            </Position>
            <AltitudeMeters>1420.5999755859375</AltitudeMeters>
            <DistanceMeters>5137.5</DistanceMeters>
            <Extensions>
              <ns3:TPX>
                <ns3:Speed>1.440000057220459</ns3:Speed>
              </ns3:TPX>
            </Extensions>
          </Trackpoint>
          <Trackpoint>
            <Time>2026-04-13T02:29:04.000Z</Time>
            <Position>
              <LatitudeDegrees>-41.649627992883325</LatitudeDegrees>
              <LongitudeDegrees>145.95179552212358</LongitudeDegrees>
            </Position>
            <AltitudeMeters>1420.800048828125</AltitudeMeters>
            <DistanceMeters>5138.89013671875</DistanceMeters>
            <Extensions>
              <ns3:TPX>
                <ns3:Speed>1.440000057220459</ns3:Speed>
              </ns3:TPX>
            </Extensions>
          </Trackpoint>
          <Trackpoint>
            <Time>2026-04-13T02:29:05.000Z</Time>
            <Position>
              <LatitudeDegrees>-41.64962036535144</LatitudeDegrees>
              <LongitudeDegrees>145.95180951990187</LongitudeDegrees>
            </Position>
            <AltitudeMeters>1421.4000244140625</AltitudeMeters>
            <DistanceMeters>5140.35986328125</DistanceMeters>
            <Extensions>
              <ns3:TPX>
                <ns3:Speed>1.4800000190734863</ns3:Speed>
              </ns3:TPX>
            </Extensions>
          </Trackpoint>
          <Trackpoint>
            <Time>2026-04-13T02:29:14.000Z</Time>
            <Position>
              <LatitudeDegrees>-41.64959077723324</LatitudeDegrees>
              <LongitudeDegrees>145.9519364219159</LongitudeDegrees>
            </Position>
            <AltitudeMeters>1422.199951171875</AltitudeMeters>
            <DistanceMeters>5151.5</DistanceMeters>
            <Extensions>
              <ns3:TPX>
                <ns3:Speed>1.4900000095367432</ns3:Speed>
              </ns3:TPX>
            </Extensions>
          </Trackpoint>
          <Trackpoint>
            <Time>2026-04-13T02:29:24.000Z</Time>
            <Position>
              <LatitudeDegrees>-41.64967426098883</LatitudeDegrees>
              <LongitudeDegrees>145.9520519245416</LongitudeDegrees>
            </Position>
            <AltitudeMeters>1420.800048828125</AltitudeMeters>
            <DistanceMeters>5164.97998046875</DistanceMeters>
            <Extensions>
              <ns3:TPX>
                <ns3:Speed>1.159999966621399</ns3:Speed>
              </ns3:TPX>
            </Extensions>
          </Trackpoint>
          <Trackpoint>
            <Time>2026-04-13T02:29:25.000Z</Time>
            <Position>
              <LatitudeDegrees>-41.64967719465494</LatitudeDegrees>
              <LongitudeDegrees>145.9520651679486</LongitudeDegrees>
            </Position>
            <AltitudeMeters>1420.800048828125</AltitudeMeters>
            <DistanceMeters>5166.14013671875</DistanceMeters>
            <Extensions>
              <ns3:TPX>
                <ns3:Speed>1.149999976158142</ns3:Speed>
              </ns3:TPX>
            </Extensions>
          </Trackpoint>
          <Trackpoint>
            <Time>2026-04-13T02:29:37.000Z</Time>
            <Position>
              <LatitudeDegrees>-41.64969756267965</LatitudeDegrees>
              <LongitudeDegrees>145.95216725952923</LongitudeDegrees>
            </Position>
            <AltitudeMeters>1417.800048828125</AltitudeMeters>
            <DistanceMeters>5174.990234375</DistanceMeters>
            <Extensions>
              <ns3:TPX>
                <ns3:Speed>1.2200000286102295</ns3:Speed>
              </ns3:TPX>
            </Extensions>
          </Trackpoint>
          <Trackpoint>
            <Time>2026-04-13T02:29:38.000Z</Time>
            <Position>
              <LatitudeDegrees>-41.64969622157514</LatitudeDegrees>
              <LongitudeDegrees>145.9521822631359</LongitudeDegrees>
            </Position>
            <AltitudeMeters>1417.0</AltitudeMeters>
            <DistanceMeters>5176.259765625</DistanceMeters>
            <Extensions>
              <ns3:TPX>
                <ns3:Speed>1.4199999570846558</ns3:Speed>
              </ns3:TPX>
            </Extensions>
          </Trackpoint>
          <Trackpoint>
            <Time>2026-04-13T02:29:47.000Z</Time>
            <Position>
              <LatitudeDegrees>-41.649719858542085</LatitudeDegrees>
              <LongitudeDegrees>145.95228552818298</LongitudeDegrees>
            </Position>
            <AltitudeMeters>1414.0</AltitudeMeters>
            <DistanceMeters>5185.31005859375</DistanceMeters>
            <Extensions>
              <ns3:TPX>
                <ns3:Speed>0.7200000286102295</ns3:Speed>
              </ns3:TPX>
            </Extensions>
          </Trackpoint>
          <Trackpoint>
            <Time>2026-04-13T02:29:50.000Z</Time>
            <Position>
              <LatitudeDegrees>-41.649718936532736</LatitudeDegrees>
              <LongitudeDegrees>145.95231654122472</LongitudeDegrees>
            </Position>
            <AltitudeMeters>1413.5999755859375</AltitudeMeters>
            <DistanceMeters>5187.91015625</DistanceMeters>
            <Extensions>
              <ns3:TPX>
                <ns3:Speed>1.3300000429153442</ns3:Speed>
              </ns3:TPX>
            </Extensions>
          </Trackpoint>
          <Trackpoint>
            <Time>2026-04-13T02:29:51.000Z</Time>
            <Position>
              <LatitudeDegrees>-41.64971415884793</LatitudeDegrees>
              <LongitudeDegrees>145.9523299522698</LongitudeDegrees>
            </Position>
            <AltitudeMeters>1413.4000244140625</AltitudeMeters>
            <DistanceMeters>5189.16015625</DistanceMeters>
            <Extensions>
              <ns3:TPX>
                <ns3:Speed>1.2400000095367432</ns3:Speed>
              </ns3:TPX>
            </Extensions>
          </Trackpoint>
          <Trackpoint>
            <Time>2026-04-13T02:29:52.000Z</Time>
            <Position>
              <LatitudeDegrees>-41.64970845915377</LatitudeDegrees>
              <LongitudeDegrees>145.95234218984842</LongitudeDegrees>
            </Position>
            <AltitudeMeters>1413.199951171875</AltitudeMeters>
            <DistanceMeters>5190.3701171875</DistanceMeters>
            <Extensions>
              <ns3:TPX>
                <ns3:Speed>1.1100000143051147</ns3:Speed>
              </ns3:TPX>
            </Extensions>
          </Trackpoint>
          <Trackpoint>
            <Time>2026-04-13T02:29:53.000Z</Time>
            <Position>
              <LatitudeDegrees>-41.64970158599317</LatitudeDegrees>
              <LongitudeDegrees>145.95235786400735</LongitudeDegrees>
            </Position>
            <AltitudeMeters>1413.0</AltitudeMeters>
            <DistanceMeters>5191.89990234375</DistanceMeters>
            <Extensions>
              <ns3:TPX>
                <ns3:Speed>1.4800000190734863</ns3:Speed>
              </ns3:TPX>
            </Extensions>
          </Trackpoint>
          <Trackpoint>
            <Time>2026-04-13T02:29:54.000Z</Time>
            <Position>
              <LatitudeDegrees>-41.649695970118046</LatitudeDegrees>
              <LongitudeDegrees>145.9523732867092</LongitudeDegrees>
            </Position>
            <AltitudeMeters>1412.800048828125</AltitudeMeters>
            <DistanceMeters>5193.35009765625</DistanceMeters>
            <Extensions>
              <ns3:TPX>
                <ns3:Speed>1.3600000143051147</ns3:Speed>
              </ns3:TPX>
            </Extensions>
          </Trackpoint>
          <Trackpoint>
            <Time>2026-04-13T02:29:55.000Z</Time>
            <Position>
              <LatitudeDegrees>-41.64969219826162</LatitudeDegrees>
              <LongitudeDegrees>145.952388625592</LongitudeDegrees>
            </Position>
            <AltitudeMeters>1412.800048828125</AltitudeMeters>
            <DistanceMeters>5194.7001953125</DistanceMeters>
            <Extensions>
              <ns3:TPX>
                <ns3:Speed>1.2599999904632568</ns3:Speed>
              </ns3:TPX>
            </Extensions>
          </Trackpoint>
          <Trackpoint>
            <Time>2026-04-13T02:29:58.000Z</Time>
            <Position>
              <LatitudeDegrees>-41.64968138560653</LatitudeDegrees>
              <LongitudeDegrees>145.95243372023106</LongitudeDegrees>
            </Position>
            <AltitudeMeters>1412.5999755859375</AltitudeMeters>
            <DistanceMeters>5198.68017578125</DistanceMeters>
            <Extensions>
              <ns3:TPX>
                <ns3:Speed>1.5399999618530273</ns3:Speed>
              </ns3:TPX>
            </Extensions>
          </Trackpoint>
          <Trackpoint>
            <Time>2026-04-13T02:29:59.000Z</Time>
            <Position>
              <LatitudeDegrees>-41.649672919884324</LatitudeDegrees>
              <LongitudeDegrees>145.95244696363807</LongitudeDegrees>
            </Position>
            <AltitudeMeters>1412.5999755859375</AltitudeMeters>
            <DistanceMeters>5200.14013671875</DistanceMeters>
            <Extensions>
              <ns3:TPX>
                <ns3:Speed>1.3200000524520874</ns3:Speed>
              </ns3:TPX>
            </Extensions>
          </Trackpoint>
          <Trackpoint>
            <Time>2026-04-13T02:30:04.000Z</Time>
            <Position>
              <LatitudeDegrees>-41.64965992793441</LatitudeDegrees>
              <LongitudeDegrees>145.9525041282177</LongitudeDegrees>
            </Position>
            <AltitudeMeters>1412.0</AltitudeMeters>
            <DistanceMeters>5205.14013671875</DistanceMeters>
            <Extensions>
              <ns3:TPX>
                <ns3:Speed>1.159999966621399</ns3:Speed>
              </ns3:TPX>
            </Extensions>
          </Trackpoint>
          <Trackpoint>
            <Time>2026-04-13T02:30:06.000Z</Time>
            <Position>
              <LatitudeDegrees>-41.649648277089</LatitudeDegrees>
              <LongitudeDegrees>145.95252776518464</LongitudeDegrees>
            </Position>
            <AltitudeMeters>1411.5999755859375</AltitudeMeters>
            <DistanceMeters>5207.52001953125</DistanceMeters>
            <Extensions>
              <ns3:TPX>
                <ns3:Speed>1.1399999856948853</ns3:Speed>
              </ns3:TPX>
            </Extensions>
          </Trackpoint>
          <Trackpoint>
            <Time>2026-04-13T02:30:16.000Z</Time>
            <Position>
              <LatitudeDegrees>-41.64960142225027</LatitudeDegrees>
              <LongitudeDegrees>145.95263052731752</LongitudeDegrees>
            </Position>
            <AltitudeMeters>1408.199951171875</AltitudeMeters>
            <DistanceMeters>5217.6201171875</DistanceMeters>
            <Extensions>
              <ns3:TPX>
                <ns3:Speed>0.9399999976158142</ns3:Speed>
              </ns3:TPX>
            </Extensions>
          </Trackpoint>
          <Trackpoint>
            <Time>2026-04-13T02:30:21.000Z</Time>
            <Position>
              <LatitudeDegrees>-41.64958482608199</LatitudeDegrees>
              <LongitudeDegrees>145.952687272802</LongitudeDegrees>
            </Position>
            <AltitudeMeters>1405.0</AltitudeMeters>
            <DistanceMeters>5222.72021484375</DistanceMeters>
            <Extensions>
              <ns3:TPX>
                <ns3:Speed>1.5099999904632568</ns3:Speed>
              </ns3:TPX>
            </Extensions>
          </Trackpoint>
          <Trackpoint>
            <Time>2026-04-13T02:30:22.000Z</Time>
            <Position>
              <LatitudeDegrees>-41.649577617645264</LatitudeDegrees>
              <LongitudeDegrees>145.95269976183772</LongitudeDegrees>
            </Position>
            <AltitudeMeters>1404.5999755859375</AltitudeMeters>
            <DistanceMeters>5224.06005859375</DistanceMeters>
            <Extensions>
              <ns3:TPX>
                <ns3:Speed>1.2799999713897705</ns3:Speed>
              </ns3:TPX>
            </Extensions>
          </Trackpoint>
          <Trackpoint>
            <Time>2026-04-13T02:30:24.000Z</Time>
            <Position>
              <LatitudeDegrees>-41.649563452228904</LatitudeDegrees>
              <LongitudeDegrees>145.9527248237282</LongitudeDegrees>
            </Position>
            <AltitudeMeters>1403.800048828125</AltitudeMeters>
            <DistanceMeters>5226.7001953125</DistanceMeters>
            <Extensions>
              <ns3:TPX>
                <ns3:Speed>1.3300000429153442</ns3:Speed>
              </ns3:TPX>
            </Extensions>
          </Trackpoint>
          <Trackpoint>
            <Time>2026-04-13T02:30:34.000Z</Time>
            <Position>
              <LatitudeDegrees>-41.649496061727405</LatitudeDegrees>
              <LongitudeDegrees>145.95283018425107</LongitudeDegrees>
            </Position>
            <AltitudeMeters>1400.5999755859375</AltitudeMeters>
            <DistanceMeters>5238.330078125</DistanceMeters>
            <Extensions>
              <ns3:TPX>
                <ns3:Speed>1.309999942779541</ns3:Speed>
              </ns3:TPX>
            </Extensions>
          </Trackpoint>
          <Trackpoint>
            <Time>2026-04-13T02:30:42.000Z</Time>
            <Position>
              <LatitudeDegrees>-41.64944484829903</LatitudeDegrees>
              <LongitudeDegrees>145.95294518396258</LongitudeDegrees>
            </Position>
            <AltitudeMeters>1400.0</AltitudeMeters>
            <DistanceMeters>5249.56005859375</DistanceMeters>
            <Extensions>
              <ns3:TPX>
                <ns3:Speed>1.2699999809265137</ns3:Speed>
              </ns3:TPX>
            </Extensions>
          </Trackpoint>
          <Trackpoint>
            <Time>2026-04-13T02:30:43.000Z</Time>
            <Position>
              <LatitudeDegrees>-41.64944166317582</LatitudeDegrees>
              <LongitudeDegrees>145.95296169631183</LongitudeDegrees>
            </Position>
            <AltitudeMeters>1400.0</AltitudeMeters>
            <DistanceMeters>5250.990234375</DistanceMeters>
            <Extensions>
              <ns3:TPX>
                <ns3:Speed>1.440000057220459</ns3:Speed>
              </ns3:TPX>
            </Extensions>
          </Trackpoint>
          <Trackpoint>
            <Time>2026-04-13T02:30:44.000Z</Time>
            <Position>
              <LatitudeDegrees>-41.64944157935679</LatitudeDegrees>
              <LongitudeDegrees>145.95297913067043</LongitudeDegrees>
            </Position>
            <AltitudeMeters>1400.0</AltitudeMeters>
            <DistanceMeters>5252.4599609375</DistanceMeters>
            <Extensions>
              <ns3:TPX>
                <ns3:Speed>1.3899999856948853</ns3:Speed>
              </ns3:TPX>
            </Extensions>
          </Trackpoint>
          <Trackpoint>
            <Time>2026-04-13T02:30:50.000Z</Time>
            <Position>
              <LatitudeDegrees>-41.649445267394185</LatitudeDegrees>
              <LongitudeDegrees>145.9530762769282</LongitudeDegrees>
            </Position>
            <AltitudeMeters>1400.0</AltitudeMeters>
            <DistanceMeters>5260.60009765625</DistanceMeters>
            <Extensions>
              <ns3:TPX>
                <ns3:Speed>1.3300000429153442</ns3:Speed>
              </ns3:TPX>
            </Extensions>
          </Trackpoint>
          <Trackpoint>
            <Time>2026-04-13T02:30:52.000Z</Time>
            <Position>
              <LatitudeDegrees>-41.64943914860487</LatitudeDegrees>
              <LongitudeDegrees>145.9531064517796</LongitudeDegrees>
            </Position>
            <AltitudeMeters>1399.800048828125</AltitudeMeters>
            <DistanceMeters>5263.22998046875</DistanceMeters>
            <Extensions>
              <ns3:TPX>
                <ns3:Speed>1.2899999618530273</ns3:Speed>
              </ns3:TPX>
            </Extensions>
          </Trackpoint>
          <Trackpoint>
            <Time>2026-04-13T02:30:53.000Z</Time>
            <Position>
              <LatitudeDegrees>-41.64944124408066</LatitudeDegrees>
              <LongitudeDegrees>145.95312187448144</LongitudeDegrees>
            </Position>
            <AltitudeMeters>1399.5999755859375</AltitudeMeters>
            <DistanceMeters>5264.5400390625</DistanceMeters>
            <Extensions>
              <ns3:TPX>
                <ns3:Speed>1.149999976158142</ns3:Speed>
              </ns3:TPX>
            </Extensions>
          </Trackpoint>
          <Trackpoint>
            <Time>2026-04-13T02:30:54.000Z</Time>
            <Position>
              <LatitudeDegrees>-41.64944535121322</LatitudeDegrees>
              <LongitudeDegrees>145.95313704572618</LongitudeDegrees>
            </Position>
            <AltitudeMeters>1399.4000244140625</AltitudeMeters>
            <DistanceMeters>5265.89990234375</DistanceMeters>
            <Extensions>
              <ns3:TPX>
                <ns3:Speed>1.149999976158142</ns3:Speed>
              </ns3:TPX>
            </Extensions>
          </Trackpoint>
          <Trackpoint>
            <Time>2026-04-13T02:30:55.000Z</Time>
            <Position>
              <LatitudeDegrees>-41.649450631812215</LatitudeDegrees>
              <LongitudeDegrees>145.9531505405903</LongitudeDegrees>
            </Position>
            <AltitudeMeters>1399.199951171875</AltitudeMeters>
            <DistanceMeters>5267.169921875</DistanceMeters>
            <Extensions>
              <ns3:TPX>
                <ns3:Speed>1.1799999475479126</ns3:Speed>
              </ns3:TPX>
            </Extensions>
          </Trackpoint>
          <Trackpoint>
            <Time>2026-04-13T02:30:56.000Z</Time>
            <Position>
              <LatitudeDegrees>-41.649456080049276</LatitudeDegrees>
              <LongitudeDegrees>145.95316445454955</LongitudeDegrees>
            </Position>
            <AltitudeMeters>1399.199951171875</AltitudeMeters>
            <DistanceMeters>5268.490234375</DistanceMeters>
            <Extensions>
              <ns3:TPX>
                <ns3:Speed>1.3799999952316284</ns3:Speed>
              </ns3:TPX>
            </Extensions>
          </Trackpoint>
          <Trackpoint>
            <Time>2026-04-13T02:30:57.000Z</Time>
            <Position>
              <LatitudeDegrees>-41.64945566095412</LatitudeDegrees>
              <LongitudeDegrees>145.95317954197526</LongitudeDegrees>
            </Position>
            <AltitudeMeters>1399.0</AltitudeMeters>
            <DistanceMeters>5269.759765625</DistanceMeters>
            <Extensions>
              <ns3:TPX>
                <ns3:Speed>1.2599999904632568</ns3:Speed>
              </ns3:TPX>
            </Extensions>
          </Trackpoint>
          <Trackpoint>
            <Time>2026-04-13T02:31:01.000Z</Time>
            <Position>
              <LatitudeDegrees>-41.6494479496032</LatitudeDegrees>
              <LongitudeDegrees>145.95325539819896</LongitudeDegrees>
            </Position>
            <AltitudeMeters>1398.4000244140625</AltitudeMeters>
            <DistanceMeters>5276.169921875</DistanceMeters>
            <Extensions>
              <ns3:TPX>
                <ns3:Speed>1.3799999952316284</ns3:Speed>
              </ns3:TPX>
            </Extensions>
          </Trackpoint>
          <Trackpoint>
            <Time>2026-04-13T02:31:02.000Z</Time>
            <Position>
              <LatitudeDegrees>-41.649453062564135</LatitudeDegrees>
              <LongitudeDegrees>145.95327467657626</LongitudeDegrees>
            </Position>
            <AltitudeMeters>1398.199951171875</AltitudeMeters>
            <DistanceMeters>5277.8798828125</DistanceMeters>
            <Extensions>
              <ns3:TPX>
                <ns3:Speed>1.8799999952316284</ns3:Speed>
              </ns3:TPX>
            </Extensions>
          </Trackpoint>
          <Trackpoint>
            <Time>2026-04-13T02:31:03.000Z</Time>
            <Position>
              <LatitudeDegrees>-41.64945867843926</LatitudeDegrees>
              <LongitudeDegrees>145.95329412259161</LongitudeDegrees>
            </Position>
            <AltitudeMeters>1397.800048828125</AltitudeMeters>
            <DistanceMeters>5279.6201171875</DistanceMeters>
            <Extensions>
              <ns3:TPX>
                <ns3:Speed>1.5299999713897705</ns3:Speed>
              </ns3:TPX>
            </Extensions>
          </Trackpoint>
          <Trackpoint>
            <Time>2026-04-13T02:31:05.000Z</Time>
            <Position>
              <LatitudeDegrees>-41.6494635399431</LatitudeDegrees>
              <LongitudeDegrees>145.95332622528076</LongitudeDegrees>
            </Position>
            <AltitudeMeters>1397.199951171875</AltitudeMeters>
            <DistanceMeters>5282.35986328125</DistanceMeters>
            <Extensions>
              <ns3:TPX>
                <ns3:Speed>1.4299999475479126</ns3:Speed>
              </ns3:TPX>
            </Extensions>
          </Trackpoint>
          <Trackpoint>
            <Time>2026-04-13T02:31:08.000Z</Time>
            <Position>
              <LatitudeDegrees>-41.649470664560795</LatitudeDegrees>
              <LongitudeDegrees>145.9533672966063</LongitudeDegrees>
            </Position>
            <AltitudeMeters>1396.199951171875</AltitudeMeters>
            <DistanceMeters>5285.89990234375</DistanceMeters>
            <Extensions>
              <ns3:TPX>
                <ns3:Speed>1.3700000047683716</ns3:Speed>
              </ns3:TPX>
            </Extensions>
          </Trackpoint>
          <Trackpoint>
            <Time>2026-04-13T02:31:11.000Z</Time>
            <Position>
              <LatitudeDegrees>-41.649480890482664</LatitudeDegrees>
              <LongitudeDegrees>145.95339839346707</LongitudeDegrees>
            </Position>
            <AltitudeMeters>1395.5999755859375</AltitudeMeters>
            <DistanceMeters>5288.75</DistanceMeters>
            <Extensions>
              <ns3:TPX>
                <ns3:Speed>1.149999976158142</ns3:Speed>
              </ns3:TPX>
            </Extensions>
          </Trackpoint>
          <Trackpoint>
            <Time>2026-04-13T02:31:20.000Z</Time>
            <Position>
              <LatitudeDegrees>-41.649538055062294</LatitudeDegrees>
              <LongitudeDegrees>145.95345991663635</LongitudeDegrees>
            </Position>
            <AltitudeMeters>1392.5999755859375</AltitudeMeters>
            <DistanceMeters>5296.97998046875</DistanceMeters>
            <Extensions>
              <ns3:TPX>
                <ns3:Speed>1.0700000524520874</ns3:Speed>
              </ns3:TPX>
            </Extensions>
          </Trackpoint>
          <Trackpoint>
            <Time>2026-04-13T02:31:30.000Z</Time>
            <Position>
              <LatitudeDegrees>-41.649601673707366</LatitudeDegrees>
              <LongitudeDegrees>145.9534949529916</LongitudeDegrees>
            </Position>
            <AltitudeMeters>1389.199951171875</AltitudeMeters>
            <DistanceMeters>5304.72021484375</DistanceMeters>
            <Extensions>
              <ns3:TPX>
                <ns3:Speed>0.8199999928474426</ns3:Speed>
              </ns3:TPX>
            </Extensions>
          </Trackpoint>
          <Trackpoint>
            <Time>2026-04-13T02:31:40.000Z</Time>
            <Position>
              <LatitudeDegrees>-41.64966629818082</LatitudeDegrees>
              <LongitudeDegrees>145.95354817807674</LongitudeDegrees>
            </Position>
            <AltitudeMeters>1386.199951171875</AltitudeMeters>
            <DistanceMeters>5313.25</DistanceMeters>
            <Extensions>
              <ns3:TPX>
                <ns3:Speed>1.590000033378601</ns3:Speed>
              </ns3:TPX>
            </Extensions>
          </Trackpoint>
          <Trackpoint>
            <Time>2026-04-13T02:31:43.000Z</Time>
            <Position>
              <LatitudeDegrees>-41.649669986218214</LatitudeDegrees>
              <LongitudeDegrees>145.95358648337424</LongitudeDegrees>
            </Position>
            <AltitudeMeters>1385.4000244140625</AltitudeMeters>
            <DistanceMeters>5316.490234375</DistanceMeters>
            <Extensions>
              <ns3:TPX>
                <ns3:Speed>1.309999942779541</ns3:Speed>
              </ns3:TPX>
            </Extensions>
          </Trackpoint>
          <Trackpoint>
            <Time>2026-04-13T02:31:47.000Z</Time>
            <Position>
              <LatitudeDegrees>-41.649670489132404</LatitudeDegrees>
              <LongitudeDegrees>145.95363727770746</LongitudeDegrees>
            </Position>
            <AltitudeMeters>1384.0</AltitudeMeters>
            <DistanceMeters>5320.740234375</DistanceMeters>
            <Extensions>
              <ns3:TPX>
                <ns3:Speed>1.5700000524520874</ns3:Speed>
              </ns3:TPX>
            </Extensions>
          </Trackpoint>
          <Trackpoint>
            <Time>2026-04-13T02:31:48.000Z</Time>
            <Position>
              <LatitudeDegrees>-41.64967308752239</LatitudeDegrees>
              <LongitudeDegrees>145.95365303568542</LongitudeDegrees>
            </Position>
            <AltitudeMeters>1383.800048828125</AltitudeMeters>
            <DistanceMeters>5322.08984375</DistanceMeters>
            <Extensions>
              <ns3:TPX>
                <ns3:Speed>1.2000000476837158</ns3:Speed>
              </ns3:TPX>
            </Extensions>
          </Trackpoint>
          <Trackpoint>
            <Time>2026-04-13T02:31:53.000Z</Time>
            <Position>
              <LatitudeDegrees>-41.64967518299818</LatitudeDegrees>
              <LongitudeDegrees>145.95371556468308</LongitudeDegrees>
            </Position>
            <AltitudeMeters>1382.199951171875</AltitudeMeters>
            <DistanceMeters>5327.33984375</DistanceMeters>
            <Extensions>
              <ns3:TPX>
                <ns3:Speed>1.3600000143051147</ns3:Speed>
              </ns3:TPX>
            </Extensions>
          </Trackpoint>
          <Trackpoint>
            <Time>2026-04-13T02:31:54.000Z</Time>
            <Position>
              <LatitudeDegrees>-41.64966604672372</LatitudeDegrees>
              <LongitudeDegrees>145.95372637733817</LongitudeDegrees>
            </Position>
            <AltitudeMeters>1381.800048828125</AltitudeMeters>
            <DistanceMeters>5328.7099609375</DistanceMeters>
            <Extensions>
              <ns3:TPX>
                <ns3:Speed>1.4199999570846558</ns3:Speed>
              </ns3:TPX>
            </Extensions>
          </Trackpoint>
          <Trackpoint>
            <Time>2026-04-13T02:32:05.000Z</Time>
            <Position>
              <LatitudeDegrees>-41.649580132216215</LatitudeDegrees>
              <LongitudeDegrees>145.95381413586438</LongitudeDegrees>
            </Position>
            <AltitudeMeters>1379.800048828125</AltitudeMeters>
            <DistanceMeters>5340.85986328125</DistanceMeters>
            <Extensions>
              <ns3:TPX>
                <ns3:Speed>0.8600000143051147</ns3:Speed>
              </ns3:TPX>
            </Extensions>
          </Trackpoint>
          <Trackpoint>
            <Time>2026-04-13T02:32:09.000Z</Time>
            <Position>
              <LatitudeDegrees>-41.64955632761121</LatitudeDegrees>
              <LongitudeDegrees>145.95385638065636</LongitudeDegrees>
            </Position>
            <AltitudeMeters>1379.4000244140625</AltitudeMeters>
            <DistanceMeters>5345.2998046875</DistanceMeters>
            <Extensions>
              <ns3:TPX>
                <ns3:Speed>1.1399999856948853</ns3:Speed>
              </ns3:TPX>
            </Extensions>
          </Trackpoint>
          <Trackpoint>
            <Time>2026-04-13T02:32:10.000Z</Time>
            <Position>
              <LatitudeDegrees>-41.64954903535545</LatitudeDegrees>
              <LongitudeDegrees>145.9538678638637</LongitudeDegrees>
            </Position>
            <AltitudeMeters>1379.4000244140625</AltitudeMeters>
            <DistanceMeters>5346.56005859375</DistanceMeters>
            <Extensions>
              <ns3:TPX>
                <ns3:Speed>1.340000033378601</ns3:Speed>
              </ns3:TPX>
            </Extensions>
          </Trackpoint>
          <Trackpoint>
            <Time>2026-04-13T02:32:23.000Z</Time>
            <Position>
              <LatitudeDegrees>-41.64944442920387</LatitudeDegrees>
              <LongitudeDegrees>145.95398697070777</LongitudeDegrees>
            </Position>
            <AltitudeMeters>1377.4000244140625</AltitudeMeters>
            <DistanceMeters>5362.0</DistanceMeters>
            <Extensions>
              <ns3:TPX>
                <ns3:Speed>1.2999999523162842</ns3:Speed>
              </ns3:TPX>
            </Extensions>
          </Trackpoint>
          <Trackpoint>
            <Time>2026-04-13T02:32:35.000Z</Time>
            <Position>
              <LatitudeDegrees>-41.64933127351105</LatitudeDegrees>
              <LongitudeDegrees>145.95414094626904</LongitudeDegrees>
            </Position>
            <AltitudeMeters>1376.5999755859375</AltitudeMeters>
            <DistanceMeters>5380.1201171875</DistanceMeters>
            <Extensions>
              <ns3:TPX>
                <ns3:Speed>1.3899999856948853</ns3:Speed>
              </ns3:TPX>
            </Extensions>
          </Trackpoint>
          <Trackpoint>
            <Time>2026-04-13T02:32:47.000Z</Time>
            <Position>
              <LatitudeDegrees>-41.649235635995865</LatitudeDegrees>
              <LongitudeDegrees>145.95428687520325</LongitudeDegrees>
            </Position>
            <AltitudeMeters>1375.5999755859375</AltitudeMeters>
            <DistanceMeters>5396.39990234375</DistanceMeters>
            <Extensions>
              <ns3:TPX>
                <ns3:Speed>1.2999999523162842</ns3:Speed>
              </ns3:TPX>
            </Extensions>
          </Trackpoint>
          <Trackpoint>
            <Time>2026-04-13T02:32:48.000Z</Time>
            <Position>
              <LatitudeDegrees>-41.64922599680722</LatitudeDegrees>
              <LongitudeDegrees>145.9542978554964</LongitudeDegrees>
            </Position>
            <AltitudeMeters>1375.5999755859375</AltitudeMeters>
            <DistanceMeters>5397.830078125</DistanceMeters>
            <Extensions>
              <ns3:TPX>
                <ns3:Speed>1.4500000476837158</ns3:Speed>
              </ns3:TPX>
            </Extensions>
          </Trackpoint>
          <Trackpoint>
            <Time>2026-04-13T02:32:49.000Z</Time>
            <Position>
              <LatitudeDegrees>-41.64921543560922</LatitudeDegrees>
              <LongitudeDegrees>145.95430606976151</LongitudeDegrees>
            </Position>
            <AltitudeMeters>1375.5999755859375</AltitudeMeters>
            <DistanceMeters>5399.2099609375</DistanceMeters>
            <Extensions>
              <ns3:TPX>
                <ns3:Speed>1.2200000286102295</ns3:Speed>
              </ns3:TPX>
            </Extensions>
          </Trackpoint>
          <Trackpoint>
            <Time>2026-04-13T02:32:50.000Z</Time>
            <Position>
              <LatitudeDegrees>-41.64920663461089</LatitudeDegrees>
              <LongitudeDegrees>145.95431453548372</LongitudeDegrees>
            </Position>
            <AltitudeMeters>1375.4000244140625</AltitudeMeters>
            <DistanceMeters>5400.43017578125</DistanceMeters>
            <Extensions>
              <ns3:TPX>
                <ns3:Speed>1.1699999570846558</ns3:Speed>
              </ns3:TPX>
            </Extensions>
          </Trackpoint>
          <Trackpoint>
            <Time>2026-04-13T02:32:51.000Z</Time>
            <Position>
              <LatitudeDegrees>-41.649198085069656</LatitudeDegrees>
              <LongitudeDegrees>145.95432526431978</LongitudeDegrees>
            </Position>
            <AltitudeMeters>1375.199951171875</AltitudeMeters>
            <DistanceMeters>5401.759765625</DistanceMeters>
            <Extensions>
              <ns3:TPX>
                <ns3:Speed>1.3799999952316284</ns3:Speed>
              </ns3:TPX>
            </Extensions>
          </Trackpoint>
          <Trackpoint>
            <Time>2026-04-13T02:32:52.000Z</Time>
            <Position>
              <LatitudeDegrees>-41.649189284071326</LatitudeDegrees>
              <LongitudeDegrees>145.95433834008873</LongitudeDegrees>
            </Position>
            <AltitudeMeters>1375.199951171875</AltitudeMeters>
            <DistanceMeters>5403.240234375</DistanceMeters>
            <Extensions>
              <ns3:TPX>
                <ns3:Speed>1.4800000190734863</ns3:Speed>
              </ns3:TPX>
            </Extensions>
          </Trackpoint>
          <Trackpoint>
            <Time>2026-04-13T02:33:02.000Z</Time>
            <Position>
              <LatitudeDegrees>-41.649099765345454</LatitudeDegrees>
              <LongitudeDegrees>145.95444973558187</LongitudeDegrees>
            </Position>
            <AltitudeMeters>1373.5999755859375</AltitudeMeters>
            <DistanceMeters>5416.990234375</DistanceMeters>
            <Extensions>
              <ns3:TPX>
                <ns3:Speed>1.0099999904632568</ns3:Speed>
              </ns3:TPX>
            </Extensions>
          </Trackpoint>
          <Trackpoint>
            <Time>2026-04-13T02:33:13.000Z</Time>
            <Position>
              <LatitudeDegrees>-41.649040421471</LatitudeDegrees>
              <LongitudeDegrees>145.95455333590508</LongitudeDegrees>
            </Position>
            <AltitudeMeters>1370.5999755859375</AltitudeMeters>
            <DistanceMeters>5427.93994140625</DistanceMeters>
            <Extensions>
              <ns3:TPX>
                <ns3:Speed>0.9200000166893005</ns3:Speed>
              </ns3:TPX>
            </Extensions>
          </Trackpoint>
          <Trackpoint>
            <Time>2026-04-13T02:33:22.000Z</Time>
            <Position>
              <LatitudeDegrees>-41.64898954331875</LatitudeDegrees>
              <LongitudeDegrees>145.95463908277452</LongitudeDegrees>
            </Position>
            <AltitudeMeters>1367.199951171875</AltitudeMeters>
            <DistanceMeters>5437.1298828125</DistanceMeters>
            <Extensions>
              <ns3:TPX>
                <ns3:Speed>0.8199999928474426</ns3:Speed>
              </ns3:TPX>
            </Extensions>
          </Trackpoint>
          <Trackpoint>
            <Time>2026-04-13T02:33:31.000Z</Time>
            <Position>
              <LatitudeDegrees>-41.64895509369671</LatitudeDegrees>
              <LongitudeDegrees>145.95469054766</LongitudeDegrees>
            </Position>
            <AltitudeMeters>1364.0</AltitudeMeters>
            <DistanceMeters>5442.93994140625</DistanceMeters>
            <Extensions>
              <ns3:TPX>
                <ns3:Speed>0.6000000238418579</ns3:Speed>
              </ns3:TPX>
            </Extensions>
          </Trackpoint>
          <Trackpoint>
            <Time>2026-04-13T02:33:35.000Z</Time>
            <Position>
              <LatitudeDegrees>-41.648929696530104</LatitudeDegrees>
              <LongitudeDegrees>145.95473421737552</LongitudeDegrees>
            </Position>
            <AltitudeMeters>1362.800048828125</AltitudeMeters>
            <DistanceMeters>5447.580078125</DistanceMeters>
            <Extensions>
              <ns3:TPX>
                <ns3:Speed>1.1399999856948853</ns3:Speed>
              </ns3:TPX>
            </Extensions>
          </Trackpoint>
          <Trackpoint>
            <Time>2026-04-13T02:33:36.000Z</Time>
            <Position>
              <LatitudeDegrees>-41.648922488093376</LatitudeDegrees>
              <LongitudeDegrees>145.9547436889261</LongitudeDegrees>
            </Position>
            <AltitudeMeters>1362.5999755859375</AltitudeMeters>
            <DistanceMeters>5448.72021484375</DistanceMeters>
            <Extensions>
              <ns3:TPX>
                <ns3:Speed>1.1200000047683716</ns3:Speed>
              </ns3:TPX>
            </Extensions>
          </Trackpoint>
          <Trackpoint>
            <Time>2026-04-13T02:33:52.000Z</Time>
            <Position>
              <LatitudeDegrees>-41.64880354888737</LatitudeDegrees>
              <LongitudeDegrees>145.95493655651808</LongitudeDegrees>
            </Position>
            <AltitudeMeters>1359.800048828125</AltitudeMeters>
            <DistanceMeters>5469.7001953125</DistanceMeters>
            <Extensions>
              <ns3:TPX>
                <ns3:Speed>1.190000057220459</ns3:Speed>
              </ns3:TPX>
            </Extensions>
          </Trackpoint>
          <Trackpoint>
            <Time>2026-04-13T02:34:05.000Z</Time>
            <Position>
              <LatitudeDegrees>-41.648719226941466</LatitudeDegrees>
              <LongitudeDegrees>145.95509036444128</LongitudeDegrees>
            </Position>
            <AltitudeMeters>1358.199951171875</AltitudeMeters>
            <DistanceMeters>5485.7001953125</DistanceMeters>
            <Extensions>
              <ns3:TPX>
                <ns3:Speed>1.1100000143051147</ns3:Speed>
              </ns3:TPX>
            </Extensions>
          </Trackpoint>
          <Trackpoint>
            <Time>2026-04-13T02:34:06.000Z</Time>
            <Position>
              <LatitudeDegrees>-41.648715790361166</LatitudeDegrees>
              <LongitudeDegrees>145.9551039431244</LongitudeDegrees>
            </Position>
            <AltitudeMeters>1358.0</AltitudeMeters>
            <DistanceMeters>5486.89990234375</DistanceMeters>
            <Extensions>
              <ns3:TPX>
                <ns3:Speed>1.2599999904632568</ns3:Speed>
              </ns3:TPX>
            </Extensions>
          </Trackpoint>
          <Trackpoint>
            <Time>2026-04-13T02:34:07.000Z</Time>
            <Position>
              <LatitudeDegrees>-41.64871193468571</LatitudeDegrees>
              <LongitudeDegrees>145.9551181923598</LongitudeDegrees>
            </Position>
            <AltitudeMeters>1357.800048828125</AltitudeMeters>
            <DistanceMeters>5488.169921875</DistanceMeters>
            <Extensions>
              <ns3:TPX>
                <ns3:Speed>1.3600000143051147</ns3:Speed>
              </ns3:TPX>
            </Extensions>
          </Trackpoint>
          <Trackpoint>
            <Time>2026-04-13T02:34:08.000Z</Time>
            <Position>
              <LatitudeDegrees>-41.64870824664831</LatitudeDegrees>
              <LongitudeDegrees>145.95513319596648</LongitudeDegrees>
            </Position>
            <AltitudeMeters>1357.5999755859375</AltitudeMeters>
            <DistanceMeters>5489.5</DistanceMeters>
            <Extensions>
              <ns3:TPX>
                <ns3:Speed>1.2300000190734863</ns3:Speed>
              </ns3:TPX>
            </Extensions>
          </Trackpoint>
          <Trackpoint>
            <Time>2026-04-13T02:34:22.000Z</Time>
            <Position>
              <LatitudeDegrees>-41.64872786030173</LatitudeDegrees>
              <LongitudeDegrees>145.9552624449134</LongitudeDegrees>
            </Position>
            <AltitudeMeters>1355.800048828125</AltitudeMeters>
            <DistanceMeters>5500.5400390625</DistanceMeters>
            <Extensions>
              <ns3:TPX>
                <ns3:Speed>0.47999998927116394</ns3:Speed>
              </ns3:TPX>
            </Extensions>
          </Trackpoint>
          <Trackpoint>
            <Time>2026-04-13T02:34:26.000Z</Time>
            <Position>
              <LatitudeDegrees>-41.648781755939126</LatitudeDegrees>
              <LongitudeDegrees>145.95527686178684</LongitudeDegrees>
            </Position>
            <AltitudeMeters>1355.4000244140625</AltitudeMeters>
            <DistanceMeters>5506.72998046875</DistanceMeters>
            <Extensions>
              <ns3:TPX>
                <ns3:Speed>1.2899999618530273</ns3:Speed>
              </ns3:TPX>
            </Extensions>
          </Trackpoint>
          <Trackpoint>
            <Time>2026-04-13T02:34:27.000Z</Time>
            <Position>
              <LatitudeDegrees>-41.64879759773612</LatitudeDegrees>
              <LongitudeDegrees>145.95527627505362</LongitudeDegrees>
            </Position>
            <AltitudeMeters>1355.199951171875</AltitudeMeters>
            <DistanceMeters>5508.509765625</DistanceMeters>
            <Extensions>
              <ns3:TPX>
                <ns3:Speed>1.409999966621399</ns3:Speed>
              </ns3:TPX>
            </Extensions>
          </Trackpoint>
          <Trackpoint>
            <Time>2026-04-13T02:34:28.000Z</Time>
            <Position>
              <LatitudeDegrees>-41.64880782365799</LatitudeDegrees>
              <LongitudeDegrees>145.9552775323391</LongitudeDegrees>
            </Position>
            <AltitudeMeters>1355.0</AltitudeMeters>
            <DistanceMeters>5509.669921875</DistanceMeters>
            <Extensions>
              <ns3:TPX>
                <ns3:Speed>1.2200000286102295</ns3:Speed>
              </ns3:TPX>
            </Extensions>
          </Trackpoint>
          <Trackpoint>
            <Time>2026-04-13T02:34:31.000Z</Time>
            <Position>
              <LatitudeDegrees>-41.64884202182293</LatitudeDegrees>
              <LongitudeDegrees>145.9552756883204</LongitudeDegrees>
            </Position>
            <AltitudeMeters>1354.4000244140625</AltitudeMeters>
            <DistanceMeters>5513.509765625</DistanceMeters>
            <Extensions>
              <ns3:TPX>
                <ns3:Speed>1.159999966621399</ns3:Speed>
              </ns3:TPX>
            </Extensions>
          </Trackpoint>
          <Trackpoint>
            <Time>2026-04-13T02:34:32.000Z</Time>
            <Position>
              <LatitudeDegrees>-41.64885082282126</LatitudeDegrees>
              <LongitudeDegrees>145.95528105273843</LongitudeDegrees>
            </Position>
            <AltitudeMeters>1354.199951171875</AltitudeMeters>
            <DistanceMeters>5514.60009765625</DistanceMeters>
            <Extensions>
              <ns3:TPX>
                <ns3:Speed>1.1299999952316284</ns3:Speed>
              </ns3:TPX>
            </Extensions>
          </Trackpoint>
          <Trackpoint>
            <Time>2026-04-13T02:34:33.000Z</Time>
            <Position>
              <LatitudeDegrees>-41.64886406622827</LatitudeDegrees>
              <LongitudeDegrees>145.95528457313776</LongitudeDegrees>
            </Position>
            <AltitudeMeters>1354.0</AltitudeMeters>
            <DistanceMeters>5516.1201171875</DistanceMeters>
            <Extensions>
              <ns3:TPX>
                <ns3:Speed>1.2000000476837158</ns3:Speed>
              </ns3:TPX>
            </Extensions>
          </Trackpoint>
          <Trackpoint>
            <Time>2026-04-13T02:34:47.000Z</Time>
            <Position>
              <LatitudeDegrees>-41.64900588802993</LatitudeDegrees>
              <LongitudeDegrees>145.95536772161722</LongitudeDegrees>
            </Position>
            <AltitudeMeters>1350.800048828125</AltitudeMeters>
            <DistanceMeters>5533.5400390625</DistanceMeters>
            <Extensions>
              <ns3:TPX>
                <ns3:Speed>1.399999976158142</ns3:Speed>
              </ns3:TPX>
            </Extensions>
          </Trackpoint>
          <Trackpoint>
            <Time>2026-04-13T02:34:53.000Z</Time>
            <Position>
              <LatitudeDegrees>-41.649072859436274</LatitudeDegrees>
              <LongitudeDegrees>145.95541533082724</LongitudeDegrees>
            </Position>
            <AltitudeMeters>1349.199951171875</AltitudeMeters>
            <DistanceMeters>5542.06005859375</DistanceMeters>
            <Extensions>
              <ns3:TPX>
                <ns3:Speed>1.2899999618530273</ns3:Speed>
              </ns3:TPX>
            </Extensions>
          </Trackpoint>
          <Trackpoint>
            <Time>2026-04-13T02:35:06.000Z</Time>
            <Position>
              <LatitudeDegrees>-41.64921845309436</LatitudeDegrees>
              <LongitudeDegrees>145.95540937967598</LongitudeDegrees>
            </Position>
            <AltitudeMeters>1346.5999755859375</AltitudeMeters>
            <DistanceMeters>5558.4599609375</DistanceMeters>
            <Extensions>
              <ns3:TPX>
                <ns3:Speed>0.7300000190734863</ns3:Speed>
              </ns3:TPX>
            </Extensions>
          </Trackpoint>
          <Trackpoint>
            <Time>2026-04-13T02:35:10.000Z</Time>
            <Position>
              <LatitudeDegrees>-41.64926673285663</LatitudeDegrees>
              <LongitudeDegrees>145.95538599416614</LongitudeDegrees>
            </Position>
            <AltitudeMeters>1346.4000244140625</AltitudeMeters>
            <DistanceMeters>5564.22998046875</DistanceMeters>
            <Extensions>
              <ns3:TPX>
                <ns3:Speed>1.2200000286102295</ns3:Speed>
              </ns3:TPX>
            </Extensions>
          </Trackpoint>
          <Trackpoint>
            <Time>2026-04-13T02:35:11.000Z</Time>
            <Position>
              <LatitudeDegrees>-41.64928458631039</LatitudeDegrees>
              <LongitudeDegrees>145.9553763549775</LongitudeDegrees>
            </Position>
            <AltitudeMeters>1346.4000244140625</AltitudeMeters>
            <DistanceMeters>5566.39013671875</DistanceMeters>
            <Extensions>
              <ns3:TPX>
                <ns3:Speed>1.3700000047683716</ns3:Speed>
              </ns3:TPX>
            </Extensions>
          </Trackpoint>
          <Trackpoint>
            <Time>2026-04-13T02:35:20.000Z</Time>
            <Position>
              <LatitudeDegrees>-41.64938039146364</LatitudeDegrees>
              <LongitudeDegrees>145.95531776547432</LongitudeDegrees>
            </Position>
            <AltitudeMeters>1346.4000244140625</AltitudeMeters>
            <DistanceMeters>5578.22998046875</DistanceMeters>
            <Extensions>
              <ns3:TPX>
                <ns3:Speed>1.5199999809265137</ns3:Speed>
              </ns3:TPX>
            </Extensions>
          </Trackpoint>
          <Trackpoint>
            <Time>2026-04-13T02:35:21.000Z</Time>
            <Position>
              <LatitudeDegrees>-41.649392461404204</LatitudeDegrees>
              <LongitudeDegrees>145.95530929975212</LongitudeDegrees>
            </Position>
            <AltitudeMeters>1346.4000244140625</AltitudeMeters>
            <DistanceMeters>5579.75</DistanceMeters>
            <Extensions>
              <ns3:TPX>
                <ns3:Speed>1.3899999856948853</ns3:Speed>
              </ns3:TPX>
            </Extensions>
          </Trackpoint>
          <Trackpoint>
            <Time>2026-04-13T02:35:22.000Z</Time>
            <Position>
              <LatitudeDegrees>-41.64940553717315</LatitudeDegrees>
              <LongitudeDegrees>145.95530276186764</LongitudeDegrees>
            </Position>
            <AltitudeMeters>1346.4000244140625</AltitudeMeters>
            <DistanceMeters>5581.31005859375</DistanceMeters>
            <Extensions>
              <ns3:TPX>
                <ns3:Speed>1.2300000190734863</ns3:Speed>
              </ns3:TPX>
            </Extensions>
          </Trackpoint>
          <Trackpoint>
            <Time>2026-04-13T02:35:23.000Z</Time>
            <Position>
              <LatitudeDegrees>-41.64941919967532</LatitudeDegrees>
              <LongitudeDegrees>145.95529647544026</LongitudeDegrees>
            </Position>
            <AltitudeMeters>1346.5999755859375</AltitudeMeters>
            <DistanceMeters>5582.919921875</DistanceMeters>
            <Extensions>
              <ns3:TPX>
                <ns3:Speed>1.4299999475479126</ns3:Speed>
              </ns3:TPX>
            </Extensions>
          </Trackpoint>
          <Trackpoint>
            <Time>2026-04-13T02:35:24.000Z</Time>
            <Position>
              <LatitudeDegrees>-41.64943336509168</LatitudeDegrees>
              <LongitudeDegrees>145.95529345795512</LongitudeDegrees>
            </Position>
            <AltitudeMeters>1346.800048828125</AltitudeMeters>
            <DistanceMeters>5584.52978515625</DistanceMeters>
            <Extensions>
              <ns3:TPX>
                <ns3:Speed>1.309999942779541</ns3:Speed>
              </ns3:TPX>
            </Extensions>
          </Trackpoint>
          <Trackpoint>
            <Time>2026-04-13T02:35:25.000Z</Time>
            <Position>
              <LatitudeDegrees>-41.64944518357515</LatitudeDegrees>
              <LongitudeDegrees>145.9552923683077</LongitudeDegrees>
            </Position>
            <AltitudeMeters>1347.0</AltitudeMeters>
            <DistanceMeters>5585.85009765625</DistanceMeters>
            <Extensions>
              <ns3:TPX>
                <ns3:Speed>1.2899999618530273</ns3:Speed>
              </ns3:TPX>
            </Extensions>
          </Trackpoint>
          <Trackpoint>
            <Time>2026-04-13T02:35:37.000Z</Time>
            <Position>
              <LatitudeDegrees>-41.64958717301488</LatitudeDegrees>
              <LongitudeDegrees>145.95526093617082</LongitudeDegrees>
            </Position>
            <AltitudeMeters>1349.199951171875</AltitudeMeters>
            <DistanceMeters>5602.0498046875</DistanceMeters>
            <Extensions>
              <ns3:TPX>
                <ns3:Speed>1.3200000524520874</ns3:Speed>
              </ns3:TPX>
            </Extensions>
          </Trackpoint>
          <Trackpoint>
            <Time>2026-04-13T02:35:40.000Z</Time>
            <Position>
              <LatitudeDegrees>-41.64961449801922</LatitudeDegrees>
              <LongitudeDegrees>145.95527392812073</LongitudeDegrees>
            </Position>
            <AltitudeMeters>1349.4000244140625</AltitudeMeters>
            <DistanceMeters>5605.31005859375</DistanceMeters>
            <Extensions>
              <ns3:TPX>
                <ns3:Speed>1.3899999856948853</ns3:Speed>
              </ns3:TPX>
            </Extensions>
          </Trackpoint>
          <Trackpoint>
            <Time>2026-04-13T02:35:47.000Z</Time>
            <Position>
              <LatitudeDegrees>-41.64966487325728</LatitudeDegrees>
              <LongitudeDegrees>145.9553176816553</LongitudeDegrees>
            </Position>
            <AltitudeMeters>1349.5999755859375</AltitudeMeters>
            <DistanceMeters>5612.06005859375</DistanceMeters>
            <Extensions>
              <ns3:TPX>
                <ns3:Speed>1.1200000047683716</ns3:Speed>
              </ns3:TPX>
            </Extensions>
          </Trackpoint>
          <Trackpoint>
            <Time>2026-04-13T02:35:48.000Z</Time>
            <Position>
              <LatitudeDegrees>-41.64967266842723</LatitudeDegrees>
              <LongitudeDegrees>145.95532681792974</LongitudeDegrees>
            </Position>
            <AltitudeMeters>1349.5999755859375</AltitudeMeters>
            <DistanceMeters>5613.22021484375</DistanceMeters>
            <Extensions>
              <ns3:TPX>
                <ns3:Speed>1.25</ns3:Speed>
              </ns3:TPX>
            </Extensions>
          </Trackpoint>
          <Trackpoint>
            <Time>2026-04-13T02:35:49.000Z</Time>
            <Position>
              <LatitudeDegrees>-41.64968088269234</LatitudeDegrees>
              <LongitudeDegrees>145.95533654093742</LongitudeDegrees>
            </Position>
            <AltitudeMeters>1349.800048828125</AltitudeMeters>
            <DistanceMeters>5614.4501953125</DistanceMeters>
            <Extensions>
              <ns3:TPX>
                <ns3:Speed>1.1699999570846558</ns3:Speed>
              </ns3:TPX>
            </Extensions>
          </Trackpoint>
          <Trackpoint>
            <Time>2026-04-13T02:35:50.000Z</Time>
            <Position>
              <LatitudeDegrees>-41.649690018966794</LatitudeDegrees>
              <LongitudeDegrees>145.95534475520253</LongitudeDegrees>
            </Position>
            <AltitudeMeters>1350.0</AltitudeMeters>
            <DistanceMeters>5615.68994140625</DistanceMeters>
            <Extensions>
              <ns3:TPX>
                <ns3:Speed>1.1200000047683716</ns3:Speed>
              </ns3:TPX>
            </Extensions>
          </Trackpoint>
          <Trackpoint>
            <Time>2026-04-13T02:35:51.000Z</Time>
            <Position>
              <LatitudeDegrees>-41.649699322879314</LatitudeDegrees>
              <LongitudeDegrees>145.9553544782102</LongitudeDegrees>
            </Position>
            <AltitudeMeters>1350.0</AltitudeMeters>
            <DistanceMeters>5617.02001953125</DistanceMeters>
            <Extensions>
              <ns3:TPX>
                <ns3:Speed>1.3700000047683716</ns3:Speed>
              </ns3:TPX>
            </Extensions>
          </Trackpoint>
          <Trackpoint>
            <Time>2026-04-13T02:36:04.000Z</Time>
            <Position>
              <LatitudeDegrees>-41.649826392531395</LatitudeDegrees>
              <LongitudeDegrees>145.9554720763117</LongitudeDegrees>
            </Position>
            <AltitudeMeters>1351.5999755859375</AltitudeMeters>
            <DistanceMeters>5634.3798828125</DistanceMeters>
            <Extensions>
              <ns3:TPX>
                <ns3:Speed>1.2899999618530273</ns3:Speed>
              </ns3:TPX>
            </Extensions>
          </Trackpoint>
          <Trackpoint>
            <Time>2026-04-13T02:36:12.000Z</Time>
            <Position>
              <LatitudeDegrees>-41.64988632313907</LatitudeDegrees>
              <LongitudeDegrees>145.95553594641387</LongitudeDegrees>
            </Position>
            <AltitudeMeters>1352.800048828125</AltitudeMeters>
            <DistanceMeters>5643.0</DistanceMeters>
            <Extensions>
              <ns3:TPX>
                <ns3:Speed>1.1699999570846558</ns3:Speed>
              </ns3:TPX>
            </Extensions>
          </Trackpoint>
          <Trackpoint>
            <Time>2026-04-13T02:36:14.000Z</Time>
            <Position>
              <LatitudeDegrees>-41.64988758042455</LatitudeDegrees>
              <LongitudeDegrees>145.95556176267564</LongitudeDegrees>
            </Position>
            <AltitudeMeters>1353.0</AltitudeMeters>
            <DistanceMeters>5645.16015625</DistanceMeters>
            <Extensions>
              <ns3:TPX>
                <ns3:Speed>1.159999966621399</ns3:Speed>
              </ns3:TPX>
            </Extensions>
          </Trackpoint>
          <Trackpoint>
            <Time>2026-04-13T02:36:23.000Z</Time>
            <Position>
              <LatitudeDegrees>-41.649928567931056</LatitudeDegrees>
              <LongitudeDegrees>145.9556412231177</LongitudeDegrees>
            </Position>
            <AltitudeMeters>1354.5999755859375</AltitudeMeters>
            <DistanceMeters>5653.25</DistanceMeters>
            <Extensions>
              <ns3:TPX>
                <ns3:Speed>1.2699999809265137</ns3:Speed>
              </ns3:TPX>
            </Extensions>
          </Trackpoint>
          <Trackpoint>
            <Time>2026-04-13T02:36:31.000Z</Time>
            <Position>
              <LatitudeDegrees>-41.65000107139349</LatitudeDegrees>
              <LongitudeDegrees>145.9556898381561</LongitudeDegrees>
            </Position>
            <AltitudeMeters>1355.0</AltitudeMeters>
            <DistanceMeters>5662.3701171875</DistanceMeters>
            <Extensions>
              <ns3:TPX>
                <ns3:Speed>1.149999976158142</ns3:Speed>
              </ns3:TPX>
            </Extensions>
          </Trackpoint>
          <Trackpoint>
            <Time>2026-04-13T02:36:32.000Z</Time>
            <Position>
              <LatitudeDegrees>-41.650013057515025</LatitudeDegrees>
              <LongitudeDegrees>145.95569344237447</LongitudeDegrees>
            </Position>
            <AltitudeMeters>1355.0</AltitudeMeters>
            <DistanceMeters>5663.75</DistanceMeters>
            <Extensions>
              <ns3:TPX>
                <ns3:Speed>1.1799999475479126</ns3:Speed>
              </ns3:TPX>
            </Extensions>
          </Trackpoint>
          <Trackpoint>
            <Time>2026-04-13T02:36:41.000Z</Time>
            <Position>
              <LatitudeDegrees>-41.65003367699683</LatitudeDegrees>
              <LongitudeDegrees>145.95572026446462</LongitudeDegrees>
            </Position>
            <AltitudeMeters>1354.0</AltitudeMeters>
            <DistanceMeters>5666.97998046875</DistanceMeters>
            <Extensions>
              <ns3:TPX>
                <ns3:Speed>1.2000000476837158</ns3:Speed>
              </ns3:TPX>
            </Extensions>
          </Trackpoint>
          <Trackpoint>
            <Time>2026-04-13T02:36:42.000Z</Time>
            <Position>
              <LatitudeDegrees>-41.65004147216678</LatitudeDegrees>
              <LongitudeDegrees>145.95573099330068</LongitudeDegrees>
            </Position>
            <AltitudeMeters>1354.0</AltitudeMeters>
            <DistanceMeters>5668.240234375</DistanceMeters>
            <Extensions>
              <ns3:TPX>
                <ns3:Speed>1.2100000381469727</ns3:Speed>
              </ns3:TPX>
            </Extensions>
          </Trackpoint>
          <Trackpoint>
            <Time>2026-04-13T02:36:43.000Z</Time>
            <Position>
              <LatitudeDegrees>-41.65004909969866</LatitudeDegrees>
              <LongitudeDegrees>145.9557405486703</LongitudeDegrees>
            </Position>
            <AltitudeMeters>1354.0</AltitudeMeters>
            <DistanceMeters>5669.41015625</DistanceMeters>
            <Extensions>
              <ns3:TPX>
                <ns3:Speed>1.1699999570846558</ns3:Speed>
              </ns3:TPX>
            </Extensions>
          </Trackpoint>
          <Trackpoint>
            <Time>2026-04-13T02:36:57.000Z</Time>
            <Position>
              <LatitudeDegrees>-41.650115232914686</LatitudeDegrees>
              <LongitudeDegrees>145.95586937852204</LongitudeDegrees>
            </Position>
            <AltitudeMeters>1355.4000244140625</AltitudeMeters>
            <DistanceMeters>5682.509765625</DistanceMeters>
            <Extensions>
              <ns3:TPX>
                <ns3:Speed>0.5799999833106995</ns3:Speed>
              </ns3:TPX>
            </Extensions>
          </Trackpoint>
          <Trackpoint>
            <Time>2026-04-13T02:37:09.000Z</Time>
            <Position>
              <LatitudeDegrees>-41.6502545401454</LatitudeDegrees>
              <LongitudeDegrees>145.95593224279583</LongitudeDegrees>
            </Position>
            <AltitudeMeters>1354.800048828125</AltitudeMeters>
            <DistanceMeters>5699.0498046875</DistanceMeters>
            <Extensions>
              <ns3:TPX>
                <ns3:Speed>0.4300000071525574</ns3:Speed>
              </ns3:TPX>
            </Extensions>
          </Trackpoint>
          <Trackpoint>
            <Time>2026-04-13T02:37:19.000Z</Time>
            <Position>
              <LatitudeDegrees>-41.6503684502095</LatitudeDegrees>
              <LongitudeDegrees>145.95594523474574</LongitudeDegrees>
            </Position>
            <AltitudeMeters>1355.4000244140625</AltitudeMeters>
            <DistanceMeters>5711.91015625</DistanceMeters>
            <Extensions>
              <ns3:TPX>
                <ns3:Speed>1.2699999809265137</ns3:Speed>
              </ns3:TPX>
            </Extensions>
          </Trackpoint>
          <Trackpoint>
            <Time>2026-04-13T02:37:20.000Z</Time>
            <Position>
              <LatitudeDegrees>-41.65038286708295</LatitudeDegrees>
              <LongitudeDegrees>145.9559490904212</LongitudeDegrees>
            </Position>
            <AltitudeMeters>1355.4000244140625</AltitudeMeters>
            <DistanceMeters>5713.56005859375</DistanceMeters>
            <Extensions>
              <ns3:TPX>
                <ns3:Speed>1.3700000047683716</ns3:Speed>
              </ns3:TPX>
            </Extensions>
          </Trackpoint>
          <Trackpoint>
            <Time>2026-04-13T02:37:21.000Z</Time>
            <Position>
              <LatitudeDegrees>-41.650393260642886</LatitudeDegrees>
              <LongitudeDegrees>145.9559546224773</LongitudeDegrees>
            </Position>
            <AltitudeMeters>1355.5999755859375</AltitudeMeters>
            <DistanceMeters>5714.81982421875</DistanceMeters>
            <Extensions>
              <ns3:TPX>
                <ns3:Speed>1.1100000143051147</ns3:Speed>
              </ns3:TPX>
            </Extensions>
          </Trackpoint>
          <Trackpoint>
            <Time>2026-04-13T02:37:33.000Z</Time>
            <Position>
              <LatitudeDegrees>-41.6504720505327</LatitudeDegrees>
              <LongitudeDegrees>145.95601161941886</LongitudeDegrees>
            </Position>
            <AltitudeMeters>1357.199951171875</AltitudeMeters>
            <DistanceMeters>5724.89013671875</DistanceMeters>
            <Extensions>
              <ns3:TPX>
                <ns3:Speed>0.6700000166893005</ns3:Speed>
              </ns3:TPX>
            </Extensions>
          </Trackpoint>
          <Trackpoint>
            <Time>2026-04-13T02:37:43.000Z</Time>
            <Position>
              <LatitudeDegrees>-41.650556372478604</LatitudeDegrees>
              <LongitudeDegrees>145.956041039899</LongitudeDegrees>
            </Position>
            <AltitudeMeters>1360.4000244140625</AltitudeMeters>
            <DistanceMeters>5734.7001953125</DistanceMeters>
            <Extensions>
              <ns3:TPX>
                <ns3:Speed>0.4300000071525574</ns3:Speed>
              </ns3:TPX>
            </Extensions>
          </Trackpoint>
          <Trackpoint>
            <Time>2026-04-13T02:37:53.000Z</Time>
            <Position>
              <LatitudeDegrees>-41.650623846799135</LatitudeDegrees>
              <LongitudeDegrees>145.9561063349247</LongitudeDegrees>
            </Position>
            <AltitudeMeters>1362.800048828125</AltitudeMeters>
            <DistanceMeters>5744.06005859375</DistanceMeters>
            <Extensions>
              <ns3:TPX>
                <ns3:Speed>1.190000057220459</ns3:Speed>
              </ns3:TPX>
            </Extensions>
          </Trackpoint>
          <Trackpoint>
            <Time>2026-04-13T02:37:55.000Z</Time>
            <Position>
              <LatitudeDegrees>-41.650640442967415</LatitudeDegrees>
              <LongitudeDegrees>145.95612846314907</LongitudeDegrees>
            </Position>
            <AltitudeMeters>1363.4000244140625</AltitudeMeters>
            <DistanceMeters>5746.68994140625</DistanceMeters>
            <Extensions>
              <ns3:TPX>
                <ns3:Speed>1.2100000381469727</ns3:Speed>
              </ns3:TPX>
            </Extensions>
          </Trackpoint>
          <Trackpoint>
            <Time>2026-04-13T02:38:09.000Z</Time>
            <Position>
              <LatitudeDegrees>-41.650730883702636</LatitudeDegrees>
              <LongitudeDegrees>145.95621236599982</LongitudeDegrees>
            </Position>
            <AltitudeMeters>1365.5999755859375</AltitudeMeters>
            <DistanceMeters>5759.06005859375</DistanceMeters>
            <Extensions>
              <ns3:TPX>
                <ns3:Speed>0.5600000023841858</ns3:Speed>
              </ns3:TPX>
            </Extensions>
          </Trackpoint>
          <Trackpoint>
            <Time>2026-04-13T02:38:23.000Z</Time>
            <Position>
              <LatitudeDegrees>-41.65081269107759</LatitudeDegrees>
              <LongitudeDegrees>145.95631957054138</LongitudeDegrees>
            </Position>
            <AltitudeMeters>1366.4000244140625</AltitudeMeters>
            <DistanceMeters>5771.919921875</DistanceMeters>
            <Extensions>
              <ns3:TPX>
                <ns3:Speed>0.949999988079071</ns3:Speed>
              </ns3:TPX>
            </Extensions>
          </Trackpoint>
          <Trackpoint>
            <Time>2026-04-13T02:38:40.000Z</Time>
            <Position>
              <LatitudeDegrees>-41.65093674324453</LatitudeDegrees>
              <LongitudeDegrees>145.95645485445857</LongitudeDegrees>
            </Position>
            <AltitudeMeters>1368.0</AltitudeMeters>
            <DistanceMeters>5789.89990234375</DistanceMeters>
            <Extensions>
              <ns3:TPX>
                <ns3:Speed>0.6000000238418579</ns3:Speed>
              </ns3:TPX>
            </Extensions>
          </Trackpoint>
          <Trackpoint>
            <Time>2026-04-13T02:38:53.000Z</Time>
            <Position>
              <LatitudeDegrees>-41.65103321895003</LatitudeDegrees>
              <LongitudeDegrees>145.9565867856145</LongitudeDegrees>
            </Position>
            <AltitudeMeters>1369.800048828125</AltitudeMeters>
            <DistanceMeters>5805.39013671875</DistanceMeters>
            <Extensions>
              <ns3:TPX>
                <ns3:Speed>0.9900000095367432</ns3:Speed>
              </ns3:TPX>
            </Extensions>
          </Trackpoint>
          <Trackpoint>
            <Time>2026-04-13T02:39:06.000Z</Time>
            <Position>
              <LatitudeDegrees>-41.65110974572599</LatitudeDegrees>
              <LongitudeDegrees>145.95670379698277</LongitudeDegrees>
            </Position>
            <AltitudeMeters>1370.800048828125</AltitudeMeters>
            <DistanceMeters>5818.43017578125</DistanceMeters>
            <Extensions>
              <ns3:TPX>
                <ns3:Speed>0.5899999737739563</ns3:Speed>
              </ns3:TPX>
            </Extensions>
          </Trackpoint>
          <Trackpoint>
            <Time>2026-04-13T02:39:19.000Z</Time>
            <Position>
              <LatitudeDegrees>-41.65119079872966</LatitudeDegrees>
              <LongitudeDegrees>145.95684352330863</LongitudeDegrees>
            </Position>
            <AltitudeMeters>1373.5999755859375</AltitudeMeters>
            <DistanceMeters>5833.27001953125</DistanceMeters>
            <Extensions>
              <ns3:TPX>
                <ns3:Speed>0.7699999809265137</ns3:Speed>
              </ns3:TPX>
            </Extensions>
          </Trackpoint>
          <Trackpoint>
            <Time>2026-04-13T02:39:25.000Z</Time>
            <Position>
              <LatitudeDegrees>-41.651230193674564</LatitudeDegrees>
              <LongitudeDegrees>145.9569103270769</LongitudeDegrees>
            </Position>
            <AltitudeMeters>1375.199951171875</AltitudeMeters>
            <DistanceMeters>5840.41015625</DistanceMeters>
            <Extensions>
              <ns3:TPX>
                <ns3:Speed>1.1200000047683716</ns3:Speed>
              </ns3:TPX>
            </Extensions>
          </Trackpoint>
          <Trackpoint>
            <Time>2026-04-13T02:39:26.000Z</Time>
            <Position>
              <LatitudeDegrees>-41.651238575577736</LatitudeDegrees>
              <LongitudeDegrees>145.95692725852132</LongitudeDegrees>
            </Position>
            <AltitudeMeters>1375.4000244140625</AltitudeMeters>
            <DistanceMeters>5842.10986328125</DistanceMeters>
            <Extensions>
              <ns3:TPX>
                <ns3:Speed>1.4299999475479126</ns3:Speed>
              </ns3:TPX>
            </Extensions>
          </Trackpoint>
          <Trackpoint>
            <Time>2026-04-13T02:39:27.000Z</Time>
            <Position>
              <LatitudeDegrees>-41.65124645456672</LatitudeDegrees>
              <LongitudeDegrees>145.95694444142282</LongitudeDegrees>
            </Position>
            <AltitudeMeters>1375.5999755859375</AltitudeMeters>
            <DistanceMeters>5843.7998046875</DistanceMeters>
            <Extensions>
              <ns3:TPX>
                <ns3:Speed>1.1699999570846558</ns3:Speed>
              </ns3:TPX>
            </Extensions>
          </Trackpoint>
          <Trackpoint>
            <Time>2026-04-13T02:39:34.000Z</Time>
            <Position>
              <LatitudeDegrees>-41.6512783896178</LatitudeDegrees>
              <LongitudeDegrees>145.95703756436706</LongitudeDegrees>
            </Position>
            <AltitudeMeters>1376.5999755859375</AltitudeMeters>
            <DistanceMeters>5852.39013671875</DistanceMeters>
            <Extensions>
              <ns3:TPX>
                <ns3:Speed>1.1200000047683716</ns3:Speed>
              </ns3:TPX>
            </Extensions>
          </Trackpoint>
          <Trackpoint>
            <Time>2026-04-13T02:39:35.000Z</Time>
            <Position>
              <LatitudeDegrees>-41.65128408931196</LatitudeDegrees>
              <LongitudeDegrees>145.9570540767163</LongitudeDegrees>
            </Position>
            <AltitudeMeters>1376.5999755859375</AltitudeMeters>
            <DistanceMeters>5853.919921875</DistanceMeters>
            <Extensions>
              <ns3:TPX>
                <ns3:Speed>1.2300000190734863</ns3:Speed>
              </ns3:TPX>
            </Extensions>
          </Trackpoint>
          <Trackpoint>
            <Time>2026-04-13T02:39:48.000Z</Time>
            <Position>
              <LatitudeDegrees>-41.65146362967789</LatitudeDegrees>
              <LongitudeDegrees>145.95723873004317</LongitudeDegrees>
            </Position>
            <AltitudeMeters>1375.4000244140625</AltitudeMeters>
            <DistanceMeters>5879.35986328125</DistanceMeters>
            <Extensions>
              <ns3:TPX>
                <ns3:Speed>1.2400000095367432</ns3:Speed>
              </ns3:TPX>
            </Extensions>
          </Trackpoint>
          <Trackpoint>
            <Time>2026-04-13T02:40:01.000Z</Time>
            <Position>
              <LatitudeDegrees>-41.65157879702747</LatitudeDegrees>
              <LongitudeDegrees>145.95742874778807</LongitudeDegrees>
            </Position>
            <AltitudeMeters>1377.199951171875</AltitudeMeters>
            <DistanceMeters>5899.8798828125</DistanceMeters>
            <Extensions>
              <ns3:TPX>
                <ns3:Speed>1.0800000429153442</ns3:Speed>
              </ns3:TPX>
            </Extensions>
          </Trackpoint>
          <Trackpoint>
            <Time>2026-04-13T02:40:09.000Z</Time>
            <Position>
              <LatitudeDegrees>-41.65164249949157</LatitudeDegrees>
              <LongitudeDegrees>145.95754022710025</LongitudeDegrees>
            </Position>
            <AltitudeMeters>1377.800048828125</AltitudeMeters>
            <DistanceMeters>5911.64990234375</DistanceMeters>
            <Extensions>
              <ns3:TPX>
                <ns3:Speed>1.3799999952316284</ns3:Speed>
              </ns3:TPX>
            </Extensions>
          </Trackpoint>
          <Trackpoint>
            <Time>2026-04-13T02:40:10.000Z</Time>
            <Position>
              <LatitudeDegrees>-41.65165029466152</LatitudeDegrees>
              <LongitudeDegrees>145.95755615271628</LongitudeDegrees>
            </Position>
            <AltitudeMeters>1378.0</AltitudeMeters>
            <DistanceMeters>5913.240234375</DistanceMeters>
            <Extensions>
              <ns3:TPX>
                <ns3:Speed>1.2999999523162842</ns3:Speed>
              </ns3:TPX>
            </Extensions>
          </Trackpoint>
          <Trackpoint>
            <Time>2026-04-13T02:40:11.000Z</Time>
            <Position>
              <LatitudeDegrees>-41.65165758691728</LatitudeDegrees>
              <LongitudeDegrees>145.9575720783323</LongitudeDegrees>
            </Position>
            <AltitudeMeters>1378.199951171875</AltitudeMeters>
            <DistanceMeters>5914.7998046875</DistanceMeters>
            <Extensions>
              <ns3:TPX>
                <ns3:Speed>1.5199999809265137</ns3:Speed>
              </ns3:TPX>
            </Extensions>
          </Trackpoint>
          <Trackpoint>
            <Time>2026-04-13T02:40:12.000Z</Time>
            <Position>
              <LatitudeDegrees>-41.6516652982682</LatitudeDegrees>
              <LongitudeDegrees>145.95758825540543</LongitudeDegrees>
            </Position>
            <AltitudeMeters>1378.199951171875</AltitudeMeters>
            <DistanceMeters>5916.419921875</DistanceMeters>
            <Extensions>
              <ns3:TPX>
                <ns3:Speed>1.4600000381469727</ns3:Speed>
              </ns3:TPX>
            </Extensions>
          </Trackpoint>
          <Trackpoint>
            <Time>2026-04-13T02:40:13.000Z</Time>
            <Position>
              <LatitudeDegrees>-41.6516705788672</LatitudeDegrees>
              <LongitudeDegrees>145.95760652795434</LongitudeDegrees>
            </Position>
            <AltitudeMeters>1378.4000244140625</AltitudeMeters>
            <DistanceMeters>5918.06005859375</DistanceMeters>
            <Extensions>
              <ns3:TPX>
                <ns3:Speed>1.5</ns3:Speed>
              </ns3:TPX>
            </Extensions>
          </Trackpoint>
          <Trackpoint>
            <Time>2026-04-13T02:40:14.000Z</Time>
            <Position>
              <LatitudeDegrees>-41.651675356552005</LatitudeDegrees>
              <LongitudeDegrees>145.95762329176068</LongitudeDegrees>
            </Position>
            <AltitudeMeters>1378.5999755859375</AltitudeMeters>
            <DistanceMeters>5919.56005859375</DistanceMeters>
            <Extensions>
              <ns3:TPX>
                <ns3:Speed>1.2300000190734863</ns3:Speed>
              </ns3:TPX>
            </Extensions>
          </Trackpoint>
          <Trackpoint>
            <Time>2026-04-13T02:40:15.000Z</Time>
            <Position>
              <LatitudeDegrees>-41.651681223884225</LatitudeDegrees>
              <LongitudeDegrees>145.95763913355768</LongitudeDegrees>
            </Position>
            <AltitudeMeters>1378.800048828125</AltitudeMeters>
            <DistanceMeters>5921.0400390625</DistanceMeters>
            <Extensions>
              <ns3:TPX>
                <ns3:Speed>1.3799999952316284</ns3:Speed>
              </ns3:TPX>
            </Extensions>
          </Trackpoint>
          <Trackpoint>
            <Time>2026-04-13T02:40:16.000Z</Time>
            <Position>
              <LatitudeDegrees>-41.65168767794967</LatitudeDegrees>
              <LongitudeDegrees>145.95765673555434</LongitudeDegrees>
            </Position>
            <AltitudeMeters>1379.199951171875</AltitudeMeters>
            <DistanceMeters>5922.68994140625</DistanceMeters>
            <Extensions>
              <ns3:TPX>
                <ns3:Speed>1.590000033378601</ns3:Speed>
              </ns3:TPX>
            </Extensions>
          </Trackpoint>
          <Trackpoint>
            <Time>2026-04-13T02:40:17.000Z</Time>
            <Position>
              <LatitudeDegrees>-41.651694886386395</LatitudeDegrees>
              <LongitudeDegrees>145.9576738346368</LongitudeDegrees>
            </Position>
            <AltitudeMeters>1379.4000244140625</AltitudeMeters>
            <DistanceMeters>5924.330078125</DistanceMeters>
            <Extensions>
              <ns3:TPX>
                <ns3:Speed>1.340000033378601</ns3:Speed>
              </ns3:TPX>
            </Extensions>
          </Trackpoint>
          <Trackpoint>
            <Time>2026-04-13T02:40:18.000Z</Time>
            <Position>
              <LatitudeDegrees>-41.651700334623456</LatitudeDegrees>
              <LongitudeDegrees>145.95768925733864</LongitudeDegrees>
            </Position>
            <AltitudeMeters>1379.5999755859375</AltitudeMeters>
            <DistanceMeters>5925.759765625</DistanceMeters>
            <Extensions>
              <ns3:TPX>
                <ns3:Speed>1.3600000143051147</ns3:Speed>
              </ns3:TPX>
            </Extensions>
          </Trackpoint>
          <Trackpoint>
            <Time>2026-04-13T02:40:27.000Z</Time>
            <Position>
              <LatitudeDegrees>-41.651753475889564</LatitudeDegrees>
              <LongitudeDegrees>145.95781959593296</LongitudeDegrees>
            </Position>
            <AltitudeMeters>1381.0</AltitudeMeters>
            <DistanceMeters>5938.18994140625</DistanceMeters>
            <Extensions>
              <ns3:TPX>
                <ns3:Speed>1.7200000286102295</ns3:Speed>
              </ns3:TPX>
            </Extensions>
          </Trackpoint>
          <Trackpoint>
            <Time>2026-04-13T02:40:28.000Z</Time>
            <Position>
              <LatitudeDegrees>-41.65176194161177</LatitudeDegrees>
              <LongitudeDegrees>145.95783376134932</LongitudeDegrees>
            </Position>
            <AltitudeMeters>1381.4000244140625</AltitudeMeters>
            <DistanceMeters>5939.72021484375</DistanceMeters>
            <Extensions>
              <ns3:TPX>
                <ns3:Speed>1.2699999809265137</ns3:Speed>
              </ns3:TPX>
            </Extensions>
          </Trackpoint>
          <Trackpoint>
            <Time>2026-04-13T02:40:30.000Z</Time>
            <Position>
              <LatitudeDegrees>-41.651773592457175</LatitudeDegrees>
              <LongitudeDegrees>145.95785915851593</LongitudeDegrees>
            </Position>
            <AltitudeMeters>1382.199951171875</AltitudeMeters>
            <DistanceMeters>5942.22021484375</DistanceMeters>
            <Extensions>
              <ns3:TPX>
                <ns3:Speed>1.4800000190734863</ns3:Speed>
              </ns3:TPX>
            </Extensions>
          </Trackpoint>
          <Trackpoint>
            <Time>2026-04-13T02:40:31.000Z</Time>
            <Position>
              <LatitudeDegrees>-41.65178054943681</LatitudeDegrees>
              <LongitudeDegrees>145.95787206664681</LongitudeDegrees>
            </Position>
            <AltitudeMeters>1382.5999755859375</AltitudeMeters>
            <DistanceMeters>5943.56005859375</DistanceMeters>
            <Extensions>
              <ns3:TPX>
                <ns3:Speed>1.159999966621399</ns3:Speed>
              </ns3:TPX>
            </Extensions>
          </Trackpoint>
          <Trackpoint>
            <Time>2026-04-13T02:40:32.000Z</Time>
            <Position>
              <LatitudeDegrees>-41.65178909897804</LatitudeDegrees>
              <LongitudeDegrees>145.95788748934865</LongitudeDegrees>
            </Position>
            <AltitudeMeters>1383.0</AltitudeMeters>
            <DistanceMeters>5945.169921875</DistanceMeters>
            <Extensions>
              <ns3:TPX>
                <ns3:Speed>1.5299999713897705</ns3:Speed>
              </ns3:TPX>
            </Extensions>
          </Trackpoint>
          <Trackpoint>
            <Time>2026-04-13T02:40:38.000Z</Time>
            <Position>
              <LatitudeDegrees>-41.65183084085584</LatitudeDegrees>
              <LongitudeDegrees>145.95797709189355</LongitudeDegrees>
            </Position>
            <AltitudeMeters>1384.800048828125</AltitudeMeters>
            <DistanceMeters>5954.02001953125</DistanceMeters>
            <Extensions>
              <ns3:TPX>
                <ns3:Speed>1.4199999570846558</ns3:Speed>
              </ns3:TPX>
            </Extensions>
          </Trackpoint>
          <Trackpoint>
            <Time>2026-04-13T02:40:39.000Z</Time>
            <Position>
              <LatitudeDegrees>-41.65183687582612</LatitudeDegrees>
              <LongitudeDegrees>145.95799167640507</LongitudeDegrees>
            </Position>
            <AltitudeMeters>1385.0</AltitudeMeters>
            <DistanceMeters>5955.41015625</DistanceMeters>
            <Extensions>
              <ns3:TPX>
                <ns3:Speed>1.2599999904632568</ns3:Speed>
              </ns3:TPX>
            </Extensions>
          </Trackpoint>
          <Trackpoint>
            <Time>2026-04-13T02:40:40.000Z</Time>
            <Position>
              <LatitudeDegrees>-41.65184358134866</LatitudeDegrees>
              <LongitudeDegrees>145.95800668001175</LongitudeDegrees>
            </Position>
            <AltitudeMeters>1385.0</AltitudeMeters>
            <DistanceMeters>5956.8701171875</DistanceMeters>
            <Extensions>
              <ns3:TPX>
                <ns3:Speed>1.4199999570846558</ns3:Speed>
              </ns3:TPX>
            </Extensions>
          </Trackpoint>
          <Trackpoint>
            <Time>2026-04-13T02:40:50.000Z</Time>
            <Position>
              <LatitudeDegrees>-41.65192178450525</LatitudeDegrees>
              <LongitudeDegrees>145.95814984291792</LongitudeDegrees>
            </Position>
            <AltitudeMeters>1386.5999755859375</AltitudeMeters>
            <DistanceMeters>5971.740234375</DistanceMeters>
            <Extensions>
              <ns3:TPX>
                <ns3:Speed>1.4600000381469727</ns3:Speed>
              </ns3:TPX>
            </Extensions>
          </Trackpoint>
          <Trackpoint>
            <Time>2026-04-13T02:40:51.000Z</Time>
            <Position>
              <LatitudeDegrees>-41.65192664600909</LatitudeDegrees>
              <LongitudeDegrees>145.9581650979817</LongitudeDegrees>
            </Position>
            <AltitudeMeters>1386.5999755859375</AltitudeMeters>
            <DistanceMeters>5973.1298828125</DistanceMeters>
            <Extensions>
              <ns3:TPX>
                <ns3:Speed>1.340000033378601</ns3:Speed>
              </ns3:TPX>
            </Extensions>
          </Trackpoint>
          <Trackpoint>
            <Time>2026-04-13T02:41:00.000Z</Time>
            <Position>
              <LatitudeDegrees>-41.65201473981142</LatitudeDegrees>
              <LongitudeDegrees>145.9582959394902</LongitudeDegrees>
            </Position>
            <AltitudeMeters>1387.199951171875</AltitudeMeters>
            <DistanceMeters>5987.89990234375</DistanceMeters>
            <Extensions>
              <ns3:TPX>
                <ns3:Speed>1.4700000286102295</ns3:Speed>
              </ns3:TPX>
            </Extensions>
          </Trackpoint>
          <Trackpoint>
            <Time>2026-04-13T02:41:12.000Z</Time>
            <Position>
              <LatitudeDegrees>-41.652100486680865</LatitudeDegrees>
              <LongitudeDegrees>145.9584859572351</LongitudeDegrees>
            </Position>
            <AltitudeMeters>1385.4000244140625</AltitudeMeters>
            <DistanceMeters>6006.5</DistanceMeters>
            <Extensions>
              <ns3:TPX>
                <ns3:Speed>1.4900000095367432</ns3:Speed>
              </ns3:TPX>
            </Extensions>
          </Trackpoint>
          <Trackpoint>
            <Time>2026-04-13T02:41:21.000Z</Time>
            <Position>
              <LatitudeDegrees>-41.65210794657469</LatitudeDegrees>
              <LongitudeDegrees>145.9585224185139</LongitudeDegrees>
            </Position>
            <AltitudeMeters>1384.800048828125</AltitudeMeters>
            <DistanceMeters>6009.669921875</DistanceMeters>
            <Extensions>
              <ns3:TPX>
                <ns3:Speed>0.36000001430511475</ns3:Speed>
              </ns3:TPX>
            </Extensions>
          </Trackpoint>
          <Trackpoint>
            <Time>2026-04-13T02:41:24.000Z</Time>
            <Position>
              <LatitudeDegrees>-41.652132757008076</LatitudeDegrees>
              <LongitudeDegrees>145.9585313871503</LongitudeDegrees>
            </Position>
            <AltitudeMeters>1384.800048828125</AltitudeMeters>
            <DistanceMeters>6012.56005859375</DistanceMeters>
            <Extensions>
              <ns3:TPX>
                <ns3:Speed>1.2100000381469727</ns3:Speed>
              </ns3:TPX>
            </Extensions>
          </Trackpoint>
          <Trackpoint>
            <Time>2026-04-13T02:41:25.000Z</Time>
            <Position>
              <LatitudeDegrees>-41.652141474187374</LatitudeDegrees>
              <LongitudeDegrees>145.9585432894528</LongitudeDegrees>
            </Position>
            <AltitudeMeters>1384.800048828125</AltitudeMeters>
            <DistanceMeters>6013.9599609375</DistanceMeters>
            <Extensions>
              <ns3:TPX>
                <ns3:Speed>1.590000033378601</ns3:Speed>
              </ns3:TPX>
            </Extensions>
          </Trackpoint>
          <Trackpoint>
            <Time>2026-04-13T02:41:26.000Z</Time>
            <Position>
              <LatitudeDegrees>-41.652150861918926</LatitudeDegrees>
              <LongitudeDegrees>145.95855636522174</LongitudeDegrees>
            </Position>
            <AltitudeMeters>1384.800048828125</AltitudeMeters>
            <DistanceMeters>6015.47998046875</DistanceMeters>
            <Extensions>
              <ns3:TPX>
                <ns3:Speed>1.4500000476837158</ns3:Speed>
              </ns3:TPX>
            </Extensions>
          </Trackpoint>
          <Trackpoint>
            <Time>2026-04-13T02:41:27.000Z</Time>
            <Position>
              <LatitudeDegrees>-41.652159076184034</LatitudeDegrees>
              <LongitudeDegrees>145.9585684351623</LongitudeDegrees>
            </Position>
            <AltitudeMeters>1384.800048828125</AltitudeMeters>
            <DistanceMeters>6016.85009765625</DistanceMeters>
            <Extensions>
              <ns3:TPX>
                <ns3:Speed>1.3799999952316284</ns3:Speed>
              </ns3:TPX>
            </Extensions>
          </Trackpoint>
          <Trackpoint>
            <Time>2026-04-13T02:41:28.000Z</Time>
            <Position>
              <LatitudeDegrees>-41.65216628462076</LatitudeDegrees>
              <LongitudeDegrees>145.9585805889219</LongitudeDegrees>
            </Position>
            <AltitudeMeters>1384.5999755859375</AltitudeMeters>
            <DistanceMeters>6018.14990234375</DistanceMeters>
            <Extensions>
              <ns3:TPX>
                <ns3:Speed>1.25</ns3:Speed>
              </ns3:TPX>
            </Extensions>
          </Trackpoint>
          <Trackpoint>
            <Time>2026-04-13T02:41:29.000Z</Time>
            <Position>
              <LatitudeDegrees>-41.65217634290457</LatitudeDegrees>
              <LongitudeDegrees>145.95859207212925</LongitudeDegrees>
            </Position>
            <AltitudeMeters>1384.5999755859375</AltitudeMeters>
            <DistanceMeters>6019.6298828125</DistanceMeters>
            <Extensions>
              <ns3:TPX>
                <ns3:Speed>1.440000057220459</ns3:Speed>
              </ns3:TPX>
            </Extensions>
          </Trackpoint>
          <Trackpoint>
            <Time>2026-04-13T02:41:30.000Z</Time>
            <Position>
              <LatitudeDegrees>-41.65218866430223</LatitudeDegrees>
              <LongitudeDegrees>145.95860204659402</LongitudeDegrees>
            </Position>
            <AltitudeMeters>1384.4000244140625</AltitudeMeters>
            <DistanceMeters>6021.25</DistanceMeters>
            <Extensions>
              <ns3:TPX>
                <ns3:Speed>1.4700000286102295</ns3:Speed>
              </ns3:TPX>
            </Extensions>
          </Trackpoint>
          <Trackpoint>
            <Time>2026-04-13T02:41:31.000Z</Time>
            <Position>
              <LatitudeDegrees>-41.65219956077635</LatitudeDegrees>
              <LongitudeDegrees>145.9586101770401</LongitudeDegrees>
            </Position>
            <AltitudeMeters>1384.199951171875</AltitudeMeters>
            <DistanceMeters>6022.64013671875</DistanceMeters>
            <Extensions>
              <ns3:TPX>
                <ns3:Speed>1.2799999713897705</ns3:Speed>
              </ns3:TPX>
            </Extensions>
          </Trackpoint>
          <Trackpoint>
            <Time>2026-04-13T02:41:32.000Z</Time>
            <Position>
              <LatitudeDegrees>-41.65221163071692</LatitudeDegrees>
              <LongitudeDegrees>145.95861478708684</LongitudeDegrees>
            </Position>
            <AltitudeMeters>1383.800048828125</AltitudeMeters>
            <DistanceMeters>6024.0498046875</DistanceMeters>
            <Extensions>
              <ns3:TPX>
                <ns3:Speed>1.3600000143051147</ns3:Speed>
              </ns3:TPX>
            </Extensions>
          </Trackpoint>
          <Trackpoint>
            <Time>2026-04-13T02:41:33.000Z</Time>
            <Position>
              <LatitudeDegrees>-41.65222487412393</LatitudeDegrees>
              <LongitudeDegrees>145.95861646346748</LongitudeDegrees>
            </Position>
            <AltitudeMeters>1383.5999755859375</AltitudeMeters>
            <DistanceMeters>6025.5498046875</DistanceMeters>
            <Extensions>
              <ns3:TPX>
                <ns3:Speed>1.440000057220459</ns3:Speed>
              </ns3:TPX>
            </Extensions>
          </Trackpoint>
          <Trackpoint>
            <Time>2026-04-13T02:41:34.000Z</Time>
            <Position>
              <LatitudeDegrees>-41.65223895572126</LatitudeDegrees>
              <LongitudeDegrees>145.95861713401973</LongitudeDegrees>
            </Position>
            <AltitudeMeters>1383.199951171875</AltitudeMeters>
            <DistanceMeters>6027.1201171875</DistanceMeters>
            <Extensions>
              <ns3:TPX>
                <ns3:Speed>1.6100000143051147</ns3:Speed>
              </ns3:TPX>
            </Extensions>
          </Trackpoint>
          <Trackpoint>
            <Time>2026-04-13T02:41:44.000Z</Time>
            <Position>
              <LatitudeDegrees>-41.652375077828765</LatitudeDegrees>
              <LongitudeDegrees>145.9585890546441</LongitudeDegrees>
            </Position>
            <AltitudeMeters>1381.0</AltitudeMeters>
            <DistanceMeters>6042.6201171875</DistanceMeters>
            <Extensions>
              <ns3:TPX>
                <ns3:Speed>1.3700000047683716</ns3:Speed>
              </ns3:TPX>
            </Extensions>
          </Trackpoint>
          <Trackpoint>
            <Time>2026-04-13T02:41:51.000Z</Time>
            <Position>
              <LatitudeDegrees>-41.652468871325254</LatitudeDegrees>
              <LongitudeDegrees>145.95859634689987</LongitudeDegrees>
            </Position>
            <AltitudeMeters>1379.800048828125</AltitudeMeters>
            <DistanceMeters>6053.18994140625</DistanceMeters>
            <Extensions>
              <ns3:TPX>
                <ns3:Speed>1.5099999904632568</ns3:Speed>
              </ns3:TPX>
            </Extensions>
          </Trackpoint>
          <Trackpoint>
            <Time>2026-04-13T02:41:52.000Z</Time>
            <Position>
              <LatitudeDegrees>-41.652479097247124</LatitudeDegrees>
              <LongitudeDegrees>145.95860799774528</LongitudeDegrees>
            </Position>
            <AltitudeMeters>1379.5999755859375</AltitudeMeters>
            <DistanceMeters>6054.7001953125</DistanceMeters>
            <Extensions>
              <ns3:TPX>
                <ns3:Speed>1.4900000095367432</ns3:Speed>
              </ns3:TPX>
            </Extensions>
          </Trackpoint>
          <Trackpoint>
            <Time>2026-04-13T02:41:53.000Z</Time>
            <Position>
              <LatitudeDegrees>-41.65248865261674</LatitudeDegrees>
              <LongitudeDegrees>145.95862006768584</LongitudeDegrees>
            </Position>
            <AltitudeMeters>1379.5999755859375</AltitudeMeters>
            <DistanceMeters>6056.18017578125</DistanceMeters>
            <Extensions>
              <ns3:TPX>
                <ns3:Speed>1.440000057220459</ns3:Speed>
              </ns3:TPX>
            </Extensions>
          </Trackpoint>
          <Trackpoint>
            <Time>2026-04-13T02:42:05.000Z</Time>
            <Position>
              <LatitudeDegrees>-41.65256048552692</LatitudeDegrees>
              <LongitudeDegrees>145.95878133550286</LongitudeDegrees>
            </Position>
            <AltitudeMeters>1378.800048828125</AltitudeMeters>
            <DistanceMeters>6071.91015625</DistanceMeters>
            <Extensions>
              <ns3:TPX>
                <ns3:Speed>1.3899999856948853</ns3:Speed>
              </ns3:TPX>
            </Extensions>
          </Trackpoint>
          <Trackpoint>
            <Time>2026-04-13T02:42:06.000Z</Time>
            <Position>
              <LatitudeDegrees>-41.65256576612592</LatitudeDegrees>
              <LongitudeDegrees>145.9587967582047</LongitudeDegrees>
            </Position>
            <AltitudeMeters>1378.800048828125</AltitudeMeters>
            <DistanceMeters>6073.33984375</DistanceMeters>
            <Extensions>
              <ns3:TPX>
                <ns3:Speed>1.4299999475479126</ns3:Speed>
              </ns3:TPX>
            </Extensions>
          </Trackpoint>
          <Trackpoint>
            <Time>2026-04-13T02:42:20.000Z</Time>
            <Position>
              <LatitudeDegrees>-41.65267154574394</LatitudeDegrees>
              <LongitudeDegrees>145.95897445455194</LongitudeDegrees>
            </Position>
            <AltitudeMeters>1376.0</AltitudeMeters>
            <DistanceMeters>6092.39013671875</DistanceMeters>
            <Extensions>
              <ns3:TPX>
                <ns3:Speed>1.409999966621399</ns3:Speed>
              </ns3:TPX>
            </Extensions>
          </Trackpoint>
          <Trackpoint>
            <Time>2026-04-13T02:42:34.000Z</Time>
            <Position>
              <LatitudeDegrees>-41.6528085898608</LatitudeDegrees>
              <LongitudeDegrees>145.95913337543607</LongitudeDegrees>
            </Position>
            <AltitudeMeters>1374.199951171875</AltitudeMeters>
            <DistanceMeters>6112.759765625</DistanceMeters>
            <Extensions>
              <ns3:TPX>
                <ns3:Speed>1.5399999618530273</ns3:Speed>
              </ns3:TPX>
            </Extensions>
          </Trackpoint>
          <Trackpoint>
            <Time>2026-04-13T02:42:46.000Z</Time>
            <Position>
              <LatitudeDegrees>-41.652938928455114</LatitudeDegrees>
              <LongitudeDegrees>145.95926924608648</LongitudeDegrees>
            </Position>
            <AltitudeMeters>1371.0</AltitudeMeters>
            <DistanceMeters>6131.31982421875</DistanceMeters>
            <Extensions>
              <ns3:TPX>
                <ns3:Speed>1.440000057220459</ns3:Speed>
              </ns3:TPX>
            </Extensions>
          </Trackpoint>
          <Trackpoint>
            <Time>2026-04-13T02:42:56.000Z</Time>
            <Position>
              <LatitudeDegrees>-41.653038589283824</LatitudeDegrees>
              <LongitudeDegrees>145.95939078368247</LongitudeDegrees>
            </Position>
            <AltitudeMeters>1369.800048828125</AltitudeMeters>
            <DistanceMeters>6146.4599609375</DistanceMeters>
            <Extensions>
              <ns3:TPX>
                <ns3:Speed>1.5299999713897705</ns3:Speed>
              </ns3:TPX>
            </Extensions>
          </Trackpoint>
          <Trackpoint>
            <Time>2026-04-13T02:42:57.000Z</Time>
            <Position>
              <LatitudeDegrees>-41.65305116213858</LatitudeDegrees>
              <LongitudeDegrees>145.95939572900534</LongitudeDegrees>
            </Position>
            <AltitudeMeters>1369.800048828125</AltitudeMeters>
            <DistanceMeters>6147.93994140625</DistanceMeters>
            <Extensions>
              <ns3:TPX>
                <ns3:Speed>1.4900000095367432</ns3:Speed>
              </ns3:TPX>
            </Extensions>
          </Trackpoint>
          <Trackpoint>
            <Time>2026-04-13T02:42:58.000Z</Time>
            <Position>
              <LatitudeDegrees>-41.65306314826012</LatitudeDegrees>
              <LongitudeDegrees>145.959402769804</LongitudeDegrees>
            </Position>
            <AltitudeMeters>1369.5999755859375</AltitudeMeters>
            <DistanceMeters>6149.41015625</DistanceMeters>
            <Extensions>
              <ns3:TPX>
                <ns3:Speed>1.4600000381469727</ns3:Speed>
              </ns3:TPX>
            </Extensions>
          </Trackpoint>
          <Trackpoint>
            <Time>2026-04-13T02:42:59.000Z</Time>
            <Position>
              <LatitudeDegrees>-41.65307505056262</LatitudeDegrees>
              <LongitudeDegrees>145.9594085533172</LongitudeDegrees>
            </Position>
            <AltitudeMeters>1369.4000244140625</AltitudeMeters>
            <DistanceMeters>6150.830078125</DistanceMeters>
            <Extensions>
              <ns3:TPX>
                <ns3:Speed>1.3799999952316284</ns3:Speed>
              </ns3:TPX>
            </Extensions>
          </Trackpoint>
          <Trackpoint>
            <Time>2026-04-13T02:43:00.000Z</Time>
            <Position>
              <LatitudeDegrees>-41.65308678522706</LatitudeDegrees>
              <LongitudeDegrees>145.95941349864006</LongitudeDegrees>
            </Position>
            <AltitudeMeters>1369.199951171875</AltitudeMeters>
            <DistanceMeters>6152.2099609375</DistanceMeters>
            <Extensions>
              <ns3:TPX>
                <ns3:Speed>1.409999966621399</ns3:Speed>
              </ns3:TPX>
            </Extensions>
          </Trackpoint>
          <Trackpoint>
            <Time>2026-04-13T02:43:01.000Z</Time>
            <Position>
              <LatitudeDegrees>-41.65309902280569</LatitudeDegrees>
              <LongitudeDegrees>145.95941961742938</LongitudeDegrees>
            </Position>
            <AltitudeMeters>1369.0</AltitudeMeters>
            <DistanceMeters>6153.669921875</DistanceMeters>
            <Extensions>
              <ns3:TPX>
                <ns3:Speed>1.440000057220459</ns3:Speed>
              </ns3:TPX>
            </Extensions>
          </Trackpoint>
          <Trackpoint>
            <Time>2026-04-13T02:43:13.000Z</Time>
            <Position>
              <LatitudeDegrees>-41.653214525431395</LatitudeDegrees>
              <LongitudeDegrees>145.95947711728513</LongitudeDegrees>
            </Position>
            <AltitudeMeters>1367.5999755859375</AltitudeMeters>
            <DistanceMeters>6167.52978515625</DistanceMeters>
            <Extensions>
              <ns3:TPX>
                <ns3:Speed>1.5700000524520874</ns3:Speed>
              </ns3:TPX>
            </Extensions>
          </Trackpoint>
          <Trackpoint>
            <Time>2026-04-13T02:43:27.000Z</Time>
            <Position>
              <LatitudeDegrees>-41.653365986421704</LatitudeDegrees>
              <LongitudeDegrees>145.95954702235758</LongitudeDegrees>
            </Position>
            <AltitudeMeters>1366.0</AltitudeMeters>
            <DistanceMeters>6185.56005859375</DistanceMeters>
            <Extensions>
              <ns3:TPX>
                <ns3:Speed>1.3700000047683716</ns3:Speed>
              </ns3:TPX>
            </Extensions>
          </Trackpoint>
          <Trackpoint>
            <Time>2026-04-13T02:43:38.000Z</Time>
            <Position>
              <LatitudeDegrees>-41.653392389416695</LatitudeDegrees>
              <LongitudeDegrees>145.95947133377194</LongitudeDegrees>
            </Position>
            <AltitudeMeters>1367.199951171875</AltitudeMeters>
            <DistanceMeters>6192.5498046875</DistanceMeters>
            <Extensions>
              <ns3:TPX>
                <ns3:Speed>0.8199999928474426</ns3:Speed>
              </ns3:TPX>
            </Extensions>
          </Trackpoint>
          <Trackpoint>
            <Time>2026-04-13T02:43:40.000Z</Time>
            <Position>
              <LatitudeDegrees>-41.65341217070818</LatitudeDegrees>
              <LongitudeDegrees>145.95945809036493</LongitudeDegrees>
            </Position>
            <AltitudeMeters>1367.5999755859375</AltitudeMeters>
            <DistanceMeters>6195.02978515625</DistanceMeters>
            <Extensions>
              <ns3:TPX>
                <ns3:Speed>1.4299999475479126</ns3:Speed>
              </ns3:TPX>
            </Extensions>
          </Trackpoint>
          <Trackpoint>
            <Time>2026-04-13T02:43:41.000Z</Time>
            <Position>
              <LatitudeDegrees>-41.65342407301068</LatitudeDegrees>
              <LongitudeDegrees>145.95945172011852</LongitudeDegrees>
            </Position>
            <AltitudeMeters>1367.5999755859375</AltitudeMeters>
            <DistanceMeters>6196.47021484375</DistanceMeters>
            <Extensions>
              <ns3:TPX>
                <ns3:Speed>1.4700000286102295</ns3:Speed>
              </ns3:TPX>
            </Extensions>
          </Trackpoint>
          <Trackpoint>
            <Time>2026-04-13T02:43:42.000Z</Time>
            <Position>
              <LatitudeDegrees>-41.6534352209419</LatitudeDegrees>
              <LongitudeDegrees>145.95944493077695</LongitudeDegrees>
            </Position>
            <AltitudeMeters>1367.5999755859375</AltitudeMeters>
            <DistanceMeters>6197.83984375</DistanceMeters>
            <Extensions>
              <ns3:TPX>
                <ns3:Speed>1.2799999713897705</ns3:Speed>
              </ns3:TPX>
            </Extensions>
          </Trackpoint>
          <Trackpoint>
            <Time>2026-04-13T02:43:53.000Z</Time>
            <Position>
              <LatitudeDegrees>-41.653535636141896</LatitudeDegrees>
              <LongitudeDegrees>145.9594362974167</LongitudeDegrees>
            </Position>
            <AltitudeMeters>1367.4000244140625</AltitudeMeters>
            <DistanceMeters>6209.16015625</DistanceMeters>
            <Extensions>
              <ns3:TPX>
                <ns3:Speed>1.190000057220459</ns3:Speed>
              </ns3:TPX>
            </Extensions>
          </Trackpoint>
          <Trackpoint>
            <Time>2026-04-13T02:43:54.000Z</Time>
            <Position>
              <LatitudeDegrees>-41.653544353321195</LatitudeDegrees>
              <LongitudeDegrees>145.95942456275225</LongitudeDegrees>
            </Position>
            <AltitudeMeters>1367.199951171875</AltitudeMeters>
            <DistanceMeters>6210.5400390625</DistanceMeters>
            <Extensions>
              <ns3:TPX>
                <ns3:Speed>1.4900000095367432</ns3:Speed>
              </ns3:TPX>
            </Extensions>
          </Trackpoint>
          <Trackpoint>
            <Time>2026-04-13T02:43:55.000Z</Time>
            <Position>
              <LatitudeDegrees>-41.65355323813856</LatitudeDegrees>
              <LongitudeDegrees>145.9594128280878</LongitudeDegrees>
            </Position>
            <AltitudeMeters>1367.0</AltitudeMeters>
            <DistanceMeters>6211.93994140625</DistanceMeters>
            <Extensions>
              <ns3:TPX>
                <ns3:Speed>1.2300000190734863</ns3:Speed>
              </ns3:TPX>
            </Extensions>
          </Trackpoint>
          <Trackpoint>
            <Time>2026-04-13T02:43:56.000Z</Time>
            <Position>
              <LatitudeDegrees>-41.65356237441301</LatitudeDegrees>
              <LongitudeDegrees>145.95940603874624</LongitudeDegrees>
            </Position>
            <AltitudeMeters>1367.0</AltitudeMeters>
            <DistanceMeters>6213.10009765625</DistanceMeters>
            <Extensions>
              <ns3:TPX>
                <ns3:Speed>1.2300000190734863</ns3:Speed>
              </ns3:TPX>
            </Extensions>
          </Trackpoint>
          <Trackpoint>
            <Time>2026-04-13T02:43:57.000Z</Time>
            <Position>
              <LatitudeDegrees>-41.65357352234423</LatitudeDegrees>
              <LongitudeDegrees>145.95940318889916</LongitudeDegrees>
            </Position>
            <AltitudeMeters>1367.0</AltitudeMeters>
            <DistanceMeters>6214.3701171875</DistanceMeters>
            <Extensions>
              <ns3:TPX>
                <ns3:Speed>1.2300000190734863</ns3:Speed>
              </ns3:TPX>
            </Extensions>
          </Trackpoint>
          <Trackpoint>
            <Time>2026-04-13T02:44:06.000Z</Time>
            <Position>
              <LatitudeDegrees>-41.653622975572944</LatitudeDegrees>
              <LongitudeDegrees>145.95943889580667</LongitudeDegrees>
            </Position>
            <AltitudeMeters>1366.4000244140625</AltitudeMeters>
            <DistanceMeters>6220.68994140625</DistanceMeters>
            <Extensions>
              <ns3:TPX>
                <ns3:Speed>1.440000057220459</ns3:Speed>
              </ns3:TPX>
            </Extensions>
          </Trackpoint>
          <Trackpoint>
            <Time>2026-04-13T02:44:07.000Z</Time>
            <Position>
              <LatitudeDegrees>-41.65362557396293</LatitudeDegrees>
              <LongitudeDegrees>145.95945524051785</LongitudeDegrees>
            </Position>
            <AltitudeMeters>1366.4000244140625</AltitudeMeters>
            <DistanceMeters>6222.08984375</DistanceMeters>
            <Extensions>
              <ns3:TPX>
                <ns3:Speed>1.440000057220459</ns3:Speed>
              </ns3:TPX>
            </Extensions>
          </Trackpoint>
          <Trackpoint>
            <Time>2026-04-13T02:44:08.000Z</Time>
            <Position>
              <LatitudeDegrees>-41.653627417981625</LatitudeDegrees>
              <LongitudeDegrees>145.95947032794356</LongitudeDegrees>
            </Position>
            <AltitudeMeters>1366.4000244140625</AltitudeMeters>
            <DistanceMeters>6223.3701171875</DistanceMeters>
            <Extensions>
              <ns3:TPX>
                <ns3:Speed>1.25</ns3:Speed>
              </ns3:TPX>
            </Extensions>
          </Trackpoint>
          <Trackpoint>
            <Time>2026-04-13T02:44:18.000Z</Time>
            <Position>
              <LatitudeDegrees>-41.65365926921368</LatitudeDegrees>
              <LongitudeDegrees>145.959500586614</LongitudeDegrees>
            </Position>
            <AltitudeMeters>1366.5999755859375</AltitudeMeters>
            <DistanceMeters>6227.77001953125</DistanceMeters>
            <Extensions>
              <ns3:TPX>
                <ns3:Speed>0.8799999952316284</ns3:Speed>
              </ns3:TPX>
            </Extensions>
          </Trackpoint>
          <Trackpoint>
            <Time>2026-04-13T02:44:29.000Z</Time>
            <Position>
              <LatitudeDegrees>-41.6536701656878</LatitudeDegrees>
              <LongitudeDegrees>145.95952766016126</LongitudeDegrees>
            </Position>
            <AltitudeMeters>1366.800048828125</AltitudeMeters>
            <DistanceMeters>6230.33984375</DistanceMeters>
            <Extensions>
              <ns3:TPX>
                <ns3:Speed>0.47999998927116394</ns3:Speed>
              </ns3:TPX>
            </Extensions>
          </Trackpoint>
          <Trackpoint>
            <Time>2026-04-13T02:44:34.000Z</Time>
            <Position>
              <LatitudeDegrees>-41.653632279485464</LatitudeDegrees>
              <LongitudeDegrees>145.95951156690717</LongitudeDegrees>
            </Position>
            <AltitudeMeters>1367.199951171875</AltitudeMeters>
            <DistanceMeters>6234.81982421875</DistanceMeters>
            <Extensions>
              <ns3:TPX>
                <ns3:Speed>1.159999966621399</ns3:Speed>
              </ns3:TPX>
            </Extensions>
          </Trackpoint>
          <Trackpoint>
            <Time>2026-04-13T02:44:35.000Z</Time>
            <Position>
              <LatitudeDegrees>-41.653624065220356</LatitudeDegrees>
              <LongitudeDegrees>145.9595042746514</LongitudeDegrees>
            </Position>
            <AltitudeMeters>1367.199951171875</AltitudeMeters>
            <DistanceMeters>6235.93017578125</DistanceMeters>
            <Extensions>
              <ns3:TPX>
                <ns3:Speed>1.1200000047683716</ns3:Speed>
              </ns3:TPX>
            </Extensions>
          </Trackpoint>
          <Trackpoint>
            <Time>2026-04-13T02:44:36.000Z</Time>
            <Position>
              <LatitudeDegrees>-41.65361794643104</LatitudeDegrees>
              <LongitudeDegrees>145.95949295908213</LongitudeDegrees>
            </Position>
            <AltitudeMeters>1367.199951171875</AltitudeMeters>
            <DistanceMeters>6237.10009765625</DistanceMeters>
            <Extensions>
              <ns3:TPX>
                <ns3:Speed>1.2100000381469727</ns3:Speed>
              </ns3:TPX>
            </Extensions>
          </Trackpoint>
          <Trackpoint>
            <Time>2026-04-13T02:44:37.000Z</Time>
            <Position>
              <LatitudeDegrees>-41.65361442603171</LatitudeDegrees>
              <LongitudeDegrees>145.95947845838964</LongitudeDegrees>
            </Position>
            <AltitudeMeters>1367.199951171875</AltitudeMeters>
            <DistanceMeters>6238.3798828125</DistanceMeters>
            <Extensions>
              <ns3:TPX>
                <ns3:Speed>1.25</ns3:Speed>
              </ns3:TPX>
            </Extensions>
          </Trackpoint>
          <Trackpoint>
            <Time>2026-04-13T02:44:38.000Z</Time>
            <Position>
              <LatitudeDegrees>-41.65361316874623</LatitudeDegrees>
              <LongitudeDegrees>145.95946337096393</LongitudeDegrees>
            </Position>
            <AltitudeMeters>1367.199951171875</AltitudeMeters>
            <DistanceMeters>6239.64990234375</DistanceMeters>
            <Extensions>
              <ns3:TPX>
                <ns3:Speed>1.25</ns3:Speed>
              </ns3:TPX>
            </Extensions>
          </Trackpoint>
          <Trackpoint>
            <Time>2026-04-13T02:44:39.000Z</Time>
            <Position>
              <LatitudeDegrees>-41.65361207909882</LatitudeDegrees>
              <LongitudeDegrees>145.9594481997192</LongitudeDegrees>
            </Position>
            <AltitudeMeters>1367.199951171875</AltitudeMeters>
            <DistanceMeters>6240.93017578125</DistanceMeters>
            <Extensions>
              <ns3:TPX>
                <ns3:Speed>1.2100000381469727</ns3:Speed>
              </ns3:TPX>
            </Extensions>
          </Trackpoint>
          <Trackpoint>
            <Time>2026-04-13T02:44:44.000Z</Time>
            <Position>
              <LatitudeDegrees>-41.65359539911151</LatitudeDegrees>
              <LongitudeDegrees>145.95940084196627</LongitudeDegrees>
            </Position>
            <AltitudeMeters>1367.199951171875</AltitudeMeters>
            <DistanceMeters>6245.31005859375</DistanceMeters>
            <Extensions>
              <ns3:TPX>
                <ns3:Speed>1.25</ns3:Speed>
              </ns3:TPX>
            </Extensions>
          </Trackpoint>
          <Trackpoint>
            <Time>2026-04-13T02:44:48.000Z</Time>
            <Position>
              <LatitudeDegrees>-41.65355742909014</LatitudeDegrees>
              <LongitudeDegrees>145.95940335653722</LongitudeDegrees>
            </Position>
            <AltitudeMeters>1367.4000244140625</AltitudeMeters>
            <DistanceMeters>6249.60009765625</DistanceMeters>
            <Extensions>
              <ns3:TPX>
                <ns3:Speed>1.159999966621399</ns3:Speed>
              </ns3:TPX>
            </Extensions>
          </Trackpoint>
          <Trackpoint>
            <Time>2026-04-13T02:44:57.000Z</Time>
            <Position>
              <LatitudeDegrees>-41.65350546129048</LatitudeDegrees>
              <LongitudeDegrees>145.9594630356878</LongitudeDegrees>
            </Position>
            <AltitudeMeters>1367.199951171875</AltitudeMeters>
            <DistanceMeters>6257.31005859375</DistanceMeters>
            <Extensions>
              <ns3:TPX>
                <ns3:Speed>0.6899999976158142</ns3:Speed>
              </ns3:TPX>
            </Extensions>
          </Trackpoint>
          <Trackpoint>
            <Time>2026-04-13T02:45:04.000Z</Time>
            <Position>
              <LatitudeDegrees>-41.653477381914854</LatitudeDegrees>
              <LongitudeDegrees>145.95942405983806</LongitudeDegrees>
            </Position>
            <AltitudeMeters>1366.5999755859375</AltitudeMeters>
            <DistanceMeters>6261.85009765625</DistanceMeters>
            <Extensions>
              <ns3:TPX>
                <ns3:Speed>1.4800000190734863</ns3:Speed>
              </ns3:TPX>
            </Extensions>
          </Trackpoint>
          <Trackpoint>
            <Time>2026-04-13T02:45:05.000Z</Time>
            <Position>
              <LatitudeDegrees>-41.65346438996494</LatitudeDegrees>
              <LongitudeDegrees>145.95942347310483</LongitudeDegrees>
            </Position>
            <AltitudeMeters>1366.5999755859375</AltitudeMeters>
            <DistanceMeters>6263.31982421875</DistanceMeters>
            <Extensions>
              <ns3:TPX>
                <ns3:Speed>1.3899999856948853</ns3:Speed>
              </ns3:TPX>
            </Extensions>
          </Trackpoint>
          <Trackpoint>
            <Time>2026-04-13T02:45:06.000Z</Time>
            <Position>
              <LatitudeDegrees>-41.65345232002437</LatitudeDegrees>
              <LongitudeDegrees>145.9594254847616</LongitudeDegrees>
            </Position>
            <AltitudeMeters>1366.5999755859375</AltitudeMeters>
            <DistanceMeters>6264.68994140625</DistanceMeters>
            <Extensions>
              <ns3:TPX>
                <ns3:Speed>1.3300000429153442</ns3:Speed>
              </ns3:TPX>
            </Extensions>
          </Trackpoint>
          <Trackpoint>
            <Time>2026-04-13T02:45:07.000Z</Time>
            <Position>
              <LatitudeDegrees>-41.653440836817026</LatitudeDegrees>
              <LongitudeDegrees>145.95942967571318</LongitudeDegrees>
            </Position>
            <AltitudeMeters>1366.800048828125</AltitudeMeters>
            <DistanceMeters>6266.02978515625</DistanceMeters>
            <Extensions>
              <ns3:TPX>
                <ns3:Speed>1.350000023841858</ns3:Speed>
              </ns3:TPX>
            </Extensions>
          </Trackpoint>
          <Trackpoint>
            <Time>2026-04-13T02:45:08.000Z</Time>
            <Position>
              <LatitudeDegrees>-41.6534301918</LatitudeDegrees>
              <LongitudeDegrees>145.9594352915883</LongitudeDegrees>
            </Position>
            <AltitudeMeters>1367.0</AltitudeMeters>
            <DistanceMeters>6267.330078125</DistanceMeters>
            <Extensions>
              <ns3:TPX>
                <ns3:Speed>1.2799999713897705</ns3:Speed>
              </ns3:TPX>
            </Extensions>
          </Trackpoint>
          <Trackpoint>
            <Time>2026-04-13T02:45:09.000Z</Time>
            <Position>
              <LatitudeDegrees>-41.65342004969716</LatitudeDegrees>
              <LongitudeDegrees>145.95944174565375</LongitudeDegrees>
            </Position>
            <AltitudeMeters>1367.0</AltitudeMeters>
            <DistanceMeters>6268.60009765625</DistanceMeters>
            <Extensions>
              <ns3:TPX>
                <ns3:Speed>1.309999942779541</ns3:Speed>
              </ns3:TPX>
            </Extensions>
          </Trackpoint>
          <Trackpoint>
            <Time>2026-04-13T02:45:14.000Z</Time>
            <Position>
              <LatitudeDegrees>-41.65338099002838</LatitudeDegrees>
              <LongitudeDegrees>145.95948516391218</LongitudeDegrees>
            </Position>
            <AltitudeMeters>1367.4000244140625</AltitudeMeters>
            <DistanceMeters>6274.31005859375</DistanceMeters>
            <Extensions>
              <ns3:TPX>
                <ns3:Speed>1.2599999904632568</ns3:Speed>
              </ns3:TPX>
            </Extensions>
          </Trackpoint>
          <Trackpoint>
            <Time>2026-04-13T02:45:15.000Z</Time>
            <Position>
              <LatitudeDegrees>-41.65338149294257</LatitudeDegrees>
              <LongitudeDegrees>145.9594994969666</LongitudeDegrees>
            </Position>
            <AltitudeMeters>1367.4000244140625</AltitudeMeters>
            <DistanceMeters>6275.509765625</DistanceMeters>
            <Extensions>
              <ns3:TPX>
                <ns3:Speed>1.2400000095367432</ns3:Speed>
              </ns3:TPX>
            </Extensions>
          </Trackpoint>
          <Trackpoint>
            <Time>2026-04-13T02:45:23.000Z</Time>
            <Position>
              <LatitudeDegrees>-41.65335584431887</LatitudeDegrees>
              <LongitudeDegrees>145.95954819582403</LongitudeDegrees>
            </Position>
            <AltitudeMeters>1367.800048828125</AltitudeMeters>
            <DistanceMeters>6280.52001953125</DistanceMeters>
            <Extensions>
              <ns3:TPX>
                <ns3:Speed>1.5700000524520874</ns3:Speed>
              </ns3:TPX>
            </Extensions>
          </Trackpoint>
          <Trackpoint>
            <Time>2026-04-13T02:45:24.000Z</Time>
            <Position>
              <LatitudeDegrees>-41.653344025835395</LatitudeDegrees>
              <LongitudeDegrees>145.95954643562436</LongitudeDegrees>
            </Position>
            <AltitudeMeters>1367.800048828125</AltitudeMeters>
            <DistanceMeters>6281.85986328125</DistanceMeters>
            <Extensions>
              <ns3:TPX>
                <ns3:Speed>1.1799999475479126</ns3:Speed>
              </ns3:TPX>
            </Extensions>
          </Trackpoint>
          <Trackpoint>
            <Time>2026-04-13T02:45:25.000Z</Time>
            <Position>
              <LatitudeDegrees>-41.653334219008684</LatitudeDegrees>
              <LongitudeDegrees>145.95954157412052</LongitudeDegrees>
            </Position>
            <AltitudeMeters>1368.0</AltitudeMeters>
            <DistanceMeters>6283.0400390625</DistanceMeters>
            <Extensions>
              <ns3:TPX>
                <ns3:Speed>1.2300000190734863</ns3:Speed>
              </ns3:TPX>
            </Extensions>
          </Trackpoint>
          <Trackpoint>
            <Time>2026-04-13T02:45:26.000Z</Time>
            <Position>
              <LatitudeDegrees>-41.65332323871553</LatitudeDegrees>
              <LongitudeDegrees>145.9595372993499</LongitudeDegrees>
            </Position>
            <AltitudeMeters>1368.0</AltitudeMeters>
            <DistanceMeters>6284.330078125</DistanceMeters>
            <Extensions>
              <ns3:TPX>
                <ns3:Speed>1.409999966621399</ns3:Speed>
              </ns3:TPX>
            </Extensions>
          </Trackpoint>
          <Trackpoint>
            <Time>2026-04-13T02:45:27.000Z</Time>
            <Position>
              <LatitudeDegrees>-41.65331007912755</LatitudeDegrees>
              <LongitudeDegrees>145.95953528769314</LongitudeDegrees>
            </Position>
            <AltitudeMeters>1368.0</AltitudeMeters>
            <DistanceMeters>6285.81982421875</DistanceMeters>
            <Extensions>
              <ns3:TPX>
                <ns3:Speed>1.4800000190734863</ns3:Speed>
              </ns3:TPX>
            </Extensions>
          </Trackpoint>
          <Trackpoint>
            <Time>2026-04-13T02:45:28.000Z</Time>
            <Position>
              <LatitudeDegrees>-41.65329633280635</LatitudeDegrees>
              <LongitudeDegrees>145.95953134819865</LongitudeDegrees>
            </Position>
            <AltitudeMeters>1368.199951171875</AltitudeMeters>
            <DistanceMeters>6287.41015625</DistanceMeters>
            <Extensions>
              <ns3:TPX>
                <ns3:Speed>1.4800000190734863</ns3:Speed>
              </ns3:TPX>
            </Extensions>
          </Trackpoint>
          <Trackpoint>
            <Time>2026-04-13T02:45:29.000Z</Time>
            <Position>
              <LatitudeDegrees>-41.65328468196094</LatitudeDegrees>
              <LongitudeDegrees>145.95952506177127</LongitudeDegrees>
            </Position>
            <AltitudeMeters>1368.199951171875</AltitudeMeters>
            <DistanceMeters>6288.830078125</DistanceMeters>
            <Extensions>
              <ns3:TPX>
                <ns3:Speed>1.3899999856948853</ns3:Speed>
              </ns3:TPX>
            </Extensions>
          </Trackpoint>
          <Trackpoint>
            <Time>2026-04-13T02:45:30.000Z</Time>
            <Position>
              <LatitudeDegrees>-41.65327336639166</LatitudeDegrees>
              <LongitudeDegrees>145.95951626077294</LongitudeDegrees>
            </Position>
            <AltitudeMeters>1368.199951171875</AltitudeMeters>
            <DistanceMeters>6290.2998046875</DistanceMeters>
            <Extensions>
              <ns3:TPX>
                <ns3:Speed>1.5700000524520874</ns3:Speed>
              </ns3:TPX>
            </Extensions>
          </Trackpoint>
          <Trackpoint>
            <Time>2026-04-13T02:45:31.000Z</Time>
            <Position>
              <LatitudeDegrees>-41.653260039165616</LatitudeDegrees>
              <LongitudeDegrees>145.9595074597746</LongitudeDegrees>
            </Position>
            <AltitudeMeters>1368.199951171875</AltitudeMeters>
            <DistanceMeters>6291.97021484375</DistanceMeters>
            <Extensions>
              <ns3:TPX>
                <ns3:Speed>1.5700000524520874</ns3:Speed>
              </ns3:TPX>
            </Extensions>
          </Trackpoint>
          <Trackpoint>
            <Time>2026-04-13T02:45:32.000Z</Time>
            <Position>
              <LatitudeDegrees>-41.653248723596334</LatitudeDegrees>
              <LongitudeDegrees>145.9595008380711</LongitudeDegrees>
            </Position>
            <AltitudeMeters>1368.4000244140625</AltitudeMeters>
            <DistanceMeters>6293.35986328125</DistanceMeters>
            <Extensions>
              <ns3:TPX>
                <ns3:Speed>1.2300000190734863</ns3:Speed>
              </ns3:TPX>
            </Extensions>
          </Trackpoint>
          <Trackpoint>
            <Time>2026-04-13T02:45:41.000Z</Time>
            <Position>
              <LatitudeDegrees>-41.65313556790352</LatitudeDegrees>
              <LongitudeDegrees>145.95944493077695</LongitudeDegrees>
            </Position>
            <AltitudeMeters>1368.800048828125</AltitudeMeters>
            <DistanceMeters>6306.93994140625</DistanceMeters>
            <Extensions>
              <ns3:TPX>
                <ns3:Speed>1.600000023841858</ns3:Speed>
              </ns3:TPX>
            </Extensions>
          </Trackpoint>
          <Trackpoint>
            <Time>2026-04-13T02:45:54.000Z</Time>
            <Position>
              <LatitudeDegrees>-41.652987878769636</LatitudeDegrees>
              <LongitudeDegrees>145.95931459218264</LongitudeDegrees>
            </Position>
            <AltitudeMeters>1370.199951171875</AltitudeMeters>
            <DistanceMeters>6326.830078125</DistanceMeters>
            <Extensions>
              <ns3:TPX>
                <ns3:Speed>1.8700000047683716</ns3:Speed>
              </ns3:TPX>
            </Extensions>
          </Trackpoint>
          <Trackpoint>
            <Time>2026-04-13T02:46:05.000Z</Time>
            <Position>
              <LatitudeDegrees>-41.65286868810654</LatitudeDegrees>
              <LongitudeDegrees>145.9591733571142</LongitudeDegrees>
            </Position>
            <AltitudeMeters>1372.800048828125</AltitudeMeters>
            <DistanceMeters>6344.72021484375</DistanceMeters>
            <Extensions>
              <ns3:TPX>
                <ns3:Speed>1.850000023841858</ns3:Speed>
              </ns3:TPX>
            </Extensions>
          </Trackpoint>
          <Trackpoint>
            <Time>2026-04-13T02:46:15.000Z</Time>
            <Position>
              <LatitudeDegrees>-41.65275553241372</LatitudeDegrees>
              <LongitudeDegrees>145.95905886031687</LongitudeDegrees>
            </Position>
            <AltitudeMeters>1373.800048828125</AltitudeMeters>
            <DistanceMeters>6360.66015625</DistanceMeters>
            <Extensions>
              <ns3:TPX>
                <ns3:Speed>1.6399999856948853</ns3:Speed>
              </ns3:TPX>
            </Extensions>
          </Trackpoint>
          <Trackpoint>
            <Time>2026-04-13T02:46:20.000Z</Time>
            <Position>
              <LatitudeDegrees>-41.65271152742207</LatitudeDegrees>
              <LongitudeDegrees>145.9589741192758</LongitudeDegrees>
            </Position>
            <AltitudeMeters>1373.5999755859375</AltitudeMeters>
            <DistanceMeters>6369.2998046875</DistanceMeters>
            <Extensions>
              <ns3:TPX>
                <ns3:Speed>1.75</ns3:Speed>
              </ns3:TPX>
            </Extensions>
          </Trackpoint>
          <Trackpoint>
            <Time>2026-04-13T02:46:21.000Z</Time>
            <Position>
              <LatitudeDegrees>-41.65269895456731</LatitudeDegrees>
              <LongitudeDegrees>145.95896364189684</LongitudeDegrees>
            </Position>
            <AltitudeMeters>1373.800048828125</AltitudeMeters>
            <DistanceMeters>6370.9599609375</DistanceMeters>
            <Extensions>
              <ns3:TPX>
                <ns3:Speed>1.590000033378601</ns3:Speed>
              </ns3:TPX>
            </Extensions>
          </Trackpoint>
          <Trackpoint>
            <Time>2026-04-13T02:46:32.000Z</Time>
            <Position>
              <LatitudeDegrees>-41.65259225293994</LatitudeDegrees>
              <LongitudeDegrees>145.95884319394827</LongitudeDegrees>
            </Position>
            <AltitudeMeters>1375.5999755859375</AltitudeMeters>
            <DistanceMeters>6386.64013671875</DistanceMeters>
            <Extensions>
              <ns3:TPX>
                <ns3:Speed>1.2999999523162842</ns3:Speed>
              </ns3:TPX>
            </Extensions>
          </Trackpoint>
          <Trackpoint>
            <Time>2026-04-13T02:46:43.000Z</Time>
            <Position>
              <LatitudeDegrees>-41.65255327709019</LatitudeDegrees>
              <LongitudeDegrees>145.9587264340371</LongitudeDegrees>
            </Position>
            <AltitudeMeters>1378.199951171875</AltitudeMeters>
            <DistanceMeters>6397.35009765625</DistanceMeters>
            <Extensions>
              <ns3:TPX>
                <ns3:Speed>1.25</ns3:Speed>
              </ns3:TPX>
            </Extensions>
          </Trackpoint>
          <Trackpoint>
            <Time>2026-04-13T02:46:44.000Z</Time>
            <Position>
              <LatitudeDegrees>-41.65254816412926</LatitudeDegrees>
              <LongitudeDegrees>145.95871226862073</LongitudeDegrees>
            </Position>
            <AltitudeMeters>1378.4000244140625</AltitudeMeters>
            <DistanceMeters>6398.669921875</DistanceMeters>
            <Extensions>
              <ns3:TPX>
                <ns3:Speed>1.2400000095367432</ns3:Speed>
              </ns3:TPX>
            </Extensions>
          </Trackpoint>
          <Trackpoint>
            <Time>2026-04-13T02:46:45.000Z</Time>
            <Position>
              <LatitudeDegrees>-41.65254229679704</LatitudeDegrees>
              <LongitudeDegrees>145.95869751647115</LongitudeDegrees>
            </Position>
            <AltitudeMeters>1378.5999755859375</AltitudeMeters>
            <DistanceMeters>6400.06982421875</DistanceMeters>
            <Extensions>
              <ns3:TPX>
                <ns3:Speed>1.409999966621399</ns3:Speed>
              </ns3:TPX>
            </Extensions>
          </Trackpoint>
          <Trackpoint>
            <Time>2026-04-13T02:46:46.000Z</Time>
            <Position>
              <LatitudeDegrees>-41.652534417808056</LatitudeDegrees>
              <LongitudeDegrees>145.95868117175996</LongitudeDegrees>
            </Position>
            <AltitudeMeters>1378.800048828125</AltitudeMeters>
            <DistanceMeters>6401.7001953125</DistanceMeters>
            <Extensions>
              <ns3:TPX>
                <ns3:Speed>1.6100000143051147</ns3:Speed>
              </ns3:TPX>
            </Extensions>
          </Trackpoint>
          <Trackpoint>
            <Time>2026-04-13T02:46:47.000Z</Time>
            <Position>
              <LatitudeDegrees>-41.652525616809726</LatitudeDegrees>
              <LongitudeDegrees>145.95866398885846</LongitudeDegrees>
            </Position>
            <AltitudeMeters>1379.0</AltitudeMeters>
            <DistanceMeters>6403.4599609375</DistanceMeters>
            <Extensions>
              <ns3:TPX>
                <ns3:Speed>1.7599999904632568</ns3:Speed>
              </ns3:TPX>
            </Extensions>
          </Trackpoint>
          <Trackpoint>
            <Time>2026-04-13T02:46:54.000Z</Time>
            <Position>
              <LatitudeDegrees>-41.652451772242785</LatitudeDegrees>
              <LongitudeDegrees>145.9585771523416</LongitudeDegrees>
            </Position>
            <AltitudeMeters>1380.0</AltitudeMeters>
            <DistanceMeters>6414.5</DistanceMeters>
            <Extensions>
              <ns3:TPX>
                <ns3:Speed>1.4299999475479126</ns3:Speed>
              </ns3:TPX>
            </Extensions>
          </Trackpoint>
          <Trackpoint>
            <Time>2026-04-13T02:46:55.000Z</Time>
            <Position>
              <LatitudeDegrees>-41.652437187731266</LatitudeDegrees>
              <LongitudeDegrees>145.95857564359903</LongitudeDegrees>
            </Position>
            <AltitudeMeters>1380.199951171875</AltitudeMeters>
            <DistanceMeters>6416.14990234375</DistanceMeters>
            <Extensions>
              <ns3:TPX>
                <ns3:Speed>1.590000033378601</ns3:Speed>
              </ns3:TPX>
            </Extensions>
          </Trackpoint>
          <Trackpoint>
            <Time>2026-04-13T02:46:56.000Z</Time>
            <Position>
              <LatitudeDegrees>-41.65242453105748</LatitudeDegrees>
              <LongitudeDegrees>145.9585766494274</LongitudeDegrees>
            </Position>
            <AltitudeMeters>1380.4000244140625</AltitudeMeters>
            <DistanceMeters>6417.56982421875</DistanceMeters>
            <Extensions>
              <ns3:TPX>
                <ns3:Speed>1.3300000429153442</ns3:Speed>
              </ns3:TPX>
            </Extensions>
          </Trackpoint>
          <Trackpoint>
            <Time>2026-04-13T02:46:57.000Z</Time>
            <Position>
              <LatitudeDegrees>-41.652410281822085</LatitudeDegrees>
              <LongitudeDegrees>145.95857589505613</LongitudeDegrees>
            </Position>
            <AltitudeMeters>1380.5999755859375</AltitudeMeters>
            <DistanceMeters>6419.18017578125</DistanceMeters>
            <Extensions>
              <ns3:TPX>
                <ns3:Speed>1.7899999618530273</ns3:Speed>
              </ns3:TPX>
            </Extensions>
          </Trackpoint>
          <Trackpoint>
            <Time>2026-04-13T02:46:58.000Z</Time>
            <Position>
              <LatitudeDegrees>-41.65239502675831</LatitudeDegrees>
              <LongitudeDegrees>145.95857514068484</LongitudeDegrees>
            </Position>
            <AltitudeMeters>1380.800048828125</AltitudeMeters>
            <DistanceMeters>6420.89990234375</DistanceMeters>
            <Extensions>
              <ns3:TPX>
                <ns3:Speed>1.5800000429153442</ns3:Speed>
              </ns3:TPX>
            </Extensions>
          </Trackpoint>
          <Trackpoint>
            <Time>2026-04-13T02:46:59.000Z</Time>
            <Position>
              <LatitudeDegrees>-41.65238153189421</LatitudeDegrees>
              <LongitudeDegrees>145.95857455395162</LongitudeDegrees>
            </Position>
            <AltitudeMeters>1381.0</AltitudeMeters>
            <DistanceMeters>6422.43017578125</DistanceMeters>
            <Extensions>
              <ns3:TPX>
                <ns3:Speed>1.4600000381469727</ns3:Speed>
              </ns3:TPX>
            </Extensions>
          </Trackpoint>
          <Trackpoint>
            <Time>2026-04-13T02:47:00.000Z</Time>
            <Position>
              <LatitudeDegrees>-41.65236812084913</LatitudeDegrees>
              <LongitudeDegrees>145.95857497304678</LongitudeDegrees>
            </Position>
            <AltitudeMeters>1381.199951171875</AltitudeMeters>
            <DistanceMeters>6423.93994140625</DistanceMeters>
            <Extensions>
              <ns3:TPX>
                <ns3:Speed>1.5700000524520874</ns3:Speed>
              </ns3:TPX>
            </Extensions>
          </Trackpoint>
          <Trackpoint>
            <Time>2026-04-13T02:47:01.000Z</Time>
            <Position>
              <LatitudeDegrees>-41.65235437452793</LatitudeDegrees>
              <LongitudeDegrees>145.9585784934461</LongitudeDegrees>
            </Position>
            <AltitudeMeters>1381.199951171875</AltitudeMeters>
            <DistanceMeters>6425.509765625</DistanceMeters>
            <Extensions>
              <ns3:TPX>
                <ns3:Speed>1.5700000524520874</ns3:Speed>
              </ns3:TPX>
            </Extensions>
          </Trackpoint>
          <Trackpoint>
            <Time>2026-04-13T02:47:02.000Z</Time>
            <Position>
              <LatitudeDegrees>-41.65234347805381</LatitudeDegrees>
              <LongitudeDegrees>145.95858486369252</LongitudeDegrees>
            </Position>
            <AltitudeMeters>1381.4000244140625</AltitudeMeters>
            <DistanceMeters>6426.85986328125</DistanceMeters>
            <Extensions>
              <ns3:TPX>
                <ns3:Speed>1.1699999570846558</ns3:Speed>
              </ns3:TPX>
            </Extensions>
          </Trackpoint>
          <Trackpoint>
            <Time>2026-04-13T02:47:03.000Z</Time>
            <Position>
              <LatitudeDegrees>-41.6523336712271</LatitudeDegrees>
              <LongitudeDegrees>145.95858913846314</LongitudeDegrees>
            </Position>
            <AltitudeMeters>1381.5999755859375</AltitudeMeters>
            <DistanceMeters>6428.02001953125</DistanceMeters>
            <Extensions>
              <ns3:TPX>
                <ns3:Speed>1.159999966621399</ns3:Speed>
              </ns3:TPX>
            </Extensions>
          </Trackpoint>
          <Trackpoint>
            <Time>2026-04-13T02:47:04.000Z</Time>
            <Position>
              <LatitudeDegrees>-41.65232269093394</LatitudeDegrees>
              <LongitudeDegrees>145.95859182067215</LongitudeDegrees>
            </Position>
            <AltitudeMeters>1381.800048828125</AltitudeMeters>
            <DistanceMeters>6429.27978515625</DistanceMeters>
            <Extensions>
              <ns3:TPX>
                <ns3:Speed>1.409999966621399</ns3:Speed>
              </ns3:TPX>
            </Extensions>
          </Trackpoint>
          <Trackpoint>
            <Time>2026-04-13T02:47:05.000Z</Time>
            <Position>
              <LatitudeDegrees>-41.652306681498885</LatitudeDegrees>
              <LongitudeDegrees>145.95859735272825</LongitudeDegrees>
            </Position>
            <AltitudeMeters>1382.0</AltitudeMeters>
            <DistanceMeters>6431.14990234375</DistanceMeters>
            <Extensions>
              <ns3:TPX>
                <ns3:Speed>1.9600000381469727</ns3:Speed>
              </ns3:TPX>
            </Extensions>
          </Trackpoint>
          <Trackpoint>
            <Time>2026-04-13T02:47:07.000Z</Time>
            <Position>
              <LatitudeDegrees>-41.652279272675514</LatitudeDegrees>
              <LongitudeDegrees>145.95860204659402</LongitudeDegrees>
            </Position>
            <AltitudeMeters>1382.5999755859375</AltitudeMeters>
            <DistanceMeters>6434.27001953125</DistanceMeters>
            <Extensions>
              <ns3:TPX>
                <ns3:Speed>1.440000057220459</ns3:Speed>
              </ns3:TPX>
            </Extensions>
          </Trackpoint>
          <Trackpoint>
            <Time>2026-04-13T02:47:08.000Z</Time>
            <Position>
              <LatitudeDegrees>-41.65226586163044</LatitudeDegrees>
              <LongitudeDegrees>145.95859978348017</LongitudeDegrees>
            </Position>
            <AltitudeMeters>1382.800048828125</AltitudeMeters>
            <DistanceMeters>6435.7900390625</DistanceMeters>
            <Extensions>
              <ns3:TPX>
                <ns3:Speed>1.4600000381469727</ns3:Speed>
              </ns3:TPX>
            </Extensions>
          </Trackpoint>
          <Trackpoint>
            <Time>2026-04-13T02:47:09.000Z</Time>
            <Position>
              <LatitudeDegrees>-41.65225077420473</LatitudeDegrees>
              <LongitudeDegrees>145.95860028639436</LongitudeDegrees>
            </Position>
            <AltitudeMeters>1383.0</AltitudeMeters>
            <DistanceMeters>6437.490234375</DistanceMeters>
            <Extensions>
              <ns3:TPX>
                <ns3:Speed>1.7999999523162842</ns3:Speed>
              </ns3:TPX>
            </Extensions>
          </Trackpoint>
          <Trackpoint>
            <Time>2026-04-13T02:47:10.000Z</Time>
            <Position>
              <LatitudeDegrees>-41.652238285169005</LatitudeDegrees>
              <LongitudeDegrees>145.95859894528985</LongitudeDegrees>
            </Position>
            <AltitudeMeters>1383.199951171875</AltitudeMeters>
            <DistanceMeters>6438.89990234375</DistanceMeters>
            <Extensions>
              <ns3:TPX>
                <ns3:Speed>1.25</ns3:Speed>
              </ns3:TPX>
            </Extensions>
          </Trackpoint>
          <Trackpoint>
            <Time>2026-04-13T02:47:11.000Z</Time>
            <Position>
              <LatitudeDegrees>-41.6522266343236</LatitudeDegrees>
              <LongitudeDegrees>145.95859659835696</LongitudeDegrees>
            </Position>
            <AltitudeMeters>1383.4000244140625</AltitudeMeters>
            <DistanceMeters>6440.240234375</DistanceMeters>
            <Extensions>
              <ns3:TPX>
                <ns3:Speed>1.2200000286102295</ns3:Speed>
              </ns3:TPX>
            </Extensions>
          </Trackpoint>
          <Trackpoint>
            <Time>2026-04-13T02:47:12.000Z</Time>
            <Position>
              <LatitudeDegrees>-41.65221204981208</LatitudeDegrees>
              <LongitudeDegrees>145.95859106630087</LongitudeDegrees>
            </Position>
            <AltitudeMeters>1383.5999755859375</AltitudeMeters>
            <DistanceMeters>6441.9501953125</DistanceMeters>
            <Extensions>
              <ns3:TPX>
                <ns3:Speed>1.7400000095367432</ns3:Speed>
              </ns3:TPX>
            </Extensions>
          </Trackpoint>
          <Trackpoint>
            <Time>2026-04-13T02:47:17.000Z</Time>
            <Position>
              <LatitudeDegrees>-41.65215882472694</LatitudeDegrees>
              <LongitudeDegrees>145.9585554432124</LongitudeDegrees>
            </Position>
            <AltitudeMeters>1384.5999755859375</AltitudeMeters>
            <DistanceMeters>6448.64013671875</DistanceMeters>
            <Extensions>
              <ns3:TPX>
                <ns3:Speed>1.3799999952316284</ns3:Speed>
              </ns3:TPX>
            </Extensions>
          </Trackpoint>
          <Trackpoint>
            <Time>2026-04-13T02:47:22.000Z</Time>
            <Position>
              <LatitudeDegrees>-41.65210752747953</LatitudeDegrees>
              <LongitudeDegrees>145.95852225087583</LongitudeDegrees>
            </Position>
            <AltitudeMeters>1385.4000244140625</AltitudeMeters>
            <DistanceMeters>6455.06005859375</DistanceMeters>
            <Extensions>
              <ns3:TPX>
                <ns3:Speed>1.25</ns3:Speed>
              </ns3:TPX>
            </Extensions>
          </Trackpoint>
          <Trackpoint>
            <Time>2026-04-13T02:47:24.000Z</Time>
            <Position>
              <LatitudeDegrees>-41.652096631005406</LatitudeDegrees>
              <LongitudeDegrees>145.95854454673827</LongitudeDegrees>
            </Position>
            <AltitudeMeters>1385.800048828125</AltitudeMeters>
            <DistanceMeters>6457.2900390625</DistanceMeters>
            <Extensions>
              <ns3:TPX>
                <ns3:Speed>1.3700000047683716</ns3:Speed>
              </ns3:TPX>
            </Extensions>
          </Trackpoint>
          <Trackpoint>
            <Time>2026-04-13T02:47:25.000Z</Time>
            <Position>
              <LatitudeDegrees>-41.65209637954831</LatitudeDegrees>
              <LongitudeDegrees>145.95856114290655</LongitudeDegrees>
            </Position>
            <AltitudeMeters>1386.0</AltitudeMeters>
            <DistanceMeters>6458.68017578125</DistanceMeters>
            <Extensions>
              <ns3:TPX>
                <ns3:Speed>1.3899999856948853</ns3:Speed>
              </ns3:TPX>
            </Extensions>
          </Trackpoint>
          <Trackpoint>
            <Time>2026-04-13T02:47:35.000Z</Time>
            <Position>
              <LatitudeDegrees>-41.652061427012086</LatitudeDegrees>
              <LongitudeDegrees>145.95874931663275</LongitudeDegrees>
            </Position>
            <AltitudeMeters>1387.5999755859375</AltitudeMeters>
            <DistanceMeters>6474.919921875</DistanceMeters>
            <Extensions>
              <ns3:TPX>
                <ns3:Speed>1.5199999809265137</ns3:Speed>
              </ns3:TPX>
            </Extensions>
          </Trackpoint>
          <Trackpoint>
            <Time>2026-04-13T02:47:48.000Z</Time>
            <Position>
              <LatitudeDegrees>-41.65201138705015</LatitudeDegrees>
              <LongitudeDegrees>145.95898023806512</LongitudeDegrees>
            </Position>
            <AltitudeMeters>1387.4000244140625</AltitudeMeters>
            <DistanceMeters>6495.0498046875</DistanceMeters>
            <Extensions>
              <ns3:TPX>
                <ns3:Speed>1.5399999618530273</ns3:Speed>
              </ns3:TPX>
            </Extensions>
          </Trackpoint>
          <Trackpoint>
            <Time>2026-04-13T02:47:49.000Z</Time>
            <Position>
              <LatitudeDegrees>-41.65201222524047</LatitudeDegrees>
              <LongitudeDegrees>145.9589991811663</LongitudeDegrees>
            </Position>
            <AltitudeMeters>1387.4000244140625</AltitudeMeters>
            <DistanceMeters>6496.6298828125</DistanceMeters>
            <Extensions>
              <ns3:TPX>
                <ns3:Speed>1.7000000476837158</ns3:Speed>
              </ns3:TPX>
            </Extensions>
          </Trackpoint>
          <Trackpoint>
            <Time>2026-04-13T02:47:50.000Z</Time>
            <Position>
              <LatitudeDegrees>-41.65201365016401</LatitudeDegrees>
              <LongitudeDegrees>145.9590179566294</LongitudeDegrees>
            </Position>
            <AltitudeMeters>1387.4000244140625</AltitudeMeters>
            <DistanceMeters>6498.22021484375</DistanceMeters>
            <Extensions>
              <ns3:TPX>
                <ns3:Speed>1.5399999618530273</ns3:Speed>
              </ns3:TPX>
            </Extensions>
          </Trackpoint>
          <Trackpoint>
            <Time>2026-04-13T02:47:51.000Z</Time>
            <Position>
              <LatitudeDegrees>-41.652013063430786</LatitudeDegrees>
              <LongitudeDegrees>145.9590356424451</LongitudeDegrees>
            </Position>
            <AltitudeMeters>1387.199951171875</AltitudeMeters>
            <DistanceMeters>6499.7001953125</DistanceMeters>
            <Extensions>
              <ns3:TPX>
                <ns3:Speed>1.5399999618530273</ns3:Speed>
              </ns3:TPX>
            </Extensions>
          </Trackpoint>
          <Trackpoint>
            <Time>2026-04-13T02:47:54.000Z</Time>
            <Position>
              <LatitudeDegrees>-41.65200736373663</LatitudeDegrees>
              <LongitudeDegrees>145.95908794552088</LongitudeDegrees>
            </Position>
            <AltitudeMeters>1387.0</AltitudeMeters>
            <DistanceMeters>6504.1298828125</DistanceMeters>
            <Extensions>
              <ns3:TPX>
                <ns3:Speed>1.75</ns3:Speed>
              </ns3:TPX>
            </Extensions>
          </Trackpoint>
          <Trackpoint>
            <Time>2026-04-13T02:47:59.000Z</Time>
            <Position>
              <LatitudeDegrees>-41.65196545422077</LatitudeDegrees>
              <LongitudeDegrees>145.95916765742004</LongitudeDegrees>
            </Position>
            <AltitudeMeters>1386.199951171875</AltitudeMeters>
            <DistanceMeters>6512.31005859375</DistanceMeters>
            <Extensions>
              <ns3:TPX>
                <ns3:Speed>1.7200000286102295</ns3:Speed>
              </ns3:TPX>
            </Extensions>
          </Trackpoint>
          <Trackpoint>
            <Time>2026-04-13T02:48:00.000Z</Time>
            <Position>
              <LatitudeDegrees>-41.651960257440805</LatitudeDegrees>
              <LongitudeDegrees>145.95918701961637</LongitudeDegrees>
            </Position>
            <AltitudeMeters>1386.0</AltitudeMeters>
            <DistanceMeters>6514.02978515625</DistanceMeters>
            <Extensions>
              <ns3:TPX>
                <ns3:Speed>1.5700000524520874</ns3:Speed>
              </ns3:TPX>
            </Extensions>
          </Trackpoint>
          <Trackpoint>
            <Time>2026-04-13T02:48:01.000Z</Time>
            <Position>
              <LatitudeDegrees>-41.65195757523179</LatitudeDegrees>
              <LongitudeDegrees>145.95920437015593</LongitudeDegrees>
            </Position>
            <AltitudeMeters>1386.0</AltitudeMeters>
            <DistanceMeters>6515.52001953125</DistanceMeters>
            <Extensions>
              <ns3:TPX>
                <ns3:Speed>1.4600000381469727</ns3:Speed>
              </ns3:TPX>
            </Extensions>
          </Trackpoint>
          <Trackpoint>
            <Time>2026-04-13T02:48:02.000Z</Time>
            <Position>
              <LatitudeDegrees>-41.65195447392762</LatitudeDegrees>
              <LongitudeDegrees>145.9592201281339</LongitudeDegrees>
            </Position>
            <AltitudeMeters>1385.800048828125</AltitudeMeters>
            <DistanceMeters>6516.89013671875</DistanceMeters>
            <Extensions>
              <ns3:TPX>
                <ns3:Speed>1.25</ns3:Speed>
              </ns3:TPX>
            </Extensions>
          </Trackpoint>
          <Trackpoint>
            <Time>2026-04-13T02:48:03.000Z</Time>
            <Position>
              <LatitudeDegrees>-41.651950199157</LatitudeDegrees>
              <LongitudeDegrees>145.95923722721636</LongitudeDegrees>
            </Position>
            <AltitudeMeters>1385.5999755859375</AltitudeMeters>
            <DistanceMeters>6518.41015625</DistanceMeters>
            <Extensions>
              <ns3:TPX>
                <ns3:Speed>1.4600000381469727</ns3:Speed>
              </ns3:TPX>
            </Extensions>
          </Trackpoint>
          <Trackpoint>
            <Time>2026-04-13T02:48:14.000Z</Time>
            <Position>
              <LatitudeDegrees>-41.65192538872361</LatitudeDegrees>
              <LongitudeDegrees>145.9594625327736</LongitudeDegrees>
            </Position>
            <AltitudeMeters>1384.800048828125</AltitudeMeters>
            <DistanceMeters>6537.47021484375</DistanceMeters>
            <Extensions>
              <ns3:TPX>
                <ns3:Speed>1.6299999952316284</ns3:Speed>
              </ns3:TPX>
            </Extensions>
          </Trackpoint>
          <Trackpoint>
            <Time>2026-04-13T02:48:25.000Z</Time>
            <Position>
              <LatitudeDegrees>-41.65184307843447</LatitudeDegrees>
              <LongitudeDegrees>145.95964886248112</LongitudeDegrees>
            </Position>
            <AltitudeMeters>1383.0</AltitudeMeters>
            <DistanceMeters>6555.6201171875</DistanceMeters>
            <Extensions>
              <ns3:TPX>
                <ns3:Speed>1.659999966621399</ns3:Speed>
              </ns3:TPX>
            </Extensions>
          </Trackpoint>
          <Trackpoint>
            <Time>2026-04-13T02:48:35.000Z</Time>
            <Position>
              <LatitudeDegrees>-41.651756493374705</LatitudeDegrees>
              <LongitudeDegrees>145.95979847945273</LongitudeDegrees>
            </Position>
            <AltitudeMeters>1379.800048828125</AltitudeMeters>
            <DistanceMeters>6571.490234375</DistanceMeters>
            <Extensions>
              <ns3:TPX>
                <ns3:Speed>1.5299999713897705</ns3:Speed>
              </ns3:TPX>
            </Extensions>
          </Trackpoint>
          <Trackpoint>
            <Time>2026-04-13T02:48:38.000Z</Time>
            <Position>
              <LatitudeDegrees>-41.65174534544349</LatitudeDegrees>
              <LongitudeDegrees>145.9598483517766</LongitudeDegrees>
            </Position>
            <AltitudeMeters>1379.0</AltitudeMeters>
            <DistanceMeters>6575.85986328125</DistanceMeters>
            <Extensions>
              <ns3:TPX>
                <ns3:Speed>1.7200000286102295</ns3:Speed>
              </ns3:TPX>
            </Extensions>
          </Trackpoint>
          <Trackpoint>
            <Time>2026-04-13T02:48:39.000Z</Time>
            <Position>
              <LatitudeDegrees>-41.65174995549023</LatitudeDegrees>
              <LongitudeDegrees>145.9598650317639</LongitudeDegrees>
            </Position>
            <AltitudeMeters>1378.800048828125</AltitudeMeters>
            <DistanceMeters>6577.35009765625</DistanceMeters>
            <Extensions>
              <ns3:TPX>
                <ns3:Speed>1.4700000286102295</ns3:Speed>
              </ns3:TPX>
            </Extensions>
          </Trackpoint>
          <Trackpoint>
            <Time>2026-04-13T02:48:50.000Z</Time>
            <Position>
              <LatitudeDegrees>-41.65184115059674</LatitudeDegrees>
              <LongitudeDegrees>145.96003459766507</LongitudeDegrees>
            </Position>
            <AltitudeMeters>1375.800048828125</AltitudeMeters>
            <DistanceMeters>6594.8701171875</DistanceMeters>
            <Extensions>
              <ns3:TPX>
                <ns3:Speed>1.6399999856948853</ns3:Speed>
              </ns3:TPX>
            </Extensions>
          </Trackpoint>
          <Trackpoint>
            <Time>2026-04-13T02:49:00.000Z</Time>
            <Position>
              <LatitudeDegrees>-41.651839977130294</LatitudeDegrees>
              <LongitudeDegrees>145.9602339193225</LongitudeDegrees>
            </Position>
            <AltitudeMeters>1374.199951171875</AltitudeMeters>
            <DistanceMeters>6611.5498046875</DistanceMeters>
            <Extensions>
              <ns3:TPX>
                <ns3:Speed>1.4600000381469727</ns3:Speed>
              </ns3:TPX>
            </Extensions>
          </Trackpoint>
          <Trackpoint>
            <Time>2026-04-13T02:49:01.000Z</Time>
            <Position>
              <LatitudeDegrees>-41.651831762865186</LatitudeDegrees>
              <LongitudeDegrees>145.9602529462427</LongitudeDegrees>
            </Position>
            <AltitudeMeters>1374.199951171875</AltitudeMeters>
            <DistanceMeters>6613.39990234375</DistanceMeters>
            <Extensions>
              <ns3:TPX>
                <ns3:Speed>1.899999976158142</ns3:Speed>
              </ns3:TPX>
            </Extensions>
          </Trackpoint>
          <Trackpoint>
            <Time>2026-04-13T02:49:02.000Z</Time>
            <Position>
              <LatitudeDegrees>-41.651825979352</LatitudeDegrees>
              <LongitudeDegrees>145.96027348190546</LongitudeDegrees>
            </Position>
            <AltitudeMeters>1374.0</AltitudeMeters>
            <DistanceMeters>6615.240234375</DistanceMeters>
            <Extensions>
              <ns3:TPX>
                <ns3:Speed>1.6100000143051147</ns3:Speed>
              </ns3:TPX>
            </Extensions>
          </Trackpoint>
          <Trackpoint>
            <Time>2026-04-13T02:49:13.000Z</Time>
            <Position>
              <LatitudeDegrees>-41.65176931768656</LatitudeDegrees>
              <LongitudeDegrees>145.96047942526639</LongitudeDegrees>
            </Position>
            <AltitudeMeters>1373.5999755859375</AltitudeMeters>
            <DistanceMeters>6633.6298828125</DistanceMeters>
            <Extensions>
              <ns3:TPX>
                <ns3:Speed>1.690000057220459</ns3:Speed>
              </ns3:TPX>
            </Extensions>
          </Trackpoint>
          <Trackpoint>
            <Time>2026-04-13T02:49:18.000Z</Time>
            <Position>
              <LatitudeDegrees>-41.651751128956676</LatitudeDegrees>
              <LongitudeDegrees>145.9605753980577</LongitudeDegrees>
            </Position>
            <AltitudeMeters>1373.4000244140625</AltitudeMeters>
            <DistanceMeters>6641.919921875</DistanceMeters>
            <Extensions>
              <ns3:TPX>
                <ns3:Speed>1.6399999856948853</ns3:Speed>
              </ns3:TPX>
            </Extensions>
          </Trackpoint>
          <Trackpoint>
            <Time>2026-04-13T02:49:19.000Z</Time>
            <Position>
              <LatitudeDegrees>-41.65174392051995</LatitudeDegrees>
              <LongitudeDegrees>145.96059216186404</LongitudeDegrees>
            </Position>
            <AltitudeMeters>1373.0</AltitudeMeters>
            <DistanceMeters>6643.5400390625</DistanceMeters>
            <Extensions>
              <ns3:TPX>
                <ns3:Speed>1.5800000429153442</ns3:Speed>
              </ns3:TPX>
            </Extensions>
          </Trackpoint>
          <Trackpoint>
            <Time>2026-04-13T02:49:26.000Z</Time>
            <Position>
              <LatitudeDegrees>-41.65166965685785</LatitudeDegrees>
              <LongitudeDegrees>145.96066692844033</LongitudeDegrees>
            </Position>
            <AltitudeMeters>1372.4000244140625</AltitudeMeters>
            <DistanceMeters>6653.990234375</DistanceMeters>
            <Extensions>
              <ns3:TPX>
                <ns3:Speed>1.5499999523162842</ns3:Speed>
              </ns3:TPX>
            </Extensions>
          </Trackpoint>
          <Trackpoint>
            <Time>2026-04-13T02:49:27.000Z</Time>
            <Position>
              <LatitudeDegrees>-41.651656245812774</LatitudeDegrees>
              <LongitudeDegrees>145.9606716223061</LongitudeDegrees>
            </Position>
            <AltitudeMeters>1372.4000244140625</AltitudeMeters>
            <DistanceMeters>6655.56005859375</DistanceMeters>
            <Extensions>
              <ns3:TPX>
                <ns3:Speed>1.559999942779541</ns3:Speed>
              </ns3:TPX>
            </Extensions>
          </Trackpoint>
          <Trackpoint>
            <Time>2026-04-13T02:49:28.000Z</Time>
            <Position>
              <LatitudeDegrees>-41.651643672958016</LatitudeDegrees>
              <LongitudeDegrees>145.96067748963833</LongitudeDegrees>
            </Position>
            <AltitudeMeters>1372.4000244140625</AltitudeMeters>
            <DistanceMeters>6657.06005859375</DistanceMeters>
            <Extensions>
              <ns3:TPX>
                <ns3:Speed>1.4700000286102295</ns3:Speed>
              </ns3:TPX>
            </Extensions>
          </Trackpoint>
          <Trackpoint>
            <Time>2026-04-13T02:49:29.000Z</Time>
            <Position>
              <LatitudeDegrees>-41.65163168683648</LatitudeDegrees>
              <LongitudeDegrees>145.96068092621863</LongitudeDegrees>
            </Position>
            <AltitudeMeters>1372.4000244140625</AltitudeMeters>
            <DistanceMeters>6658.4501953125</DistanceMeters>
            <Extensions>
              <ns3:TPX>
                <ns3:Speed>1.4700000286102295</ns3:Speed>
              </ns3:TPX>
            </Extensions>
          </Trackpoint>
          <Trackpoint>
            <Time>2026-04-13T02:49:30.000Z</Time>
            <Position>
              <LatitudeDegrees>-41.65161827579141</LatitudeDegrees>
              <LongitudeDegrees>145.96068763174117</LongitudeDegrees>
            </Position>
            <AltitudeMeters>1372.4000244140625</AltitudeMeters>
            <DistanceMeters>6660.06005859375</DistanceMeters>
            <Extensions>
              <ns3:TPX>
                <ns3:Speed>1.6699999570846558</ns3:Speed>
              </ns3:TPX>
            </Extensions>
          </Trackpoint>
          <Trackpoint>
            <Time>2026-04-13T02:49:31.000Z</Time>
            <Position>
              <LatitudeDegrees>-41.651606038212776</LatitudeDegrees>
              <LongitudeDegrees>145.9606985282153</LongitudeDegrees>
            </Position>
            <AltitudeMeters>1372.199951171875</AltitudeMeters>
            <DistanceMeters>6661.72021484375</DistanceMeters>
            <Extensions>
              <ns3:TPX>
                <ns3:Speed>1.590000033378601</ns3:Speed>
              </ns3:TPX>
            </Extensions>
          </Trackpoint>
          <Trackpoint>
            <Time>2026-04-13T02:49:32.000Z</Time>
            <Position>
              <LatitudeDegrees>-41.65159589610994</LatitudeDegrees>
              <LongitudeDegrees>145.9607096761465</LongitudeDegrees>
            </Position>
            <AltitudeMeters>1372.199951171875</AltitudeMeters>
            <DistanceMeters>6663.2001953125</DistanceMeters>
            <Extensions>
              <ns3:TPX>
                <ns3:Speed>1.399999976158142</ns3:Speed>
              </ns3:TPX>
            </Extensions>
          </Trackpoint>
          <Trackpoint>
            <Time>2026-04-13T02:49:43.000Z</Time>
            <Position>
              <LatitudeDegrees>-41.651494558900595</LatitudeDegrees>
              <LongitudeDegrees>145.96084537915885</LongitudeDegrees>
            </Position>
            <AltitudeMeters>1371.4000244140625</AltitudeMeters>
            <DistanceMeters>6679.31005859375</DistanceMeters>
            <Extensions>
              <ns3:TPX>
                <ns3:Speed>1.8899999856948853</ns3:Speed>
              </ns3:TPX>
            </Extensions>
          </Trackpoint>
          <Trackpoint>
            <Time>2026-04-13T02:49:44.000Z</Time>
            <Position>
              <LatitudeDegrees>-41.65148466825485</LatitudeDegrees>
              <LongitudeDegrees>145.96086407080293</LongitudeDegrees>
            </Position>
            <AltitudeMeters>1371.199951171875</AltitudeMeters>
            <DistanceMeters>6681.22998046875</DistanceMeters>
            <Extensions>
              <ns3:TPX>
                <ns3:Speed>1.940000057220459</ns3:Speed>
              </ns3:TPX>
            </Extensions>
          </Trackpoint>
          <Trackpoint>
            <Time>2026-04-13T02:49:45.000Z</Time>
            <Position>
              <LatitudeDegrees>-41.65147486142814</LatitudeDegrees>
              <LongitudeDegrees>145.96088125370443</LongitudeDegrees>
            </Position>
            <AltitudeMeters>1370.800048828125</AltitudeMeters>
            <DistanceMeters>6683.0498046875</DistanceMeters>
            <Extensions>
              <ns3:TPX>
                <ns3:Speed>1.4600000381469727</ns3:Speed>
              </ns3:TPX>
            </Extensions>
          </Trackpoint>
          <Trackpoint>
            <Time>2026-04-13T02:49:46.000Z</Time>
            <Position>
              <LatitudeDegrees>-41.65146731771529</LatitudeDegrees>
              <LongitudeDegrees>145.96089768223464</LongitudeDegrees>
            </Position>
            <AltitudeMeters>1370.5999755859375</AltitudeMeters>
            <DistanceMeters>6684.669921875</DistanceMeters>
            <Extensions>
              <ns3:TPX>
                <ns3:Speed>1.5199999809265137</ns3:Speed>
              </ns3:TPX>
            </Extensions>
          </Trackpoint>
          <Trackpoint>
            <Time>2026-04-13T02:49:47.000Z</Time>
            <Position>
              <LatitudeDegrees>-41.65146077983081</LatitudeDegrees>
              <LongitudeDegrees>145.96091561950743</LongitudeDegrees>
            </Position>
            <AltitudeMeters>1370.4000244140625</AltitudeMeters>
            <DistanceMeters>6686.33984375</DistanceMeters>
            <Extensions>
              <ns3:TPX>
                <ns3:Speed>1.5499999523162842</ns3:Speed>
              </ns3:TPX>
            </Extensions>
          </Trackpoint>
          <Trackpoint>
            <Time>2026-04-13T02:49:48.000Z</Time>
            <Position>
              <LatitudeDegrees>-41.651454493403435</LatitudeDegrees>
              <LongitudeDegrees>145.96093364059925</LongitudeDegrees>
            </Position>
            <AltitudeMeters>1370.199951171875</AltitudeMeters>
            <DistanceMeters>6688.009765625</DistanceMeters>
            <Extensions>
              <ns3:TPX>
                <ns3:Speed>1.5299999713897705</ns3:Speed>
              </ns3:TPX>
            </Extensions>
          </Trackpoint>
          <Trackpoint>
            <Time>2026-04-13T02:49:49.000Z</Time>
            <Position>
              <LatitudeDegrees>-41.65144745260477</LatitudeDegrees>
              <LongitudeDegrees>145.96094747073948</LongitudeDegrees>
            </Position>
            <AltitudeMeters>1369.800048828125</AltitudeMeters>
            <DistanceMeters>6689.419921875</DistanceMeters>
            <Extensions>
              <ns3:TPX>
                <ns3:Speed>1.4199999570846558</ns3:Speed>
              </ns3:TPX>
            </Extensions>
          </Trackpoint>
          <Trackpoint>
            <Time>2026-04-13T02:49:50.000Z</Time>
            <Position>
              <LatitudeDegrees>-41.65143948979676</LatitudeDegrees>
              <LongitudeDegrees>145.96096264198422</LongitudeDegrees>
            </Position>
            <AltitudeMeters>1369.5999755859375</AltitudeMeters>
            <DistanceMeters>6690.990234375</DistanceMeters>
            <Extensions>
              <ns3:TPX>
                <ns3:Speed>1.6299999952316284</ns3:Speed>
              </ns3:TPX>
            </Extensions>
          </Trackpoint>
          <Trackpoint>
            <Time>2026-04-13T02:50:00.000Z</Time>
            <Position>
              <LatitudeDegrees>-41.65139716118574</LatitudeDegrees>
              <LongitudeDegrees>145.96113136969507</LongitudeDegrees>
            </Position>
            <AltitudeMeters>1368.5999755859375</AltitudeMeters>
            <DistanceMeters>6705.89990234375</DistanceMeters>
            <Extensions>
              <ns3:TPX>
                <ns3:Speed>1.3700000047683716</ns3:Speed>
              </ns3:TPX>
            </Extensions>
          </Trackpoint>
          <Trackpoint>
            <Time>2026-04-13T02:50:10.000Z</Time>
            <Position>
              <LatitudeDegrees>-41.651316694915295</LatitudeDegrees>
              <LongitudeDegrees>145.96129196695983</LongitudeDegrees>
            </Position>
            <AltitudeMeters>1369.0</AltitudeMeters>
            <DistanceMeters>6722.1201171875</DistanceMeters>
            <Extensions>
              <ns3:TPX>
                <ns3:Speed>1.559999942779541</ns3:Speed>
              </ns3:TPX>
            </Extensions>
          </Trackpoint>
          <Trackpoint>
            <Time>2026-04-13T02:50:12.000Z</Time>
            <Position>
              <LatitudeDegrees>-41.651297667995095</LatitudeDegrees>
              <LongitudeDegrees>145.96131979487836</LongitudeDegrees>
            </Position>
            <AltitudeMeters>1369.199951171875</AltitudeMeters>
            <DistanceMeters>6725.2900390625</DistanceMeters>
            <Extensions>
              <ns3:TPX>
                <ns3:Speed>1.4199999570846558</ns3:Speed>
              </ns3:TPX>
            </Extensions>
          </Trackpoint>
          <Trackpoint>
            <Time>2026-04-13T02:50:13.000Z</Time>
            <Position>
              <LatitudeDegrees>-41.65129146538675</LatitudeDegrees>
              <LongitudeDegrees>145.9613349661231</LongitudeDegrees>
            </Position>
            <AltitudeMeters>1369.199951171875</AltitudeMeters>
            <DistanceMeters>6726.75</DistanceMeters>
            <Extensions>
              <ns3:TPX>
                <ns3:Speed>1.5</ns3:Speed>
              </ns3:TPX>
            </Extensions>
          </Trackpoint>
          <Trackpoint>
            <Time>2026-04-13T02:50:14.000Z</Time>
            <Position>
              <LatitudeDegrees>-41.65128216147423</LatitudeDegrees>
              <LongitudeDegrees>145.9613489639014</LongitudeDegrees>
            </Position>
            <AltitudeMeters>1369.199951171875</AltitudeMeters>
            <DistanceMeters>6728.31982421875</DistanceMeters>
            <Extensions>
              <ns3:TPX>
                <ns3:Speed>1.5499999523162842</ns3:Speed>
              </ns3:TPX>
            </Extensions>
          </Trackpoint>
          <Trackpoint>
            <Time>2026-04-13T02:50:22.000Z</Time>
            <Position>
              <LatitudeDegrees>-41.65120848454535</LatitudeDegrees>
              <LongitudeDegrees>145.96144535578787</LongitudeDegrees>
            </Position>
            <AltitudeMeters>1369.5999755859375</AltitudeMeters>
            <DistanceMeters>6739.89013671875</DistanceMeters>
            <Extensions>
              <ns3:TPX>
                <ns3:Speed>1.4500000476837158</ns3:Speed>
              </ns3:TPX>
            </Extensions>
          </Trackpoint>
          <Trackpoint>
            <Time>2026-04-13T02:50:23.000Z</Time>
            <Position>
              <LatitudeDegrees>-41.651195492595434</LatitudeDegrees>
              <LongitudeDegrees>145.96144326031208</LongitudeDegrees>
            </Position>
            <AltitudeMeters>1369.5999755859375</AltitudeMeters>
            <DistanceMeters>6741.3701171875</DistanceMeters>
            <Extensions>
              <ns3:TPX>
                <ns3:Speed>1.440000057220459</ns3:Speed>
              </ns3:TPX>
            </Extensions>
          </Trackpoint>
          <Trackpoint>
            <Time>2026-04-13T02:50:24.000Z</Time>
            <Position>
              <LatitudeDegrees>-41.65118216536939</LatitudeDegrees>
              <LongitudeDegrees>145.9614393208176</LongitudeDegrees>
            </Position>
            <AltitudeMeters>1369.800048828125</AltitudeMeters>
            <DistanceMeters>6742.91015625</DistanceMeters>
            <Extensions>
              <ns3:TPX>
                <ns3:Speed>1.600000023841858</ns3:Speed>
              </ns3:TPX>
            </Extensions>
          </Trackpoint>
          <Trackpoint>
            <Time>2026-04-13T02:50:25.000Z</Time>
            <Position>
              <LatitudeDegrees>-41.65116783231497</LatitudeDegrees>
              <LongitudeDegrees>145.9614374767989</LongitudeDegrees>
            </Position>
            <AltitudeMeters>1370.0</AltitudeMeters>
            <DistanceMeters>6744.52978515625</DistanceMeters>
            <Extensions>
              <ns3:TPX>
                <ns3:Speed>1.5499999523162842</ns3:Speed>
              </ns3:TPX>
            </Extensions>
          </Trackpoint>
          <Trackpoint>
            <Time>2026-04-13T02:50:26.000Z</Time>
            <Position>
              <LatitudeDegrees>-41.65115375071764</LatitudeDegrees>
              <LongitudeDegrees>145.9614356327802</LongitudeDegrees>
            </Position>
            <AltitudeMeters>1370.199951171875</AltitudeMeters>
            <DistanceMeters>6746.1298828125</DistanceMeters>
            <Extensions>
              <ns3:TPX>
                <ns3:Speed>1.5700000524520874</ns3:Speed>
              </ns3:TPX>
            </Extensions>
          </Trackpoint>
          <Trackpoint>
            <Time>2026-04-13T02:50:27.000Z</Time>
            <Position>
              <LatitudeDegrees>-41.651141261681914</LatitudeDegrees>
              <LongitudeDegrees>145.9614303521812</LongitudeDegrees>
            </Position>
            <AltitudeMeters>1370.4000244140625</AltitudeMeters>
            <DistanceMeters>6747.60009765625</DistanceMeters>
            <Extensions>
              <ns3:TPX>
                <ns3:Speed>1.3300000429153442</ns3:Speed>
              </ns3:TPX>
            </Extensions>
          </Trackpoint>
          <Trackpoint>
            <Time>2026-04-13T02:50:28.000Z</Time>
            <Position>
              <LatitudeDegrees>-41.65112935937941</LatitudeDegrees>
              <LongitudeDegrees>145.9614229761064</LongitudeDegrees>
            </Position>
            <AltitudeMeters>1370.4000244140625</AltitudeMeters>
            <DistanceMeters>6749.06982421875</DistanceMeters>
            <Extensions>
              <ns3:TPX>
                <ns3:Speed>1.5299999713897705</ns3:Speed>
              </ns3:TPX>
            </Extensions>
          </Trackpoint>
          <Trackpoint>
            <Time>2026-04-13T02:50:29.000Z</Time>
            <Position>
              <LatitudeDegrees>-41.651117373257875</LatitudeDegrees>
              <LongitudeDegrees>145.96141283400357</LongitudeDegrees>
            </Position>
            <AltitudeMeters>1370.5999755859375</AltitudeMeters>
            <DistanceMeters>6750.669921875</DistanceMeters>
            <Extensions>
              <ns3:TPX>
                <ns3:Speed>1.5299999713897705</ns3:Speed>
              </ns3:TPX>
            </Extensions>
          </Trackpoint>
          <Trackpoint>
            <Time>2026-04-13T02:50:39.000Z</Time>
            <Position>
              <LatitudeDegrees>-41.651012348011136</LatitudeDegrees>
              <LongitudeDegrees>145.96131627447903</LongitudeDegrees>
            </Position>
            <AltitudeMeters>1371.4000244140625</AltitudeMeters>
            <DistanceMeters>6764.990234375</DistanceMeters>
            <Extensions>
              <ns3:TPX>
                <ns3:Speed>1.2599999904632568</ns3:Speed>
              </ns3:TPX>
            </Extensions>
          </Trackpoint>
          <Trackpoint>
            <Time>2026-04-13T02:50:51.000Z</Time>
            <Position>
              <LatitudeDegrees>-41.65093883872032</LatitudeDegrees>
              <LongitudeDegrees>145.96111443825066</LongitudeDegrees>
            </Position>
            <AltitudeMeters>1372.199951171875</AltitudeMeters>
            <DistanceMeters>6783.7998046875</DistanceMeters>
            <Extensions>
              <ns3:TPX>
                <ns3:Speed>1.5299999713897705</ns3:Speed>
              </ns3:TPX>
            </Extensions>
          </Trackpoint>
          <Trackpoint>
            <Time>2026-04-13T02:50:59.000Z</Time>
            <Position>
              <LatitudeDegrees>-41.65085753425956</LatitudeDegrees>
              <LongitudeDegrees>145.96100966446102</LongitudeDegrees>
            </Position>
            <AltitudeMeters>1372.199951171875</AltitudeMeters>
            <DistanceMeters>6796.47998046875</DistanceMeters>
            <Extensions>
              <ns3:TPX>
                <ns3:Speed>1.4900000095367432</ns3:Speed>
              </ns3:TPX>
            </Extensions>
          </Trackpoint>
          <Trackpoint>
            <Time>2026-04-13T02:51:02.000Z</Time>
            <Position>
              <LatitudeDegrees>-41.650823252275586</LatitudeDegrees>
              <LongitudeDegrees>145.96098644658923</LongitudeDegrees>
            </Position>
            <AltitudeMeters>1372.5999755859375</AltitudeMeters>
            <DistanceMeters>6800.7998046875</DistanceMeters>
            <Extensions>
              <ns3:TPX>
                <ns3:Speed>1.0700000524520874</ns3:Speed>
              </ns3:TPX>
            </Extensions>
          </Trackpoint>
          <Trackpoint>
            <Time>2026-04-13T02:51:12.000Z</Time>
            <Position>
              <LatitudeDegrees>-41.65070364251733</LatitudeDegrees>
              <LongitudeDegrees>145.96091302111745</LongitudeDegrees>
            </Position>
            <AltitudeMeters>1374.0</AltitudeMeters>
            <DistanceMeters>6815.60986328125</DistanceMeters>
            <Extensions>
              <ns3:TPX>
                <ns3:Speed>1.3799999952316284</ns3:Speed>
              </ns3:TPX>
            </Extensions>
          </Trackpoint>
          <Trackpoint>
            <Time>2026-04-13T02:51:14.000Z</Time>
            <Position>
              <LatitudeDegrees>-41.650676652789116</LatitudeDegrees>
              <LongitudeDegrees>145.96090765669942</LongitudeDegrees>
            </Position>
            <AltitudeMeters>1374.199951171875</AltitudeMeters>
            <DistanceMeters>6818.68994140625</DistanceMeters>
            <Extensions>
              <ns3:TPX>
                <ns3:Speed>1.3899999856948853</ns3:Speed>
              </ns3:TPX>
            </Extensions>
          </Trackpoint>
          <Trackpoint>
            <Time>2026-04-13T02:51:16.000Z</Time>
            <Position>
              <LatitudeDegrees>-41.65065326727927</LatitudeDegrees>
              <LongitudeDegrees>145.96090304665267</LongitudeDegrees>
            </Position>
            <AltitudeMeters>1374.4000244140625</AltitudeMeters>
            <DistanceMeters>6821.35986328125</DistanceMeters>
            <Extensions>
              <ns3:TPX>
                <ns3:Speed>1.6699999570846558</ns3:Speed>
              </ns3:TPX>
            </Extensions>
          </Trackpoint>
          <Trackpoint>
            <Time>2026-04-13T02:51:21.000Z</Time>
            <Position>
              <LatitudeDegrees>-41.65059333667159</LatitudeDegrees>
              <LongitudeDegrees>145.96089692786336</LongitudeDegrees>
            </Position>
            <AltitudeMeters>1375.0</AltitudeMeters>
            <DistanceMeters>6828.1298828125</DistanceMeters>
            <Extensions>
              <ns3:TPX>
                <ns3:Speed>1.2400000095367432</ns3:Speed>
              </ns3:TPX>
            </Extensions>
          </Trackpoint>
          <Trackpoint>
            <Time>2026-04-13T02:51:31.000Z</Time>
            <Position>
              <LatitudeDegrees>-41.650510439649224</LatitudeDegrees>
              <LongitudeDegrees>145.9610154479742</LongitudeDegrees>
            </Position>
            <AltitudeMeters>1376.199951171875</AltitudeMeters>
            <DistanceMeters>6841.759765625</DistanceMeters>
            <Extensions>
              <ns3:TPX>
                <ns3:Speed>1.5700000524520874</ns3:Speed>
              </ns3:TPX>
            </Extensions>
          </Trackpoint>
          <Trackpoint>
            <Time>2026-04-13T02:51:32.000Z</Time>
            <Position>
              <LatitudeDegrees>-41.650512367486954</LatitudeDegrees>
              <LongitudeDegrees>145.96103187650442</LongitudeDegrees>
            </Position>
            <AltitudeMeters>1376.199951171875</AltitudeMeters>
            <DistanceMeters>6843.14990234375</DistanceMeters>
            <Extensions>
              <ns3:TPX>
                <ns3:Speed>0.9700000286102295</ns3:Speed>
              </ns3:TPX>
            </Extensions>
          </Trackpoint>
          <Trackpoint>
            <Time>2026-04-13T02:51:37.000Z</Time>
            <Position>
              <LatitudeDegrees>-41.65047473274171</LatitudeDegrees>
              <LongitudeDegrees>145.96108694560826</LongitudeDegrees>
            </Position>
            <AltitudeMeters>1376.4000244140625</AltitudeMeters>
            <DistanceMeters>6849.419921875</DistanceMeters>
            <Extensions>
              <ns3:TPX>
                <ns3:Speed>1.2200000286102295</ns3:Speed>
              </ns3:TPX>
            </Extensions>
          </Trackpoint>
          <Trackpoint>
            <Time>2026-04-13T02:51:50.000Z</Time>
            <Position>
              <LatitudeDegrees>-41.65039644576609</LatitudeDegrees>
              <LongitudeDegrees>145.9611887857318</LongitudeDegrees>
            </Position>
            <AltitudeMeters>1376.800048828125</AltitudeMeters>
            <DistanceMeters>6861.68994140625</DistanceMeters>
            <Extensions>
              <ns3:TPX>
                <ns3:Speed>0.38999998569488525</ns3:Speed>
              </ns3:TPX>
            </Extensions>
          </Trackpoint>
          <Trackpoint>
            <Time>2026-04-13T02:52:05.000Z</Time>
            <Position>
              <LatitudeDegrees>-41.65037817321718</LatitudeDegrees>
              <LongitudeDegrees>145.96117705106735</LongitudeDegrees>
            </Position>
            <AltitudeMeters>1376.800048828125</AltitudeMeters>
            <DistanceMeters>6863.97998046875</DistanceMeters>
            <Extensions>
              <ns3:TPX>
                <ns3:Speed>0.18000000715255737</ns3:Speed>
              </ns3:TPX>
            </Extensions>
          </Trackpoint>
          <Trackpoint>
            <Time>2026-04-13T02:52:17.000Z</Time>
            <Position>
              <LatitudeDegrees>-41.65042947046459</LatitudeDegrees>
              <LongitudeDegrees>145.96118886955082</LongitudeDegrees>
            </Position>
            <AltitudeMeters>1376.4000244140625</AltitudeMeters>
            <DistanceMeters>6869.830078125</DistanceMeters>
            <Extensions>
              <ns3:TPX>
                <ns3:Speed>0.550000011920929</ns3:Speed>
              </ns3:TPX>
            </Extensions>
          </Trackpoint>
          <Trackpoint>
            <Time>2026-04-13T02:52:28.000Z</Time>
            <Position>
              <LatitudeDegrees>-41.65045344270766</LatitudeDegrees>
              <LongitudeDegrees>145.96127905882895</LongitudeDegrees>
            </Position>
            <AltitudeMeters>1375.800048828125</AltitudeMeters>
            <DistanceMeters>6877.85009765625</DistanceMeters>
            <Extensions>
              <ns3:TPX>
                <ns3:Speed>1.1100000143051147</ns3:Speed>
              </ns3:TPX>
            </Extensions>
          </Trackpoint>
          <Trackpoint>
            <Time>2026-04-13T02:52:41.000Z</Time>
            <Position>
              <LatitudeDegrees>-41.65039988234639</LatitudeDegrees>
              <LongitudeDegrees>145.96143898554146</LongitudeDegrees>
            </Position>
            <AltitudeMeters>1376.199951171875</AltitudeMeters>
            <DistanceMeters>6892.52978515625</DistanceMeters>
            <Extensions>
              <ns3:TPX>
                <ns3:Speed>0.6299999952316284</ns3:Speed>
              </ns3:TPX>
            </Extensions>
          </Trackpoint>
          <Trackpoint>
            <Time>2026-04-13T02:52:55.000Z</Time>
            <Position>
              <LatitudeDegrees>-41.650338945910335</LatitudeDegrees>
              <LongitudeDegrees>145.9615123271942</LongitudeDegrees>
            </Position>
            <AltitudeMeters>1376.4000244140625</AltitudeMeters>
            <DistanceMeters>6901.740234375</DistanceMeters>
            <Extensions>
              <ns3:TPX>
                <ns3:Speed>0.8299999833106995</ns3:Speed>
              </ns3:TPX>
            </Extensions>
          </Trackpoint>
          <Trackpoint>
            <Time>2026-04-13T02:53:11.000Z</Time>
            <Position>
              <LatitudeDegrees>-41.65033592842519</LatitudeDegrees>
              <LongitudeDegrees>145.96149816177785</LongitudeDegrees>
            </Position>
            <AltitudeMeters>1376.0</AltitudeMeters>
            <DistanceMeters>6902.97021484375</DistanceMeters>
            <Extensions>
              <ns3:TPX>
                <ns3:Speed>0.44999998807907104</ns3:Speed>
              </ns3:TPX>
            </Extensions>
          </Trackpoint>
          <Trackpoint>
            <Time>2026-04-13T02:53:29.000Z</Time>
            <Position>
              <LatitudeDegrees>-41.65038513019681</LatitudeDegrees>
              <LongitudeDegrees>145.96156337298453</LongitudeDegrees>
            </Position>
            <AltitudeMeters>1376.4000244140625</AltitudeMeters>
            <DistanceMeters>6910.75</DistanceMeters>
            <Extensions>
              <ns3:TPX>
                <ns3:Speed>0.6000000238418579</ns3:Speed>
              </ns3:TPX>
            </Extensions>
          </Trackpoint>
          <Trackpoint>
            <Time>2026-04-13T02:53:55.000Z</Time>
            <Position>
              <LatitudeDegrees>-41.65017147548497</LatitudeDegrees>
              <LongitudeDegrees>145.96142406575382</LongitudeDegrees>
            </Position>
            <AltitudeMeters>1376.199951171875</AltitudeMeters>
            <DistanceMeters>6937.47998046875</DistanceMeters>
            <Extensions>
              <ns3:TPX>
                <ns3:Speed>1.3799999952316284</ns3:Speed>
              </ns3:TPX>
            </Extensions>
          </Trackpoint>
          <Trackpoint>
            <Time>2026-04-13T02:53:57.000Z</Time>
            <Position>
              <LatitudeDegrees>-41.65015513077378</LatitudeDegrees>
              <LongitudeDegrees>145.96142079681158</LongitudeDegrees>
            </Position>
            <AltitudeMeters>1376.199951171875</AltitudeMeters>
            <DistanceMeters>6939.35009765625</DistanceMeters>
            <Extensions>
              <ns3:TPX>
                <ns3:Speed>1.100000023841858</ns3:Speed>
              </ns3:TPX>
            </Extensions>
          </Trackpoint>
          <Trackpoint>
            <Time>2026-04-13T02:54:01.000Z</Time>
            <Position>
              <LatitudeDegrees>-41.65010383352637</LatitudeDegrees>
              <LongitudeDegrees>145.9614250715822</LongitudeDegrees>
            </Position>
            <AltitudeMeters>1376.199951171875</AltitudeMeters>
            <DistanceMeters>6945.1298828125</DistanceMeters>
            <Extensions>
              <ns3:TPX>
                <ns3:Speed>1.690000057220459</ns3:Speed>
              </ns3:TPX>
            </Extensions>
          </Trackpoint>
          <Trackpoint>
            <Time>2026-04-13T02:54:19.000Z</Time>
            <Position>
              <LatitudeDegrees>-41.64988087490201</LatitudeDegrees>
              <LongitudeDegrees>145.9614848345518</LongitudeDegrees>
            </Position>
            <AltitudeMeters>1375.4000244140625</AltitudeMeters>
            <DistanceMeters>6970.72998046875</DistanceMeters>
            <Extensions>
              <ns3:TPX>
                <ns3:Speed>1.2999999523162842</ns3:Speed>
              </ns3:TPX>
            </Extensions>
          </Trackpoint>
          <Trackpoint>
            <Time>2026-04-13T02:54:31.000Z</Time>
            <Position>
              <LatitudeDegrees>-41.649740394204855</LatitudeDegrees>
              <LongitudeDegrees>145.9615458548069</LongitudeDegrees>
            </Position>
            <AltitudeMeters>1374.0</AltitudeMeters>
            <DistanceMeters>6987.35986328125</DistanceMeters>
            <Extensions>
              <ns3:TPX>
                <ns3:Speed>1.3899999856948853</ns3:Speed>
              </ns3:TPX>
            </Extensions>
          </Trackpoint>
          <Trackpoint>
            <Time>2026-04-13T02:54:43.000Z</Time>
            <Position>
              <LatitudeDegrees>-41.64960812777281</LatitudeDegrees>
              <LongitudeDegrees>145.96163788810372</LongitudeDegrees>
            </Position>
            <AltitudeMeters>1373.199951171875</AltitudeMeters>
            <DistanceMeters>7004.1298828125</DistanceMeters>
            <Extensions>
              <ns3:TPX>
                <ns3:Speed>1.340000033378601</ns3:Speed>
              </ns3:TPX>
            </Extensions>
          </Trackpoint>
          <Trackpoint>
            <Time>2026-04-13T02:54:49.000Z</Time>
            <Position>
              <LatitudeDegrees>-41.649537635967135</LatitudeDegrees>
              <LongitudeDegrees>145.9616661351174</LongitudeDegrees>
            </Position>
            <AltitudeMeters>1373.0</AltitudeMeters>
            <DistanceMeters>7012.41015625</DistanceMeters>
            <Extensions>
              <ns3:TPX>
                <ns3:Speed>1.5499999523162842</ns3:Speed>
              </ns3:TPX>
            </Extensions>
          </Trackpoint>
          <Trackpoint>
            <Time>2026-04-13T02:54:50.000Z</Time>
            <Position>
              <LatitudeDegrees>-41.64952573366463</LatitudeDegrees>
              <LongitudeDegrees>145.9616719186306</LongitudeDegrees>
            </Position>
            <AltitudeMeters>1373.0</AltitudeMeters>
            <DistanceMeters>7013.83984375</DistanceMeters>
            <Extensions>
              <ns3:TPX>
                <ns3:Speed>1.3899999856948853</ns3:Speed>
              </ns3:TPX>
            </Extensions>
          </Trackpoint>
          <Trackpoint>
            <Time>2026-04-13T02:54:51.000Z</Time>
            <Position>
              <LatitudeDegrees>-41.649512657895684</LatitudeDegrees>
              <LongitudeDegrees>145.96167267300189</LongitudeDegrees>
            </Position>
            <AltitudeMeters>1373.0</AltitudeMeters>
            <DistanceMeters>7015.31982421875</DistanceMeters>
            <Extensions>
              <ns3:TPX>
                <ns3:Speed>1.5700000524520874</ns3:Speed>
              </ns3:TPX>
            </Extensions>
          </Trackpoint>
          <Trackpoint>
            <Time>2026-04-13T02:54:52.000Z</Time>
            <Position>
              <LatitudeDegrees>-41.649499079212546</LatitudeDegrees>
              <LongitudeDegrees>145.96167108044028</LongitudeDegrees>
            </Position>
            <AltitudeMeters>1372.800048828125</AltitudeMeters>
            <DistanceMeters>7016.85986328125</DistanceMeters>
            <Extensions>
              <ns3:TPX>
                <ns3:Speed>1.4600000381469727</ns3:Speed>
              </ns3:TPX>
            </Extensions>
          </Trackpoint>
          <Trackpoint>
            <Time>2026-04-13T02:54:53.000Z</Time>
            <Position>
              <LatitudeDegrees>-41.64948667399585</LatitudeDegrees>
              <LongitudeDegrees>145.9616695716977</LongitudeDegrees>
            </Position>
            <AltitudeMeters>1372.800048828125</AltitudeMeters>
            <DistanceMeters>7018.259765625</DistanceMeters>
            <Extensions>
              <ns3:TPX>
                <ns3:Speed>1.409999966621399</ns3:Speed>
              </ns3:TPX>
            </Extensions>
          </Trackpoint>
          <Trackpoint>
            <Time>2026-04-13T02:54:54.000Z</Time>
            <Position>
              <LatitudeDegrees>-41.64947242476046</LatitudeDegrees>
              <LongitudeDegrees>145.9616687335074</LongitudeDegrees>
            </Position>
            <AltitudeMeters>1372.5999755859375</AltitudeMeters>
            <DistanceMeters>7019.8701171875</DistanceMeters>
            <Extensions>
              <ns3:TPX>
                <ns3:Speed>1.7300000190734863</ns3:Speed>
              </ns3:TPX>
            </Extensions>
          </Trackpoint>
          <Trackpoint>
            <Time>2026-04-13T02:55:05.000Z</Time>
            <Position>
              <LatitudeDegrees>-41.64932984858751</LatitudeDegrees>
              <LongitudeDegrees>145.9616689849645</LongitudeDegrees>
            </Position>
            <AltitudeMeters>1372.199951171875</AltitudeMeters>
            <DistanceMeters>7035.93017578125</DistanceMeters>
            <Extensions>
              <ns3:TPX>
                <ns3:Speed>1.559999942779541</ns3:Speed>
              </ns3:TPX>
            </Extensions>
          </Trackpoint>
          <Trackpoint>
            <Time>2026-04-13T02:55:06.000Z</Time>
            <Position>
              <LatitudeDegrees>-41.649315264075994</LatitudeDegrees>
              <LongitudeDegrees>145.96166814677417</LongitudeDegrees>
            </Position>
            <AltitudeMeters>1372.199951171875</AltitudeMeters>
            <DistanceMeters>7037.56982421875</DistanceMeters>
            <Extensions>
              <ns3:TPX>
                <ns3:Speed>1.590000033378601</ns3:Speed>
              </ns3:TPX>
            </Extensions>
          </Trackpoint>
          <Trackpoint>
            <Time>2026-04-13T02:55:07.000Z</Time>
            <Position>
              <LatitudeDegrees>-41.64930202066898</LatitudeDegrees>
              <LongitudeDegrees>145.96166999079287</LongitudeDegrees>
            </Position>
            <AltitudeMeters>1372.199951171875</AltitudeMeters>
            <DistanceMeters>7039.06982421875</DistanceMeters>
            <Extensions>
              <ns3:TPX>
                <ns3:Speed>1.3700000047683716</ns3:Speed>
              </ns3:TPX>
            </Extensions>
          </Trackpoint>
          <Trackpoint>
            <Time>2026-04-13T02:55:19.000Z</Time>
            <Position>
              <LatitudeDegrees>-41.64916564710438</LatitudeDegrees>
              <LongitudeDegrees>145.9617583360523</LongitudeDegrees>
            </Position>
            <AltitudeMeters>1372.199951171875</AltitudeMeters>
            <DistanceMeters>7056.1201171875</DistanceMeters>
            <Extensions>
              <ns3:TPX>
                <ns3:Speed>1.1799999475479126</ns3:Speed>
              </ns3:TPX>
            </Extensions>
          </Trackpoint>
          <Trackpoint>
            <Time>2026-04-13T02:55:30.000Z</Time>
            <Position>
              <LatitudeDegrees>-41.6491474583745</LatitudeDegrees>
              <LongitudeDegrees>145.96178247593343</LongitudeDegrees>
            </Position>
            <AltitudeMeters>1371.5999755859375</AltitudeMeters>
            <DistanceMeters>7059.0</DistanceMeters>
            <Extensions>
              <ns3:TPX>
                <ns3:Speed>0.23000000417232513</ns3:Speed>
              </ns3:TPX>
            </Extensions>
          </Trackpoint>
          <Trackpoint>
            <Time>2026-04-13T02:55:35.000Z</Time>
            <Position>
              <LatitudeDegrees>-41.64914796128869</LatitudeDegrees>
              <LongitudeDegrees>145.96178323030472</LongitudeDegrees>
            </Position>
            <AltitudeMeters>1368.199951171875</AltitudeMeters>
            <DistanceMeters>7059.08984375</DistanceMeters>
            <Extensions>
              <ns3:TPX>
                <ns3:Speed>0.0</ns3:Speed>
              </ns3:TPX>
            </Extensions>
          </Trackpoint>
          <Trackpoint>
            <Time>2026-04-13T02:55:43.000Z</Time>
            <Position>
              <LatitudeDegrees>-41.649149218574166</LatitudeDegrees>
              <LongitudeDegrees>145.9617876727134</LongitudeDegrees>
            </Position>
            <AltitudeMeters>1370.4000244140625</AltitudeMeters>
            <DistanceMeters>7059.490234375</DistanceMeters>
            <Extensions>
              <ns3:TPX>
                <ns3:Speed>0.0</ns3:Speed>
              </ns3:TPX>
            </Extensions>
          </Trackpoint>
          <Trackpoint>
            <Time>2026-04-13T02:56:07.000Z</Time>
            <Position>
              <LatitudeDegrees>-41.649149134755135</LatitudeDegrees>
              <LongitudeDegrees>145.96178784035146</LongitudeDegrees>
            </Position>
            <AltitudeMeters>1371.4000244140625</AltitudeMeters>
            <DistanceMeters>7059.52001953125</DistanceMeters>
            <Extensions>
              <ns3:TPX>
                <ns3:Speed>0.0</ns3:Speed>
              </ns3:TPX>
            </Extensions>
          </Trackpoint>
          <Trackpoint>
            <Time>2026-04-13T02:56:41.000Z</Time>
            <Position>
              <LatitudeDegrees>-41.64915139786899</LatitudeDegrees>
              <LongitudeDegrees>145.96179521642625</LongitudeDegrees>
            </Position>
            <AltitudeMeters>1372.0</AltitudeMeters>
            <DistanceMeters>7060.18994140625</DistanceMeters>
            <Extensions>
              <ns3:TPX>
                <ns3:Speed>0.0</ns3:Speed>
              </ns3:TPX>
            </Extensions>
          </Trackpoint>
          <Trackpoint>
            <Time>2026-04-13T02:57:12.000Z</Time>
            <Position>
              <LatitudeDegrees>-41.64915123023093</LatitudeDegrees>
              <LongitudeDegrees>145.96180066466331</LongitudeDegrees>
            </Position>
            <AltitudeMeters>1371.5999755859375</AltitudeMeters>
            <DistanceMeters>7060.64013671875</DistanceMeters>
            <Extensions>
              <ns3:TPX>
                <ns3:Speed>0.12999999523162842</ns3:Speed>
              </ns3:TPX>
            </Extensions>
          </Trackpoint>
          <Trackpoint>
            <Time>2026-04-13T02:57:40.000Z</Time>
            <Position>
              <LatitudeDegrees>-41.6491421777755</LatitudeDegrees>
              <LongitudeDegrees>145.96180334687233</LongitudeDegrees>
            </Position>
            <AltitudeMeters>1369.800048828125</AltitudeMeters>
            <DistanceMeters>7061.7001953125</DistanceMeters>
            <Extensions>
              <ns3:TPX>
                <ns3:Speed>0.0</ns3:Speed>
              </ns3:TPX>
            </Extensions>
          </Trackpoint>
          <Trackpoint>
            <Time>2026-04-13T02:58:19.000Z</Time>
            <Position>
              <LatitudeDegrees>-41.64913538843393</LatitudeDegrees>
              <LongitudeDegrees>145.96179597079754</LongitudeDegrees>
            </Position>
            <AltitudeMeters>1371.4000244140625</AltitudeMeters>
            <DistanceMeters>7062.68017578125</DistanceMeters>
            <Extensions>
              <ns3:TPX>
                <ns3:Speed>0.0</ns3:Speed>
              </ns3:TPX>
            </Extensions>
          </Trackpoint>
          <Trackpoint>
            <Time>2026-04-13T02:58:46.000Z</Time>
            <Position>
              <LatitudeDegrees>-41.649133460596204</LatitudeDegrees>
              <LongitudeDegrees>145.96180267632008</LongitudeDegrees>
            </Position>
            <AltitudeMeters>1373.4000244140625</AltitudeMeters>
            <DistanceMeters>7063.2900390625</DistanceMeters>
            <Extensions>
              <ns3:TPX>
                <ns3:Speed>0.0</ns3:Speed>
              </ns3:TPX>
            </Extensions>
          </Trackpoint>
          <Trackpoint>
            <Time>2026-04-13T02:59:17.000Z</Time>
            <Position>
              <LatitudeDegrees>-41.64913731627166</LatitudeDegrees>
              <LongitudeDegrees>145.96180678345263</LongitudeDegrees>
            </Position>
            <AltitudeMeters>1371.5999755859375</AltitudeMeters>
            <DistanceMeters>7063.83984375</DistanceMeters>
            <Extensions>
              <ns3:TPX>
                <ns3:Speed>0.0</ns3:Speed>
              </ns3:TPX>
            </Extensions>
          </Trackpoint>
          <Trackpoint>
            <Time>2026-04-13T02:59:43.000Z</Time>
            <Position>
              <LatitudeDegrees>-41.64913522079587</LatitudeDegrees>
              <LongitudeDegrees>145.96181214787066</LongitudeDegrees>
            </Position>
            <AltitudeMeters>1372.199951171875</AltitudeMeters>
            <DistanceMeters>7064.35986328125</DistanceMeters>
            <Extensions>
              <ns3:TPX>
                <ns3:Speed>0.0</ns3:Speed>
              </ns3:TPX>
            </Extensions>
          </Trackpoint>
          <Trackpoint>
            <Time>2026-04-13T02:59:49.000Z</Time>
            <Position>
              <LatitudeDegrees>-41.64913245476782</LatitudeDegrees>
              <LongitudeDegrees>145.96181365661323</LongitudeDegrees>
            </Position>
            <AltitudeMeters>1369.0</AltitudeMeters>
            <DistanceMeters>7064.7001953125</DistanceMeters>
            <Extensions>
              <ns3:TPX>
                <ns3:Speed>0.0</ns3:Speed>
              </ns3:TPX>
            </Extensions>
          </Trackpoint>
          <Trackpoint>
            <Time>2026-04-13T02:59:53.000Z</Time>
            <Position>
              <LatitudeDegrees>-41.649131029844284</LatitudeDegrees>
              <LongitudeDegrees>145.96181374043226</LongitudeDegrees>
            </Position>
            <AltitudeMeters>1370.5999755859375</AltitudeMeters>
            <DistanceMeters>7064.8701171875</DistanceMeters>
            <Extensions>
              <ns3:TPX>
                <ns3:Speed>0.15000000596046448</ns3:Speed>
              </ns3:TPX>
            </Extensions>
          </Trackpoint>
          <Trackpoint>
            <Time>2026-04-13T03:00:19.000Z</Time>
            <Position>
              <LatitudeDegrees>-41.64912633597851</LatitudeDegrees>
              <LongitudeDegrees>145.96181399188936</LongitudeDegrees>
            </Position>
            <AltitudeMeters>1372.800048828125</AltitudeMeters>
            <DistanceMeters>7065.39990234375</DistanceMeters>
            <Extensions>
              <ns3:TPX>
                <ns3:Speed>0.0</ns3:Speed>
              </ns3:TPX>
            </Extensions>
          </Trackpoint>
          <Trackpoint>
            <Time>2026-04-13T03:00:41.000Z</Time>
            <Position>
              <LatitudeDegrees>-41.649120384827256</LatitudeDegrees>
              <LongitudeDegrees>145.96181206405163</LongitudeDegrees>
            </Position>
            <AltitudeMeters>1372.4000244140625</AltitudeMeters>
            <DistanceMeters>7066.08984375</DistanceMeters>
            <Extensions>
              <ns3:TPX>
                <ns3:Speed>0.1599999964237213</ns3:Speed>
              </ns3:TPX>
            </Extensions>
          </Trackpoint>
          <Trackpoint>
            <Time>2026-04-13T03:01:11.000Z</Time>
            <Position>
              <LatitudeDegrees>-41.64912105537951</LatitudeDegrees>
              <LongitudeDegrees>145.96181139349937</LongitudeDegrees>
            </Position>
            <AltitudeMeters>1372.4000244140625</AltitudeMeters>
            <DistanceMeters>7066.18994140625</DistanceMeters>
            <Extensions>
              <ns3:TPX>
                <ns3:Speed>0.0</ns3:Speed>
              </ns3:TPX>
            </Extensions>
          </Trackpoint>
          <Trackpoint>
            <Time>2026-04-13T03:01:45.000Z</Time>
            <Position>
              <LatitudeDegrees>-41.64912457577884</LatitudeDegrees>
              <LongitudeDegrees>145.96180837601423</LongitudeDegrees>
            </Position>
            <AltitudeMeters>1373.5999755859375</AltitudeMeters>
            <DistanceMeters>7066.64990234375</DistanceMeters>
            <Extensions>
              <ns3:TPX>
                <ns3:Speed>0.15000000596046448</ns3:Speed>
              </ns3:TPX>
            </Extensions>
          </Trackpoint>
          <Trackpoint>
            <Time>2026-04-13T03:01:48.000Z</Time>
            <Position>
              <LatitudeDegrees>-41.649126252159476</LatitudeDegrees>
              <LongitudeDegrees>145.961807789281</LongitudeDegrees>
            </Position>
            <AltitudeMeters>1373.5999755859375</AltitudeMeters>
            <DistanceMeters>7066.85009765625</DistanceMeters>
            <Extensions>
              <ns3:TPX>
                <ns3:Speed>0.0</ns3:Speed>
              </ns3:TPX>
            </Extensions>
          </Trackpoint>
        </Track>
        <Extensions>
          <ns3:LX>
            <ns3:AvgSpeed>0.7741863413630523</ns3:AvgSpeed>
          </ns3:LX>
        </Extensions>
      </Lap>
      <Creator xsi:type="Device_t">
        <Name>GPSMAP 67i</Name>
        <UnitId>3489508799</UnitId>
        <ProductID>4336</ProductID>
        <Version>
          <VersionMajor>9</VersionMajor>
          <VersionMinor>38</VersionMinor>
          <BuildMajor>0</BuildMajor>
          <BuildMinor>0</BuildMinor>
        </Version>
      </Creator>
    </Activity>
  </Activities>
  <Author xsi:type="Application_t">
    <Name>Connect Api</Name>
    <Build>
      <Version>
        <VersionMajor>26</VersionMajor>
        <VersionMinor>9</VersionMinor>
        <BuildMajor>0</BuildMajor>
        <BuildMinor>0</BuildMinor>
      </Version>
    </Build>
    <LangID>en</LangID>
    <PartNumber>006-D2449-00</PartNumber>
  </Author>
</TrainingCenterDatabase>
